time_s,estimated_soc,estimated_v1_V
0.000000,1.000000,-0.023298
1.000000,0.993294,-0.024460
2.000000,0.987034,-0.025598
3.000000,0.988148,-0.022978
4.000000,0.987364,-0.021534
5.000000,0.987524,-0.019536
6.000000,0.985894,-0.018982
7.000000,0.986843,-0.016302
8.000000,0.987204,-0.014184
9.000000,0.986998,-0.012648
10.000000,0.987326,-0.010639
11.000000,0.986797,-0.009533
12.000000,0.986469,-0.008260
13.000000,0.986307,-0.006864
14.000000,0.985421,-0.006264
15.000000,0.986088,-0.004052
16.000000,0.986887,-0.001793
17.000000,0.986628,-0.000708
18.000000,0.986955,0.000935
19.000000,0.986941,0.002189
20.000000,0.987199,0.003664
21.000000,0.987001,0.004625
22.000000,0.986749,0.005493
23.000000,0.987277,0.007115
24.000000,0.987301,0.008171
25.000000,0.988093,0.009907
26.000000,0.988083,0.010827
27.000000,0.987717,0.011401
28.000000,0.988095,0.012617
29.000000,0.988224,0.013564
30.000000,0.988370,0.014488
31.000000,0.988586,0.015453
32.000000,0.988238,0.015885
33.000000,0.988045,0.016427
34.000000,0.987854,0.016949
35.000000,0.987378,0.017251
36.000000,0.987167,0.017749
37.000000,0.987330,0.018488
38.000000,0.987207,0.018983
39.000000,0.986738,0.019220
40.000000,0.986244,0.019452
41.000000,0.986431,0.020131
42.000000,0.986225,0.020524
43.000000,0.985920,0.020827
44.000000,0.985685,0.021174
45.000000,0.985236,0.021380
46.000000,0.985309,0.021886
47.000000,0.985046,0.022188
48.000000,0.985075,0.022632
49.000000,0.984870,0.022938
50.000000,0.984874,0.023334
51.000000,0.984687,0.023619
52.000000,0.984567,0.023930
53.000000,0.984430,0.024198
54.000000,0.984267,0.024455
55.000000,0.984060,0.024681
56.000000,0.983778,0.024862
57.000000,0.983770,0.025161
58.000000,0.983390,0.025309
59.000000,0.983138,0.025481
60.000000,0.982869,0.025660
61.000000,0.982656,0.025825
62.000000,0.982349,0.025963
63.000000,0.982122,0.026132
64.000000,0.981842,0.026281
65.000000,0.981422,0.026378
66.000000,0.981161,0.026527
67.000000,0.980796,0.026625
68.000000,0.980383,0.026704
69.000000,0.980139,0.026847
70.000000,0.979924,0.026983
71.000000,0.979713,0.027104
72.000000,0.979502,0.027221
73.000000,0.979085,0.027281
74.000000,0.978717,0.027367
75.000000,0.978619,0.027517
76.000000,0.978275,0.027605
77.000000,0.978064,0.027711
78.000000,0.977754,0.027796
79.000000,0.977497,0.027895
80.000000,0.977193,0.027971
81.000000,0.976969,0.028069
82.000000,0.976717,0.028146
83.000000,0.976424,0.028216
84.000000,0.976090,0.028275
85.000000,0.975850,0.028342
86.000000,0.975508,0.028405
87.000000,0.975274,0.028476
88.000000,0.975172,0.028571
89.000000,0.974985,0.028654
90.000000,0.974759,0.028726
91.000000,0.974481,0.028790
92.000000,0.974101,0.028829
93.000000,0.973760,0.028869
94.000000,0.973559,0.028931
95.000000,0.973250,0.028960
96.000000,0.972945,0.028991
97.000000,0.972669,0.029026
98.000000,0.972350,0.029058
99.000000,0.972018,0.029102
100.000000,0.971749,0.029139
101.000000,0.971442,0.029175
102.000000,0.971135,0.029227
103.000000,0.970834,0.029262
104.000000,0.970588,0.029312
105.000000,0.970312,0.029340
106.000000,0.970035,0.029375
107.000000,0.969796,0.029405
108.000000,0.969524,0.029436
109.000000,0.969238,0.029478
110.000000,0.968994,0.029495
111.000000,0.968751,0.029534
112.000000,0.968474,0.029567
113.000000,0.968206,0.029591
114.000000,0.967908,0.029603
115.000000,0.967602,0.029630
116.000000,0.967364,0.029654
117.000000,0.967109,0.029685
118.000000,0.966857,0.029712
119.000000,0.966591,0.029753
120.000000,0.966320,0.029774
121.000000,0.966076,0.029788
122.000000,0.965837,0.029813
123.000000,0.965597,0.029838
124.000000,0.965317,0.029872
125.000000,0.965089,0.029902
126.000000,0.964823,0.029924
127.000000,0.964564,0.029957
128.000000,0.964301,0.029962
129.000000,0.964034,0.029972
130.000000,0.963736,0.029978
131.000000,0.963482,0.029990
132.000000,0.963302,0.029995
133.000000,0.963011,0.030016
134.000000,0.962734,0.030028
135.000000,0.962446,0.030027
136.000000,0.962157,0.030031
137.000000,0.961927,0.030049
138.000000,0.961629,0.030070
139.000000,0.961336,0.030102
140.000000,0.961005,0.030141
141.000000,0.960704,0.030155
142.000000,0.960379,0.030154
143.000000,0.960127,0.030143
144.000000,0.959928,0.030157
145.000000,0.959642,0.030159
146.000000,0.959320,0.030164
147.000000,0.959069,0.030167
148.000000,0.958774,0.030175
149.000000,0.958529,0.030195
150.000000,0.958243,0.030205
151.000000,0.957949,0.030211
152.000000,0.957668,0.030209
153.000000,0.957414,0.030200
154.000000,0.957132,0.030204
155.000000,0.956844,0.030211
156.000000,0.956557,0.030237
157.000000,0.956249,0.030245
158.000000,0.955979,0.030261
159.000000,0.955658,0.030263
160.000000,0.955373,0.030257
161.000000,0.955116,0.030254
162.000000,0.954850,0.030253
163.000000,0.954580,0.030280
164.000000,0.954304,0.030278
165.000000,0.954051,0.030292
166.000000,0.953797,0.030288
167.000000,0.953527,0.030302
168.000000,0.953269,0.030311
169.000000,0.953008,0.030313
170.000000,0.952719,0.030318
171.000000,0.952414,0.030316
172.000000,0.952143,0.030324
173.000000,0.951877,0.030324
174.000000,0.951624,0.030316
175.000000,0.951330,0.030308
176.000000,0.951033,0.030314
177.000000,0.950760,0.030334
178.000000,0.950480,0.030339
179.000000,0.950163,0.030342
180.000000,0.949893,0.030348
181.000000,0.949574,0.030365
182.000000,0.949277,0.030370
183.000000,0.949028,0.030368
184.000000,0.948783,0.030381
185.000000,0.948481,0.030388
186.000000,0.948193,0.030405
187.000000,0.947914,0.030408
188.000000,0.947673,0.030397
189.000000,0.947390,0.030385
190.000000,0.947100,0.030404
191.000000,0.946846,0.030422
192.000000,0.946561,0.030421
193.000000,0.946298,0.030418
194.000000,0.945987,0.030434
195.000000,0.945709,0.030423
196.000000,0.945403,0.030416
197.000000,0.945104,0.030424
198.000000,0.944842,0.030420
199.000000,0.944563,0.030421
200.000000,0.944280,0.030421
201.000000,0.943989,0.030425
202.000000,0.943703,0.030440
203.000000,0.943431,0.030441
204.000000,0.943166,0.030447
205.000000,0.942849,0.030428
206.000000,0.942557,0.030428
207.000000,0.942283,0.030421
208.000000,0.942006,0.030410
209.000000,0.941737,0.030402
210.000000,0.941465,0.030400
211.000000,0.941178,0.030411
212.000000,0.940895,0.030399
213.000000,0.940613,0.030401
214.000000,0.940354,0.030397
215.000000,0.940065,0.030396
216.000000,0.939784,0.030408
217.000000,0.939508,0.030414
218.000000,0.939250,0.030427
219.000000,0.938967,0.030427
220.000000,0.938705,0.030420
221.000000,0.938446,0.030418
222.000000,0.938166,0.030422
223.000000,0.937883,0.030424
224.000000,0.937603,0.030414
225.000000,0.937320,0.030417
226.000000,0.937055,0.030419
227.000000,0.936774,0.030445
228.000000,0.936493,0.030463
229.000000,0.936200,0.030455
230.000000,0.935907,0.030452
231.000000,0.935664,0.030437
232.000000,0.935384,0.030431
233.000000,0.935094,0.030435
234.000000,0.934832,0.030447
235.000000,0.934559,0.030439
236.000000,0.934289,0.030433
237.000000,0.934014,0.030412
238.000000,0.933730,0.030412
239.000000,0.933451,0.030403
240.000000,0.933154,0.030400
241.000000,0.932876,0.030393
242.000000,0.932600,0.030394
243.000000,0.932351,0.030377
244.000000,0.932078,0.030365
245.000000,0.931760,0.030390
246.000000,0.931483,0.030379
247.000000,0.931244,0.030369
248.000000,0.930973,0.030389
249.000000,0.930674,0.030420
250.000000,0.930406,0.030409
251.000000,0.930118,0.030407
252.000000,0.929821,0.030412
253.000000,0.929533,0.030431
254.000000,0.929257,0.030421
255.000000,0.928955,0.030421
256.000000,0.928660,0.030430
257.000000,0.928380,0.030435
258.000000,0.928096,0.030432
259.000000,0.927822,0.030431
260.000000,0.927532,0.030418
261.000000,0.927262,0.030416
262.000000,0.926969,0.030415
263.000000,0.926710,0.030418
264.000000,0.926412,0.030414
265.000000,0.926119,0.030420
266.000000,0.925842,0.030431
267.000000,0.925583,0.030432
268.000000,0.925307,0.030436
269.000000,0.925035,0.030436
270.000000,0.924756,0.030437
271.000000,0.924466,0.030430
272.000000,0.924181,0.030434
273.000000,0.923889,0.030434
274.000000,0.923590,0.030456
275.000000,0.923312,0.030471
276.000000,0.923019,0.030474
277.000000,0.922745,0.030466
278.000000,0.922455,0.030455
279.000000,0.922177,0.030466
280.000000,0.921892,0.030468
281.000000,0.921627,0.030472
282.000000,0.921357,0.030453
283.000000,0.921090,0.030462
284.000000,0.920801,0.030466
285.000000,0.920525,0.030454
286.000000,0.920237,0.030450
287.000000,0.919953,0.030453
288.000000,0.919671,0.030453
289.000000,0.919385,0.030450
290.000000,0.919093,0.030450
291.000000,0.918800,0.030448
292.000000,0.918496,0.030451
293.000000,0.918200,0.030465
294.000000,0.917936,0.030439
295.000000,0.917641,0.030438
296.000000,0.917347,0.030441
297.000000,0.917087,0.030443
298.000000,0.916802,0.030439
299.000000,0.916531,0.030422
300.000000,0.916259,0.030426
301.000000,0.915982,0.030443
302.000000,0.915692,0.030429
303.000000,0.915409,0.030438
304.000000,0.915114,0.030436
305.000000,0.914860,0.030434
306.000000,0.914568,0.030425
307.000000,0.914280,0.030423
308.000000,0.913988,0.030437
309.000000,0.913693,0.030444
310.000000,0.913424,0.030460
311.000000,0.913167,0.030470
312.000000,0.912883,0.030474
313.000000,0.912586,0.030490
314.000000,0.912285,0.030494
315.000000,0.912001,0.030501
316.000000,0.911721,0.030496
317.000000,0.911436,0.030496
318.000000,0.911162,0.030487
319.000000,0.910884,0.030495
320.000000,0.910612,0.030482
321.000000,0.910328,0.030488
322.000000,0.910040,0.030486
323.000000,0.909765,0.030495
324.000000,0.909486,0.030501
325.000000,0.909211,0.030517
326.000000,0.908938,0.030521
327.000000,0.908650,0.030504
328.000000,0.908358,0.030502
329.000000,0.908075,0.030489
330.000000,0.907789,0.030483
331.000000,0.907514,0.030496
332.000000,0.907236,0.030500
333.000000,0.906970,0.030491
334.000000,0.906698,0.030479
335.000000,0.906421,0.030478
336.000000,0.906156,0.030465
337.000000,0.905884,0.030457
338.000000,0.905605,0.030460
339.000000,0.905337,0.030470
340.000000,0.905057,0.030475
341.000000,0.904782,0.030451
342.000000,0.904495,0.030455
343.000000,0.904223,0.030455
344.000000,0.903954,0.030458
345.000000,0.903670,0.030473
346.000000,0.903408,0.030451
347.000000,0.903114,0.030446
348.000000,0.902832,0.030452
349.000000,0.902558,0.030436
350.000000,0.902269,0.030451
351.000000,0.902010,0.030453
352.000000,0.901728,0.030461
353.000000,0.901448,0.030455
354.000000,0.901167,0.030463
355.000000,0.900868,0.030474
356.000000,0.900582,0.030476
357.000000,0.900311,0.030476
358.000000,0.900026,0.030478
359.000000,0.899745,0.030469
360.000000,0.899469,0.030466
361.000000,0.899192,0.030464
362.000000,0.898911,0.030467
363.000000,0.898626,0.030476
364.000000,0.898347,0.030465
365.000000,0.898064,0.030463
366.000000,0.897775,0.030478
367.000000,0.897493,0.030470
368.000000,0.897212,0.030461
369.000000,0.896927,0.030463
370.000000,0.896638,0.030472
371.000000,0.896358,0.030471
372.000000,0.896074,0.030483
373.000000,0.895796,0.030490
374.000000,0.895510,0.030497
375.000000,0.895229,0.030500
376.000000,0.894942,0.030521
377.000000,0.894660,0.030517
378.000000,0.894387,0.030495
379.000000,0.894104,0.030509
380.000000,0.893825,0.030502
381.000000,0.893543,0.030501
382.000000,0.893257,0.030513
383.000000,0.892976,0.030495
384.000000,0.892695,0.030482
385.000000,0.892417,0.030465
386.000000,0.892134,0.030457
387.000000,0.891853,0.030461
388.000000,0.891574,0.030465
389.000000,0.891289,0.030468
390.000000,0.891013,0.030453
391.000000,0.890735,0.030431
392.000000,0.890452,0.030432
393.000000,0.890170,0.030428
394.000000,0.889890,0.030433
395.000000,0.889605,0.030440
396.000000,0.889326,0.030442
397.000000,0.889042,0.030449
398.000000,0.888758,0.030452
399.000000,0.888472,0.030457
400.000000,0.888193,0.030450
401.000000,0.887916,0.030448
402.000000,0.887635,0.030450
403.000000,0.887358,0.030457
404.000000,0.887083,0.030452
405.000000,0.886799,0.030457
406.000000,0.886518,0.030454
407.000000,0.886238,0.030453
408.000000,0.885952,0.030461
409.000000,0.885680,0.030440
410.000000,0.885403,0.030428
411.000000,0.885127,0.030414
412.000000,0.884854,0.030392
413.000000,0.884580,0.030386
414.000000,0.884297,0.030395
415.000000,0.884017,0.030394
416.000000,0.883740,0.030397
417.000000,0.883459,0.030409
418.000000,0.883173,0.030424
419.000000,0.882892,0.030424
420.000000,0.882608,0.030438
421.000000,0.882327,0.030439
422.000000,0.882044,0.030431
423.000000,0.881760,0.030427
424.000000,0.881480,0.030413
425.000000,0.881198,0.030406
426.000000,0.880916,0.030404
427.000000,0.880635,0.030413
428.000000,0.880348,0.030431
429.000000,0.880071,0.030418
430.000000,0.879785,0.030423
431.000000,0.879505,0.030414
432.000000,0.879225,0.030420
433.000000,0.878946,0.030419
434.000000,0.878667,0.030402
435.000000,0.878384,0.030413
436.000000,0.878111,0.030407
437.000000,0.877832,0.030403
438.000000,0.877551,0.030394
439.000000,0.877271,0.030390
440.000000,0.876989,0.030396
441.000000,0.876708,0.030396
442.000000,0.876426,0.030400
443.000000,0.876139,0.030406
444.000000,0.875852,0.030421
445.000000,0.875571,0.030418
446.000000,0.875293,0.030405
447.000000,0.875007,0.030417
448.000000,0.874727,0.030415
449.000000,0.874443,0.030427
450.000000,0.874163,0.030431
451.000000,0.873882,0.030430
452.000000,0.873602,0.030434
453.000000,0.873314,0.030454
454.000000,0.873029,0.030474
455.000000,0.872749,0.030473
456.000000,0.872470,0.030474
457.000000,0.872188,0.030483
458.000000,0.871911,0.030473
459.000000,0.871629,0.030476
460.000000,0.871349,0.030474
461.000000,0.871070,0.030476
462.000000,0.870789,0.030467
463.000000,0.870510,0.030451
464.000000,0.870235,0.030431
465.000000,0.869958,0.030420
466.000000,0.869676,0.030417
467.000000,0.869395,0.030415
468.000000,0.869109,0.030435
469.000000,0.868818,0.030447
470.000000,0.868539,0.030438
471.000000,0.868256,0.030441
472.000000,0.867976,0.030438
473.000000,0.867700,0.030435
474.000000,0.867414,0.030437
475.000000,0.867129,0.030444
476.000000,0.866841,0.030442
477.000000,0.866555,0.030453
478.000000,0.866276,0.030441
479.000000,0.865994,0.030442
480.000000,0.865709,0.030467
481.000000,0.865430,0.030468
482.000000,0.865145,0.030482
483.000000,0.864863,0.030481
484.000000,0.864583,0.030486
485.000000,0.864303,0.030484
486.000000,0.864019,0.030481
487.000000,0.863735,0.030473
488.000000,0.863451,0.030477
489.000000,0.863175,0.030467
490.000000,0.862900,0.030472
491.000000,0.862616,0.030482
492.000000,0.862331,0.030484
493.000000,0.862047,0.030481
494.000000,0.861767,0.030484
495.000000,0.861481,0.030480
496.000000,0.861199,0.030488
497.000000,0.860926,0.030469
498.000000,0.860647,0.030464
499.000000,0.860370,0.030444
500.000000,0.860095,0.030429
501.000000,0.860089,0.029460
502.000000,0.860081,0.028518
503.000000,0.860085,0.027590
504.000000,0.860084,0.026685
505.000000,0.860092,0.025796
506.000000,0.860083,0.024960
507.000000,0.860077,0.024180
508.000000,0.860077,0.023405
509.000000,0.860075,0.022647
510.000000,0.860072,0.021924
511.000000,0.860075,0.021204
512.000000,0.860071,0.020521
513.000000,0.860069,0.019863
514.000000,0.860063,0.019226
515.000000,0.860056,0.018619
516.000000,0.860055,0.018026
517.000000,0.860053,0.017456
518.000000,0.860050,0.016892
519.000000,0.860042,0.016362
520.000000,0.860032,0.015856
521.000000,0.860034,0.015341
522.000000,0.860030,0.014844
523.000000,0.860024,0.014385
524.000000,0.860024,0.013926
525.000000,0.860016,0.013498
526.000000,0.860018,0.013065
527.000000,0.860009,0.012666
528.000000,0.860005,0.012267
529.000000,0.859998,0.011882
530.000000,0.859994,0.011522
531.000000,0.859989,0.011156
532.000000,0.859990,0.010795
533.000000,0.859988,0.010452
534.000000,0.859980,0.010129
535.000000,0.859979,0.009796
536.000000,0.859978,0.009495
537.000000,0.859977,0.009193
538.000000,0.859968,0.008918
539.000000,0.859972,0.008617
540.000000,0.859970,0.008341
541.000000,0.859982,0.008064
542.000000,0.859982,0.007806
543.000000,0.859977,0.007568
544.000000,0.859979,0.007332
545.000000,0.859970,0.007104
546.000000,0.859968,0.006885
547.000000,0.859970,0.006675
548.000000,0.859969,0.006461
549.000000,0.859959,0.006271
550.000000,0.859953,0.006087
551.000000,0.859953,0.005905
552.000000,0.859949,0.005731
553.000000,0.859943,0.005561
554.000000,0.859932,0.005414
555.000000,0.859927,0.005250
556.000000,0.859926,0.005090
557.000000,0.859929,0.004930
558.000000,0.859932,0.004772
559.000000,0.859933,0.004618
560.000000,0.859928,0.004473
561.000000,0.859921,0.004341
562.000000,0.859919,0.004216
563.000000,0.859911,0.004094
564.000000,0.859910,0.003967
565.000000,0.859905,0.003860
566.000000,0.859896,0.003756
567.000000,0.859890,0.003646
568.000000,0.859889,0.003535
569.000000,0.859885,0.003439
570.000000,0.859885,0.003342
571.000000,0.859887,0.003233
572.000000,0.859885,0.003140
573.000000,0.859878,0.003055
574.000000,0.859874,0.002961
575.000000,0.859869,0.002881
576.000000,0.859871,0.002786
577.000000,0.859866,0.002723
578.000000,0.859852,0.002661
579.000000,0.859848,0.002586
580.000000,0.859847,0.002519
581.000000,0.859850,0.002428
582.000000,0.859846,0.002352
583.000000,0.859851,0.002286
584.000000,0.859851,0.002215
585.000000,0.859847,0.002164
586.000000,0.859839,0.002127
587.000000,0.859838,0.002060
588.000000,0.859835,0.001999
589.000000,0.859838,0.001950
590.000000,0.859833,0.001916
591.000000,0.859836,0.001855
592.000000,0.859834,0.001811
593.000000,0.859822,0.001785
594.000000,0.859828,0.001724
595.000000,0.859825,0.001670
596.000000,0.859824,0.001626
597.000000,0.859818,0.001583
598.000000,0.859806,0.001554
599.000000,0.859803,0.001520
600.000000,0.859802,0.001468
601.000000,0.859514,0.002424
602.000000,0.859236,0.003336
603.000000,0.858958,0.004237
604.000000,0.858683,0.005089
605.000000,0.858403,0.005915
606.000000,0.858121,0.006724
607.000000,0.857840,0.007509
608.000000,0.857562,0.008265
609.000000,0.857284,0.008976
610.000000,0.857002,0.009685
611.000000,0.856725,0.010355
612.000000,0.856445,0.011016
613.000000,0.856167,0.011639
614.000000,0.855885,0.012260
615.000000,0.855610,0.012848
616.000000,0.855336,0.013411
617.000000,0.855055,0.013977
618.000000,0.854779,0.014518
619.000000,0.854498,0.015035
620.000000,0.854218,0.015553
621.000000,0.853940,0.016037
622.000000,0.853669,0.016508
623.000000,0.853384,0.016969
624.000000,0.853103,0.017405
625.000000,0.852822,0.017837
626.000000,0.852543,0.018245
627.000000,0.852270,0.018640
628.000000,0.851983,0.019040
629.000000,0.851707,0.019404
630.000000,0.851437,0.019742
631.000000,0.851154,0.020108
632.000000,0.850863,0.020472
633.000000,0.850587,0.020795
634.000000,0.850315,0.021092
635.000000,0.850037,0.021395
636.000000,0.849757,0.021689
637.000000,0.849478,0.021974
638.000000,0.849200,0.022241
639.000000,0.848919,0.022515
640.000000,0.848637,0.022780
641.000000,0.848357,0.023017
642.000000,0.848071,0.023268
643.000000,0.847783,0.023524
644.000000,0.847502,0.023752
645.000000,0.847222,0.023969
646.000000,0.846942,0.024179
647.000000,0.846661,0.024391
648.000000,0.846383,0.024573
649.000000,0.846106,0.024766
650.000000,0.845825,0.024949
651.000000,0.845538,0.025147
652.000000,0.845259,0.025319
653.000000,0.844968,0.025504
654.000000,0.844688,0.025656
655.000000,0.844408,0.025818
656.000000,0.844121,0.025974
657.000000,0.843846,0.026111
658.000000,0.843569,0.026254
659.000000,0.843284,0.026404
660.000000,0.843005,0.026533
661.000000,0.842732,0.026644
662.000000,0.842450,0.026769
663.000000,0.842174,0.026880
664.000000,0.841892,0.026994
665.000000,0.841610,0.027107
666.000000,0.841331,0.027200
667.000000,0.841055,0.027290
668.000000,0.840777,0.027398
669.000000,0.840496,0.027493
670.000000,0.840219,0.027565
671.000000,0.839932,0.027667
672.000000,0.839652,0.027761
673.000000,0.839378,0.027841
674.000000,0.839102,0.027914
675.000000,0.838818,0.028005
676.000000,0.838539,0.028088
677.000000,0.838251,0.028189
678.000000,0.837968,0.028267
679.000000,0.837683,0.028343
680.000000,0.837407,0.028409
681.000000,0.837116,0.028485
682.000000,0.836836,0.028555
683.000000,0.836550,0.028630
684.000000,0.836269,0.028684
685.000000,0.835995,0.028737
686.000000,0.835713,0.028789
687.000000,0.835428,0.028851
688.000000,0.835143,0.028918
689.000000,0.834864,0.028964
690.000000,0.834583,0.029008
691.000000,0.834297,0.029059
692.000000,0.834014,0.029102
693.000000,0.833734,0.029155
694.000000,0.833460,0.029175
695.000000,0.833183,0.029209
696.000000,0.832903,0.029242
697.000000,0.832626,0.029259
698.000000,0.832353,0.029287
699.000000,0.832074,0.029316
700.000000,0.831793,0.029352
701.000000,0.831512,0.029398
702.000000,0.831230,0.029430
703.000000,0.830950,0.029454
704.000000,0.830669,0.029486
705.000000,0.830385,0.029527
706.000000,0.830108,0.029548
707.000000,0.829836,0.029567
708.000000,0.829555,0.029602
709.000000,0.829267,0.029628
710.000000,0.828986,0.029661
711.000000,0.828705,0.029687
712.000000,0.828422,0.029718
713.000000,0.828145,0.029732
714.000000,0.827864,0.029755
715.000000,0.827583,0.029776
716.000000,0.827308,0.029786
717.000000,0.827030,0.029792
718.000000,0.826744,0.029821
719.000000,0.826473,0.029836
720.000000,0.826193,0.029847
721.000000,0.825913,0.029865
722.000000,0.825624,0.029896
723.000000,0.825350,0.029892
724.000000,0.825070,0.029895
725.000000,0.824790,0.029905
726.000000,0.824509,0.029936
727.000000,0.824229,0.029955
728.000000,0.823947,0.029979
729.000000,0.823664,0.029984
730.000000,0.823392,0.029987
731.000000,0.823106,0.030007
732.000000,0.822830,0.030021
733.000000,0.822551,0.030040
734.000000,0.822272,0.030051
735.000000,0.821988,0.030067
736.000000,0.821707,0.030081
737.000000,0.821423,0.030101
738.000000,0.821140,0.030120
739.000000,0.820862,0.030115
740.000000,0.820582,0.030105
741.000000,0.820302,0.030125
742.000000,0.820017,0.030147
743.000000,0.819738,0.030147
744.000000,0.819460,0.030139
745.000000,0.819180,0.030150
746.000000,0.818894,0.030169
747.000000,0.818602,0.030197
748.000000,0.818321,0.030210
749.000000,0.818042,0.030214
750.000000,0.817764,0.030213
751.000000,0.817479,0.030221
752.000000,0.817199,0.030225
753.000000,0.816917,0.030223
754.000000,0.816628,0.030251
755.000000,0.816340,0.030275
756.000000,0.816058,0.030291
757.000000,0.815779,0.030288
758.000000,0.815495,0.030301
759.000000,0.815218,0.030312
760.000000,0.814938,0.030320
761.000000,0.814654,0.030336
762.000000,0.814371,0.030346
763.000000,0.814086,0.030357
764.000000,0.813797,0.030367
765.000000,0.813518,0.030373
766.000000,0.813244,0.030357
767.000000,0.812962,0.030361
768.000000,0.812683,0.030358
769.000000,0.812408,0.030348
770.000000,0.812118,0.030369
771.000000,0.811831,0.030388
772.000000,0.811543,0.030404
773.000000,0.811267,0.030407
774.000000,0.810985,0.030421
775.000000,0.810698,0.030423
776.000000,0.810412,0.030426
777.000000,0.810134,0.030416
778.000000,0.809851,0.030421
779.000000,0.809566,0.030423
780.000000,0.809295,0.030410
781.000000,0.809015,0.030411
782.000000,0.808736,0.030411
783.000000,0.808448,0.030430
784.000000,0.808167,0.030439
785.000000,0.807886,0.030439
786.000000,0.807603,0.030442
787.000000,0.807324,0.030442
788.000000,0.807039,0.030441
789.000000,0.806766,0.030430
790.000000,0.806487,0.030429
791.000000,0.806212,0.030422
792.000000,0.805931,0.030411
793.000000,0.805646,0.030417
794.000000,0.805361,0.030422
795.000000,0.805086,0.030405
796.000000,0.804806,0.030405
797.000000,0.804521,0.030417
798.000000,0.804235,0.030428
799.000000,0.803947,0.030440
800.000000,0.803666,0.030440
801.000000,0.803386,0.030432
802.000000,0.803107,0.030422
803.000000,0.802830,0.030426
804.000000,0.802548,0.030430
805.000000,0.802268,0.030443
806.000000,0.801982,0.030454
807.000000,0.801702,0.030452
808.000000,0.801425,0.030440
809.000000,0.801140,0.030437
810.000000,0.800863,0.030439
811.000000,0.800583,0.030437
812.000000,0.800306,0.030432
813.000000,0.800022,0.030435
814.000000,0.799742,0.030430
815.000000,0.799461,0.030425
816.000000,0.799182,0.030428
817.000000,0.798903,0.030425
818.000000,0.798623,0.030428
819.000000,0.798344,0.030430
820.000000,0.798070,0.030419
821.000000,0.797792,0.030415
822.000000,0.797503,0.030431
823.000000,0.797224,0.030420
824.000000,0.796946,0.030401
825.000000,0.796672,0.030383
826.000000,0.796391,0.030386
827.000000,0.796107,0.030389
828.000000,0.795826,0.030389
829.000000,0.795537,0.030404
830.000000,0.795263,0.030379
831.000000,0.794977,0.030385
832.000000,0.794693,0.030403
833.000000,0.794416,0.030393
834.000000,0.794141,0.030390
835.000000,0.793865,0.030384
836.000000,0.793585,0.030378
837.000000,0.793307,0.030376
838.000000,0.793019,0.030393
839.000000,0.792730,0.030413
840.000000,0.792451,0.030411
841.000000,0.792159,0.030432
842.000000,0.791878,0.030432
843.000000,0.791590,0.030450
844.000000,0.791310,0.030449
845.000000,0.791026,0.030451
846.000000,0.790745,0.030454
847.000000,0.790455,0.030485
848.000000,0.790176,0.030491
849.000000,0.789897,0.030483
850.000000,0.789611,0.030492
851.000000,0.789331,0.030487
852.000000,0.789048,0.030481
853.000000,0.788766,0.030489
854.000000,0.788486,0.030487
855.000000,0.788211,0.030488
856.000000,0.787928,0.030487
857.000000,0.787646,0.030489
858.000000,0.787362,0.030492
859.000000,0.787087,0.030471
860.000000,0.786806,0.030477
861.000000,0.786527,0.030466
862.000000,0.786253,0.030451
863.000000,0.785971,0.030450
864.000000,0.785692,0.030450
865.000000,0.785415,0.030443
866.000000,0.785131,0.030451
867.000000,0.784853,0.030438
868.000000,0.784580,0.030433
869.000000,0.784298,0.030428
870.000000,0.784018,0.030428
871.000000,0.783735,0.030432
872.000000,0.783461,0.030422
873.000000,0.783181,0.030429
874.000000,0.782898,0.030431
875.000000,0.782623,0.030412
876.000000,0.782348,0.030394
877.000000,0.782066,0.030396
878.000000,0.781788,0.030395
879.000000,0.781508,0.030396
880.000000,0.781228,0.030397
881.000000,0.780946,0.030401
882.000000,0.780664,0.030411
883.000000,0.780386,0.030401
884.000000,0.780109,0.030391
885.000000,0.779829,0.030383
886.000000,0.779552,0.030387
887.000000,0.779265,0.030401
888.000000,0.778986,0.030398
889.000000,0.778711,0.030375
890.000000,0.778439,0.030360
891.000000,0.778158,0.030355
892.000000,0.777877,0.030353
893.000000,0.777595,0.030352
894.000000,0.777314,0.030356
895.000000,0.777031,0.030356
896.000000,0.776746,0.030370
897.000000,0.776461,0.030366
898.000000,0.776183,0.030360
899.000000,0.775899,0.030368
900.000000,0.775619,0.030356
901.000000,0.775340,0.030362
902.000000,0.775055,0.030367
903.000000,0.774777,0.030367
904.000000,0.774490,0.030386
905.000000,0.774215,0.030381
906.000000,0.773930,0.030403
907.000000,0.773647,0.030403
908.000000,0.773367,0.030392
909.000000,0.773088,0.030394
910.000000,0.772809,0.030385
911.000000,0.772530,0.030380
912.000000,0.772251,0.030385
913.000000,0.771967,0.030393
914.000000,0.771688,0.030389
915.000000,0.771407,0.030400
916.000000,0.771125,0.030412
917.000000,0.770840,0.030428
918.000000,0.770557,0.030434
919.000000,0.770268,0.030448
920.000000,0.769989,0.030430
921.000000,0.769710,0.030427
922.000000,0.769431,0.030419
923.000000,0.769150,0.030421
924.000000,0.768874,0.030416
925.000000,0.768590,0.030416
926.000000,0.768304,0.030435
927.000000,0.768024,0.030434
928.000000,0.767740,0.030439
929.000000,0.767463,0.030436
930.000000,0.767185,0.030437
931.000000,0.766905,0.030437
932.000000,0.766628,0.030441
933.000000,0.766340,0.030453
934.000000,0.766054,0.030469
935.000000,0.765774,0.030471
936.000000,0.765489,0.030476
937.000000,0.765212,0.030464
938.000000,0.764928,0.030463
939.000000,0.764647,0.030471
940.000000,0.764367,0.030478
941.000000,0.764086,0.030479
942.000000,0.763798,0.030488
943.000000,0.763513,0.030491
944.000000,0.763231,0.030501
945.000000,0.762949,0.030502
946.000000,0.762662,0.030498
947.000000,0.762383,0.030499
948.000000,0.762111,0.030468
949.000000,0.761827,0.030472
950.000000,0.761559,0.030435
951.000000,0.761281,0.030418
952.000000,0.760997,0.030424
953.000000,0.760716,0.030429
954.000000,0.760443,0.030418
955.000000,0.760168,0.030411
956.000000,0.759884,0.030425
957.000000,0.759606,0.030421
958.000000,0.759321,0.030443
959.000000,0.759037,0.030444
960.000000,0.758757,0.030448
961.000000,0.758470,0.030464
962.000000,0.758190,0.030464
963.000000,0.757911,0.030454
964.000000,0.757632,0.030452
965.000000,0.757351,0.030452
966.000000,0.757066,0.030439
967.000000,0.756786,0.030437
968.000000,0.756510,0.030430
969.000000,0.756227,0.030439
970.000000,0.755946,0.030440
971.000000,0.755670,0.030436
972.000000,0.755391,0.030435
973.000000,0.755111,0.030438
974.000000,0.754831,0.030444
975.000000,0.754554,0.030434
976.000000,0.754273,0.030424
977.000000,0.753983,0.030437
978.000000,0.753702,0.030433
979.000000,0.753427,0.030419
980.000000,0.753144,0.030425
981.000000,0.752864,0.030430
982.000000,0.752588,0.030415
983.000000,0.752310,0.030418
984.000000,0.752026,0.030426
985.000000,0.751746,0.030430
986.000000,0.751465,0.030436
987.000000,0.751192,0.030422
988.000000,0.750905,0.030427
989.000000,0.750624,0.030425
990.000000,0.750347,0.030420
991.000000,0.750068,0.030429
992.000000,0.749784,0.030444
993.000000,0.749498,0.030462
994.000000,0.749215,0.030474
995.000000,0.748937,0.030471
996.000000,0.748654,0.030474
997.000000,0.748372,0.030481
998.000000,0.748094,0.030480
999.000000,0.747818,0.030480
1000.000000,0.747537,0.030486
1001.000000,0.747257,0.030484
1002.000000,0.746978,0.030476
1003.000000,0.746700,0.030470
1004.000000,0.746417,0.030476
1005.000000,0.746137,0.030475
1006.000000,0.745852,0.030478
1007.000000,0.745573,0.030483
1008.000000,0.745290,0.030478
1009.000000,0.745007,0.030485
1010.000000,0.744725,0.030487
1011.000000,0.744453,0.030473
1012.000000,0.744167,0.030486
1013.000000,0.743886,0.030480
1014.000000,0.743608,0.030463
1015.000000,0.743334,0.030451
1016.000000,0.743049,0.030442
1017.000000,0.742766,0.030443
1018.000000,0.742493,0.030439
1019.000000,0.742214,0.030436
1020.000000,0.741929,0.030443
1021.000000,0.741647,0.030446
1022.000000,0.741366,0.030449
1023.000000,0.741086,0.030453
1024.000000,0.740809,0.030458
1025.000000,0.740535,0.030437
1026.000000,0.740253,0.030434
1027.000000,0.739981,0.030412
1028.000000,0.739698,0.030414
1029.000000,0.739414,0.030415
1030.000000,0.739126,0.030427
1031.000000,0.738838,0.030440
1032.000000,0.738554,0.030442
1033.000000,0.738272,0.030438
1034.000000,0.737991,0.030443
1035.000000,0.737708,0.030438
1036.000000,0.737419,0.030440
1037.000000,0.737133,0.030450
1038.000000,0.736853,0.030444
1039.000000,0.736568,0.030453
1040.000000,0.736290,0.030458
1041.000000,0.736010,0.030449
1042.000000,0.735729,0.030458
1043.000000,0.735446,0.030464
1044.000000,0.735165,0.030465
1045.000000,0.734884,0.030457
1046.000000,0.734606,0.030448
1047.000000,0.734324,0.030443
1048.000000,0.734043,0.030448
1049.000000,0.733764,0.030439
1050.000000,0.733479,0.030444
1051.000000,0.733205,0.030431
1052.000000,0.732926,0.030429
1053.000000,0.732644,0.030431
1054.000000,0.732356,0.030456
1055.000000,0.732079,0.030442
1056.000000,0.731792,0.030457
1057.000000,0.731511,0.030458
1058.000000,0.731228,0.030461
1059.000000,0.730945,0.030462
1060.000000,0.730658,0.030467
1061.000000,0.730377,0.030465
1062.000000,0.730094,0.030478
1063.000000,0.729813,0.030473
1064.000000,0.729536,0.030482
1065.000000,0.729259,0.030474
1066.000000,0.728982,0.030472
1067.000000,0.728706,0.030460
1068.000000,0.728429,0.030463
1069.000000,0.728143,0.030477
1070.000000,0.727855,0.030476
1071.000000,0.727574,0.030474
1072.000000,0.727298,0.030462
1073.000000,0.727018,0.030459
1074.000000,0.726742,0.030442
1075.000000,0.726468,0.030433
1076.000000,0.726188,0.030435
1077.000000,0.725906,0.030448
1078.000000,0.725615,0.030476
1079.000000,0.725333,0.030470
1080.000000,0.725052,0.030482
1081.000000,0.724771,0.030484
1082.000000,0.724489,0.030481
1083.000000,0.724206,0.030484
1084.000000,0.723923,0.030484
1085.000000,0.723641,0.030484
1086.000000,0.723357,0.030479
1087.000000,0.723077,0.030465
1088.000000,0.722800,0.030449
1089.000000,0.722516,0.030456
1090.000000,0.722239,0.030452
1091.000000,0.721960,0.030446
1092.000000,0.721680,0.030446
1093.000000,0.721396,0.030454
1094.000000,0.721114,0.030455
1095.000000,0.720836,0.030448
1096.000000,0.720554,0.030460
1097.000000,0.720269,0.030475
1098.000000,0.719990,0.030478
1099.000000,0.719707,0.030487
1100.000000,0.719425,0.030497
1101.000000,0.719418,0.029523
1102.000000,0.719408,0.028577
1103.000000,0.719405,0.027660
1104.000000,0.719402,0.026773
1105.000000,0.719404,0.025899
1106.000000,0.719400,0.025071
1107.000000,0.719400,0.024250
1108.000000,0.719397,0.023462
1109.000000,0.719393,0.022720
1110.000000,0.719389,0.021998
1111.000000,0.719380,0.021306
1112.000000,0.719381,0.020619
1113.000000,0.719379,0.019947
1114.000000,0.719375,0.019305
1115.000000,0.719376,0.018687
1116.000000,0.719376,0.018090
1117.000000,0.719369,0.017522
1118.000000,0.719368,0.016959
1119.000000,0.719364,0.016421
1120.000000,0.719357,0.015888
1121.000000,0.719350,0.015387
1122.000000,0.719347,0.014897
1123.000000,0.719346,0.014416
1124.000000,0.719344,0.013956
1125.000000,0.719345,0.013510
1126.000000,0.719342,0.013079
1127.000000,0.719331,0.012683
1128.000000,0.719330,0.012281
1129.000000,0.719326,0.011890
1130.000000,0.719329,0.011495
1131.000000,0.719328,0.011124
1132.000000,0.719331,0.010770
1133.000000,0.719325,0.010426
1134.000000,0.719317,0.010112
1135.000000,0.719315,0.009794
1136.000000,0.719306,0.009500
1137.000000,0.719306,0.009203
1138.000000,0.719305,0.008916
1139.000000,0.719302,0.008638
1140.000000,0.719299,0.008369
1141.000000,0.719291,0.008126
1142.000000,0.719294,0.007852
1143.000000,0.719296,0.007589
1144.000000,0.719294,0.007350
1145.000000,0.719292,0.007123
1146.000000,0.719289,0.006911
1147.000000,0.719282,0.006704
1148.000000,0.719278,0.006495
1149.000000,0.719267,0.006308
1150.000000,0.719264,0.006125
1151.000000,0.719261,0.005941
1152.000000,0.719257,0.005770
1153.000000,0.719250,0.005598
1154.000000,0.719253,0.005423
1155.000000,0.719247,0.005267
1156.000000,0.719244,0.005110
1157.000000,0.719244,0.004957
1158.000000,0.719234,0.004824
1159.000000,0.719237,0.004656
1160.000000,0.719238,0.004504
1161.000000,0.719246,0.004358
1162.000000,0.719245,0.004226
1163.000000,0.719247,0.004099
1164.000000,0.719251,0.003964
1165.000000,0.719252,0.003839
1166.000000,0.719249,0.003719
1167.000000,0.719243,0.003636
1168.000000,0.719231,0.003549
1169.000000,0.719233,0.003443
1170.000000,0.719232,0.003341
1171.000000,0.719225,0.003236
1172.000000,0.719227,0.003125
1173.000000,0.719226,0.003036
1174.000000,0.719225,0.002941
1175.000000,0.719224,0.002859
1176.000000,0.719223,0.002764
1177.000000,0.719219,0.002681
1178.000000,0.719216,0.002609
1179.000000,0.719212,0.002542
1180.000000,0.719207,0.002477
1181.000000,0.719211,0.002397
1182.000000,0.719204,0.002342
1183.000000,0.719204,0.002272
1184.000000,0.719200,0.002218
1185.000000,0.719192,0.002160
1186.000000,0.719190,0.002091
1187.000000,0.719188,0.002034
1188.000000,0.719189,0.001984
1189.000000,0.719186,0.001940
1190.000000,0.719180,0.001890
1191.000000,0.719164,0.001859
1192.000000,0.719161,0.001822
1193.000000,0.719158,0.001774
1194.000000,0.719157,0.001738
1195.000000,0.719147,0.001715
1196.000000,0.719139,0.001692
1197.000000,0.719142,0.001639
1198.000000,0.719141,0.001591
1199.000000,0.719132,0.001568
1200.000000,0.719133,0.001521
1201.000000,0.718857,0.002456
1202.000000,0.718578,0.003368
1203.000000,0.718299,0.004260
1204.000000,0.718017,0.005117
1205.000000,0.717735,0.005942
1206.000000,0.717461,0.006738
1207.000000,0.717181,0.007508
1208.000000,0.716901,0.008252
1209.000000,0.716614,0.009002
1210.000000,0.716333,0.009707
1211.000000,0.716049,0.010396
1212.000000,0.715770,0.011049
1213.000000,0.715490,0.011683
1214.000000,0.715211,0.012291
1215.000000,0.714932,0.012861
1216.000000,0.714660,0.013423
1217.000000,0.714384,0.013963
1218.000000,0.714111,0.014481
1219.000000,0.713830,0.014993
1220.000000,0.713544,0.015513
1221.000000,0.713262,0.016002
1222.000000,0.712982,0.016488
1223.000000,0.712699,0.016950
1224.000000,0.712418,0.017399
1225.000000,0.712138,0.017818
1226.000000,0.711855,0.018238
1227.000000,0.711572,0.018645
1228.000000,0.711296,0.019026
1229.000000,0.711009,0.019406
1230.000000,0.710723,0.019774
1231.000000,0.710439,0.020119
1232.000000,0.710159,0.020447
1233.000000,0.709879,0.020764
1234.000000,0.709594,0.021082
1235.000000,0.709311,0.021393
1236.000000,0.709027,0.021683
1237.000000,0.708744,0.021970
1238.000000,0.708465,0.022253
1239.000000,0.708184,0.022528
1240.000000,0.707900,0.022802
1241.000000,0.707613,0.023066
1242.000000,0.707331,0.023299
1243.000000,0.707043,0.023550
1244.000000,0.706764,0.023771
1245.000000,0.706483,0.023999
1246.000000,0.706204,0.024211
1247.000000,0.705927,0.024411
1248.000000,0.705649,0.024591
1249.000000,0.705369,0.024781
1250.000000,0.705092,0.024952
1251.000000,0.704808,0.025141
1252.000000,0.704529,0.025329
1253.000000,0.704246,0.025490
1254.000000,0.703964,0.025655
1255.000000,0.703689,0.025805
1256.000000,0.703406,0.025951
1257.000000,0.703122,0.026106
1258.000000,0.702840,0.026248
1259.000000,0.702554,0.026403
1260.000000,0.702271,0.026531
1261.000000,0.701989,0.026669
1262.000000,0.701710,0.026794
1263.000000,0.701429,0.026921
1264.000000,0.701147,0.027032
1265.000000,0.700867,0.027144
1266.000000,0.700584,0.027251
1267.000000,0.700305,0.027348
1268.000000,0.700028,0.027455
1269.000000,0.699746,0.027559
1270.000000,0.699461,0.027660
1271.000000,0.699177,0.027766
1272.000000,0.698889,0.027869
1273.000000,0.698607,0.027950
1274.000000,0.698322,0.028036
1275.000000,0.698042,0.028109
1276.000000,0.697764,0.028185
1277.000000,0.697486,0.028253
1278.000000,0.697202,0.028341
1279.000000,0.696917,0.028414
1280.000000,0.696636,0.028478
1281.000000,0.696352,0.028554
1282.000000,0.696076,0.028595
1283.000000,0.695800,0.028636
1284.000000,0.695518,0.028703
1285.000000,0.695236,0.028761
1286.000000,0.694955,0.028819
1287.000000,0.694682,0.028858
1288.000000,0.694401,0.028910
1289.000000,0.694117,0.028980
1290.000000,0.693835,0.029035
1291.000000,0.693550,0.029084
1292.000000,0.693268,0.029125
1293.000000,0.692986,0.029164
1294.000000,0.692710,0.029186
1295.000000,0.692428,0.029229
1296.000000,0.692146,0.029277
1297.000000,0.691872,0.029300
1298.000000,0.691594,0.029331
1299.000000,0.691315,0.029356
1300.000000,0.691032,0.029383
1301.000000,0.690751,0.029418
1302.000000,0.690476,0.029431
1303.000000,0.690194,0.029471
1304.000000,0.689916,0.029509
1305.000000,0.689638,0.029537
1306.000000,0.689366,0.029542
1307.000000,0.689086,0.029562
1308.000000,0.688800,0.029603
1309.000000,0.688527,0.029604
1310.000000,0.688245,0.029628
1311.000000,0.687969,0.029643
1312.000000,0.687686,0.029677
1313.000000,0.687405,0.029696
1314.000000,0.687126,0.029724
1315.000000,0.686844,0.029753
1316.000000,0.686554,0.029795
1317.000000,0.686273,0.029814
1318.000000,0.685992,0.029838
1319.000000,0.685718,0.029843
1320.000000,0.685433,0.029875
1321.000000,0.685156,0.029886
1322.000000,0.684877,0.029898
1323.000000,0.684593,0.029916
1324.000000,0.684313,0.029919
1325.000000,0.684034,0.029938
1326.000000,0.683754,0.029964
1327.000000,0.683473,0.029982
1328.000000,0.683199,0.029981
1329.000000,0.682921,0.029995
1330.000000,0.682640,0.030016
1331.000000,0.682362,0.030012
1332.000000,0.682088,0.030015
1333.000000,0.681806,0.030038
1334.000000,0.681524,0.030054
1335.000000,0.681240,0.030071
1336.000000,0.680955,0.030101
1337.000000,0.680669,0.030118
1338.000000,0.680388,0.030135
1339.000000,0.680098,0.030172
1340.000000,0.679818,0.030179
1341.000000,0.679539,0.030180
1342.000000,0.679256,0.030193
1343.000000,0.678972,0.030206
1344.000000,0.678692,0.030208
1345.000000,0.678419,0.030205
1346.000000,0.678135,0.030235
1347.000000,0.677854,0.030245
1348.000000,0.677575,0.030244
1349.000000,0.677294,0.030260
1350.000000,0.677016,0.030264
1351.000000,0.676734,0.030268
1352.000000,0.676451,0.030279
1353.000000,0.676170,0.030273
1354.000000,0.675891,0.030281
1355.000000,0.675609,0.030305
1356.000000,0.675328,0.030314
1357.000000,0.675043,0.030315
1358.000000,0.674765,0.030314
1359.000000,0.674483,0.030315
1360.000000,0.674202,0.030317
1361.000000,0.673923,0.030317
1362.000000,0.673640,0.030330
1363.000000,0.673363,0.030317
1364.000000,0.673079,0.030330
1365.000000,0.672799,0.030330
1366.000000,0.672516,0.030337
1367.000000,0.672236,0.030330
1368.000000,0.671951,0.030347
1369.000000,0.671668,0.030362
1370.000000,0.671384,0.030375
1371.000000,0.671104,0.030363
1372.000000,0.670823,0.030373
1373.000000,0.670535,0.030380
1374.000000,0.670258,0.030367
1375.000000,0.669976,0.030369
1376.000000,0.669694,0.030375
1377.000000,0.669413,0.030383
1378.000000,0.669135,0.030386
1379.000000,0.668852,0.030391
1380.000000,0.668568,0.030407
1381.000000,0.668284,0.030420
1382.000000,0.668007,0.030394
1383.000000,0.667732,0.030391
1384.000000,0.667448,0.030392
1385.000000,0.667173,0.030376
1386.000000,0.666893,0.030379
1387.000000,0.666609,0.030394
1388.000000,0.666331,0.030385
1389.000000,0.666051,0.030390
1390.000000,0.665769,0.030383
1391.000000,0.665490,0.030379
1392.000000,0.665204,0.030395
1393.000000,0.664923,0.030392
1394.000000,0.664642,0.030398
1395.000000,0.664369,0.030381
1396.000000,0.664082,0.030401
1397.000000,0.663801,0.030408
1398.000000,0.663521,0.030408
1399.000000,0.663237,0.030415
1400.000000,0.662959,0.030402
1401.000000,0.662675,0.030415
1402.000000,0.662393,0.030413
1403.000000,0.662114,0.030412
1404.000000,0.661835,0.030408
1405.000000,0.661552,0.030404
1406.000000,0.661266,0.030413
1407.000000,0.660986,0.030416
1408.000000,0.660701,0.030424
1409.000000,0.660421,0.030424
1410.000000,0.660141,0.030430
1411.000000,0.659858,0.030427
1412.000000,0.659568,0.030450
1413.000000,0.659296,0.030433
1414.000000,0.659012,0.030446
1415.000000,0.658727,0.030460
1416.000000,0.658446,0.030451
1417.000000,0.658159,0.030473
1418.000000,0.657872,0.030482
1419.000000,0.657591,0.030490
1420.000000,0.657308,0.030489
1421.000000,0.657031,0.030485
1422.000000,0.656750,0.030482
1423.000000,0.656466,0.030485
1424.000000,0.656180,0.030497
1425.000000,0.655893,0.030498
1426.000000,0.655615,0.030488
1427.000000,0.655331,0.030494
1428.000000,0.655050,0.030501
1429.000000,0.654763,0.030507
1430.000000,0.654483,0.030512
1431.000000,0.654205,0.030506
1432.000000,0.653930,0.030495
1433.000000,0.653651,0.030485
1434.000000,0.653377,0.030467
1435.000000,0.653092,0.030469
1436.000000,0.652814,0.030467
1437.000000,0.652532,0.030462
1438.000000,0.652256,0.030433
1439.000000,0.651976,0.030422
1440.000000,0.651692,0.030433
1441.000000,0.651411,0.030428
1442.000000,0.651130,0.030431
1443.000000,0.650849,0.030419
1444.000000,0.650560,0.030435
1445.000000,0.650283,0.030433
1446.000000,0.650003,0.030436
1447.000000,0.649714,0.030459
1448.000000,0.649429,0.030474
1449.000000,0.649152,0.030469
1450.000000,0.648873,0.030463
1451.000000,0.648594,0.030459
1452.000000,0.648314,0.030463
1453.000000,0.648032,0.030461
1454.000000,0.647753,0.030457
1455.000000,0.647468,0.030471
1456.000000,0.647187,0.030469
1457.000000,0.646899,0.030491
1458.000000,0.646619,0.030490
1459.000000,0.646333,0.030506
1460.000000,0.646049,0.030508
1461.000000,0.645768,0.030515
1462.000000,0.645487,0.030506
1463.000000,0.645208,0.030496
1464.000000,0.644925,0.030499
1465.000000,0.644643,0.030506
1466.000000,0.644357,0.030505
1467.000000,0.644082,0.030490
1468.000000,0.643803,0.030476
1469.000000,0.643529,0.030460
1470.000000,0.643252,0.030443
1471.000000,0.642971,0.030444
1472.000000,0.642692,0.030454
1473.000000,0.642410,0.030454
1474.000000,0.642139,0.030431
1475.000000,0.641859,0.030429
1476.000000,0.641580,0.030428
1477.000000,0.641293,0.030449
1478.000000,0.641018,0.030434
1479.000000,0.640737,0.030431
1480.000000,0.640450,0.030448
1481.000000,0.640166,0.030453
1482.000000,0.639884,0.030458
1483.000000,0.639603,0.030459
1484.000000,0.639323,0.030461
1485.000000,0.639043,0.030468
1486.000000,0.638763,0.030460
1487.000000,0.638478,0.030468
1488.000000,0.638198,0.030454
1489.000000,0.637921,0.030456
1490.000000,0.637640,0.030458
1491.000000,0.637362,0.030451
1492.000000,0.637079,0.030451
1493.000000,0.636800,0.030445
1494.000000,0.636523,0.030434
1495.000000,0.636243,0.030431
1496.000000,0.635967,0.030420
1497.000000,0.635691,0.030423
1498.000000,0.635411,0.030413
1499.000000,0.635126,0.030421
1500.000000,0.634847,0.030411
1501.000000,0.634571,0.030405
1502.000000,0.634295,0.030400
1503.000000,0.634010,0.030415
1504.000000,0.633729,0.030419
1505.000000,0.633447,0.030418
1506.000000,0.633167,0.030423
1507.000000,0.632891,0.030403
1508.000000,0.632610,0.030404
1509.000000,0.632325,0.030425
1510.000000,0.632044,0.030427
1511.000000,0.631762,0.030428
1512.000000,0.631480,0.030434
1513.000000,0.631199,0.030443
1514.000000,0.630927,0.030423
1515.000000,0.630653,0.030407
1516.000000,0.630373,0.030410
1517.000000,0.630094,0.030404
1518.000000,0.629808,0.030418
1519.000000,0.629530,0.030416
1520.000000,0.629255,0.030398
1521.000000,0.628974,0.030387
1522.000000,0.628700,0.030362
1523.000000,0.628420,0.030363
1524.000000,0.628138,0.030364
1525.000000,0.627862,0.030362
1526.000000,0.627580,0.030375
1527.000000,0.627299,0.030388
1528.000000,0.627019,0.030388
1529.000000,0.626745,0.030369
1530.000000,0.626460,0.030378
1531.000000,0.626178,0.030385
1532.000000,0.625897,0.030390
1533.000000,0.625610,0.030402
1534.000000,0.625332,0.030392
1535.000000,0.625044,0.030414
1536.000000,0.624768,0.030405
1537.000000,0.624486,0.030414
1538.000000,0.624208,0.030398
1539.000000,0.623931,0.030391
1540.000000,0.623646,0.030407
1541.000000,0.623360,0.030407
1542.000000,0.623076,0.030417
1543.000000,0.622797,0.030419
1544.000000,0.622513,0.030420
1545.000000,0.622228,0.030434
1546.000000,0.621952,0.030431
1547.000000,0.621674,0.030415
1548.000000,0.621396,0.030408
1549.000000,0.621111,0.030415
1550.000000,0.620833,0.030419
1551.000000,0.620556,0.030404
1552.000000,0.620278,0.030399
1553.000000,0.620002,0.030394
1554.000000,0.619723,0.030392
1555.000000,0.619444,0.030380
1556.000000,0.619164,0.030376
1557.000000,0.618887,0.030371
1558.000000,0.618602,0.030381
1559.000000,0.618315,0.030392
1560.000000,0.618034,0.030392
1561.000000,0.617751,0.030391
1562.000000,0.617474,0.030393
1563.000000,0.617196,0.030387
1564.000000,0.616916,0.030378
1565.000000,0.616636,0.030371
1566.000000,0.616353,0.030368
1567.000000,0.616073,0.030359
1568.000000,0.615794,0.030363
1569.000000,0.615517,0.030372
1570.000000,0.615242,0.030359
1571.000000,0.614961,0.030362
1572.000000,0.614680,0.030362
1573.000000,0.614396,0.030369
1574.000000,0.614120,0.030370
1575.000000,0.613843,0.030359
1576.000000,0.613571,0.030348
1577.000000,0.613293,0.030351
1578.000000,0.613006,0.030365
1579.000000,0.612730,0.030346
1580.000000,0.612447,0.030353
1581.000000,0.612162,0.030367
1582.000000,0.611882,0.030368
1583.000000,0.611607,0.030375
1584.000000,0.611326,0.030371
1585.000000,0.611046,0.030372
1586.000000,0.610771,0.030358
1587.000000,0.610497,0.030338
1588.000000,0.610213,0.030351
1589.000000,0.609933,0.030344
1590.000000,0.609654,0.030343
1591.000000,0.609378,0.030333
1592.000000,0.609102,0.030322
1593.000000,0.608823,0.030324
1594.000000,0.608548,0.030321
1595.000000,0.608268,0.030328
1596.000000,0.607987,0.030336
1597.000000,0.607702,0.030343
1598.000000,0.607420,0.030349
1599.000000,0.607134,0.030368
1600.000000,0.606857,0.030360
1601.000000,0.606576,0.030362
1602.000000,0.606290,0.030376
1603.000000,0.606003,0.030391
1604.000000,0.605722,0.030380
1605.000000,0.605442,0.030379
1606.000000,0.605154,0.030395
1607.000000,0.604870,0.030402
1608.000000,0.604588,0.030405
1609.000000,0.604305,0.030405
1610.000000,0.604026,0.030402
1611.000000,0.603746,0.030406
1612.000000,0.603465,0.030405
1613.000000,0.603183,0.030406
1614.000000,0.602904,0.030408
1615.000000,0.602624,0.030403
1616.000000,0.602340,0.030409
1617.000000,0.602054,0.030439
1618.000000,0.601780,0.030421
1619.000000,0.601500,0.030425
1620.000000,0.601224,0.030418
1621.000000,0.600937,0.030425
1622.000000,0.600659,0.030425
1623.000000,0.600378,0.030433
1624.000000,0.600096,0.030445
1625.000000,0.599816,0.030446
1626.000000,0.599532,0.030458
1627.000000,0.599258,0.030434
1628.000000,0.598974,0.030450
1629.000000,0.598691,0.030453
1630.000000,0.598410,0.030463
1631.000000,0.598129,0.030451
1632.000000,0.597849,0.030443
1633.000000,0.597573,0.030444
1634.000000,0.597291,0.030444
1635.000000,0.597009,0.030447
1636.000000,0.596724,0.030458
1637.000000,0.596449,0.030440
1638.000000,0.596164,0.030450
1639.000000,0.595883,0.030450
1640.000000,0.595605,0.030447
1641.000000,0.595326,0.030433
1642.000000,0.595046,0.030438
1643.000000,0.594774,0.030414
1644.000000,0.594494,0.030421
1645.000000,0.594218,0.030407
1646.000000,0.593945,0.030407
1647.000000,0.593667,0.030407
1648.000000,0.593384,0.030419
1649.000000,0.593102,0.030419
1650.000000,0.592823,0.030413
1651.000000,0.592547,0.030408
1652.000000,0.592267,0.030421
1653.000000,0.591989,0.030427
1654.000000,0.591711,0.030423
1655.000000,0.591428,0.030422
1656.000000,0.591153,0.030407
1657.000000,0.590868,0.030413
1658.000000,0.590589,0.030397
1659.000000,0.590307,0.030406
1660.000000,0.590027,0.030408
1661.000000,0.589742,0.030432
1662.000000,0.589466,0.030422
1663.000000,0.589187,0.030421
1664.000000,0.588899,0.030440
1665.000000,0.588615,0.030452
1666.000000,0.588333,0.030445
1667.000000,0.588047,0.030448
1668.000000,0.587768,0.030448
1669.000000,0.587485,0.030451
1670.000000,0.587208,0.030443
1671.000000,0.586931,0.030442
1672.000000,0.586653,0.030426
1673.000000,0.586374,0.030428
1674.000000,0.586090,0.030433
1675.000000,0.585806,0.030432
1676.000000,0.585530,0.030416
1677.000000,0.585246,0.030427
1678.000000,0.584963,0.030431
1679.000000,0.584689,0.030424
1680.000000,0.584406,0.030422
1681.000000,0.584130,0.030408
1682.000000,0.583850,0.030400
1683.000000,0.583573,0.030395
1684.000000,0.583290,0.030409
1685.000000,0.583012,0.030404
1686.000000,0.582727,0.030412
1687.000000,0.582446,0.030408
1688.000000,0.582167,0.030411
1689.000000,0.581891,0.030410
1690.000000,0.581610,0.030419
1691.000000,0.581328,0.030415
1692.000000,0.581053,0.030401
1693.000000,0.580782,0.030388
1694.000000,0.580503,0.030384
1695.000000,0.580229,0.030373
1696.000000,0.579946,0.030380
1697.000000,0.579666,0.030377
1698.000000,0.579381,0.030403
1699.000000,0.579106,0.030387
1700.000000,0.578823,0.030391
1701.000000,0.578821,0.029398
1702.000000,0.578822,0.028444
1703.000000,0.578821,0.027527
1704.000000,0.578829,0.026615
1705.000000,0.578830,0.025759
1706.000000,0.578822,0.024948
1707.000000,0.578820,0.024140
1708.000000,0.578819,0.023365
1709.000000,0.578815,0.022624
1710.000000,0.578811,0.021895
1711.000000,0.578807,0.021187
1712.000000,0.578812,0.020484
1713.000000,0.578807,0.019833
1714.000000,0.578804,0.019197
1715.000000,0.578807,0.018571
1716.000000,0.578805,0.017978
1717.000000,0.578807,0.017397
1718.000000,0.578801,0.016837
1719.000000,0.578797,0.016305
1720.000000,0.578800,0.015772
1721.000000,0.578791,0.015280
1722.000000,0.578790,0.014780
1723.000000,0.578787,0.014304
1724.000000,0.578779,0.013868
1725.000000,0.578777,0.013439
1726.000000,0.578779,0.013013
1727.000000,0.578777,0.012592
1728.000000,0.578777,0.012188
1729.000000,0.578775,0.011804
1730.000000,0.578773,0.011431
1731.000000,0.578772,0.011070
1732.000000,0.578770,0.010721
1733.000000,0.578771,0.010382
1734.000000,0.578775,0.010041
1735.000000,0.578771,0.009722
1736.000000,0.578768,0.009426
1737.000000,0.578771,0.009118
1738.000000,0.578769,0.008832
1739.000000,0.578771,0.008548
1740.000000,0.578769,0.008283
1741.000000,0.578768,0.008023
1742.000000,0.578761,0.007789
1743.000000,0.578752,0.007553
1744.000000,0.578753,0.007307
1745.000000,0.578747,0.007089
1746.000000,0.578743,0.006864
1747.000000,0.578745,0.006648
1748.000000,0.578743,0.006447
1749.000000,0.578742,0.006245
1750.000000,0.578735,0.006064
1751.000000,0.578735,0.005872
1752.000000,0.578736,0.005688
1753.000000,0.578733,0.005510
1754.000000,0.578732,0.005338
1755.000000,0.578728,0.005188
1756.000000,0.578720,0.005039
1757.000000,0.578712,0.004905
1758.000000,0.578702,0.004782
1759.000000,0.578702,0.004629
1760.000000,0.578698,0.004493
1761.000000,0.578698,0.004349
1762.000000,0.578702,0.004212
1763.000000,0.578700,0.004082
1764.000000,0.578701,0.003953
1765.000000,0.578706,0.003827
1766.000000,0.578702,0.003714
1767.000000,0.578707,0.003594
1768.000000,0.578702,0.003499
1769.000000,0.578706,0.003390
1770.000000,0.578698,0.003320
1771.000000,0.578697,0.003221
1772.000000,0.578694,0.003131
1773.000000,0.578693,0.003030
1774.000000,0.578686,0.002962
1775.000000,0.578682,0.002890
1776.000000,0.578679,0.002813
1777.000000,0.578679,0.002722
1778.000000,0.578675,0.002650
1779.000000,0.578678,0.002566
1780.000000,0.578674,0.002510
1781.000000,0.578667,0.002451
1782.000000,0.578663,0.002386
1783.000000,0.578668,0.002298
1784.000000,0.578671,0.002227
1785.000000,0.578669,0.002175
1786.000000,0.578660,0.002131
1787.000000,0.578654,0.002086
1788.000000,0.578653,0.002017
1789.000000,0.578649,0.001969
1790.000000,0.578647,0.001928
1791.000000,0.578646,0.001864
1792.000000,0.578639,0.001817
1793.000000,0.578634,0.001775
1794.000000,0.578633,0.001729
1795.000000,0.578636,0.001668
1796.000000,0.578636,0.001625
1797.000000,0.578637,0.001582
1798.000000,0.578630,0.001544
1799.000000,0.578632,0.001502
1800.000000,0.578629,0.001463
1801.000000,0.578351,0.002412
1802.000000,0.578066,0.003336
1803.000000,0.577786,0.004222
1804.000000,0.577507,0.005077
1805.000000,0.577229,0.005909
1806.000000,0.576950,0.006695
1807.000000,0.576669,0.007479
1808.000000,0.576386,0.008232
1809.000000,0.576106,0.008960
1810.000000,0.575825,0.009674
1811.000000,0.575553,0.010335
1812.000000,0.575276,0.010975
1813.000000,0.574997,0.011616
1814.000000,0.574720,0.012232
1815.000000,0.574435,0.012832
1816.000000,0.574157,0.013404
1817.000000,0.573877,0.013969
1818.000000,0.573594,0.014518
1819.000000,0.573309,0.015046
1820.000000,0.573031,0.015547
1821.000000,0.572754,0.016015
1822.000000,0.572471,0.016496
1823.000000,0.572187,0.016965
1824.000000,0.571906,0.017413
1825.000000,0.571627,0.017832
1826.000000,0.571343,0.018252
1827.000000,0.571061,0.018660
1828.000000,0.570778,0.019062
1829.000000,0.570505,0.019425
1830.000000,0.570222,0.019785
1831.000000,0.569940,0.020141
1832.000000,0.569657,0.020480
1833.000000,0.569382,0.020795
1834.000000,0.569098,0.021116
1835.000000,0.568815,0.021428
1836.000000,0.568533,0.021724
1837.000000,0.568251,0.022012
1838.000000,0.567973,0.022286
1839.000000,0.567689,0.022568
1840.000000,0.567411,0.022817
1841.000000,0.567129,0.023062
1842.000000,0.566850,0.023304
1843.000000,0.566567,0.023546
1844.000000,0.566294,0.023757
1845.000000,0.566015,0.023964
1846.000000,0.565736,0.024157
1847.000000,0.565456,0.024363
1848.000000,0.565181,0.024551
1849.000000,0.564902,0.024740
1850.000000,0.564619,0.024934
1851.000000,0.564339,0.025109
1852.000000,0.564062,0.025285
1853.000000,0.563780,0.025452
1854.000000,0.563496,0.025622
1855.000000,0.563215,0.025785
1856.000000,0.562932,0.025931
1857.000000,0.562655,0.026077
1858.000000,0.562374,0.026230
1859.000000,0.562094,0.026372
1860.000000,0.561819,0.026491
1861.000000,0.561536,0.026627
1862.000000,0.561256,0.026742
1863.000000,0.560972,0.026877
1864.000000,0.560686,0.027005
1865.000000,0.560406,0.027120
1866.000000,0.560127,0.027230
1867.000000,0.559851,0.027333
1868.000000,0.559569,0.027441
1869.000000,0.559292,0.027536
1870.000000,0.559010,0.027634
1871.000000,0.558726,0.027734
1872.000000,0.558449,0.027817
1873.000000,0.558169,0.027898
1874.000000,0.557892,0.027969
1875.000000,0.557612,0.028040
1876.000000,0.557335,0.028101
1877.000000,0.557054,0.028185
1878.000000,0.556771,0.028277
1879.000000,0.556484,0.028362
1880.000000,0.556210,0.028414
1881.000000,0.555926,0.028488
1882.000000,0.555642,0.028566
1883.000000,0.555366,0.028622
1884.000000,0.555087,0.028683
1885.000000,0.554814,0.028720
1886.000000,0.554537,0.028779
1887.000000,0.554258,0.028823
1888.000000,0.553975,0.028879
1889.000000,0.553697,0.028915
1890.000000,0.553414,0.028970
1891.000000,0.553125,0.029029
1892.000000,0.552847,0.029068
1893.000000,0.552568,0.029102
1894.000000,0.552295,0.029125
1895.000000,0.552016,0.029165
1896.000000,0.551736,0.029202
1897.000000,0.551461,0.029227
1898.000000,0.551181,0.029271
1899.000000,0.550900,0.029305
1900.000000,0.550621,0.029332
1901.000000,0.550337,0.029364
1902.000000,0.550051,0.029410
1903.000000,0.549767,0.029450
1904.000000,0.549488,0.029481
1905.000000,0.549203,0.029519
1906.000000,0.548925,0.029538
1907.000000,0.548641,0.029569
1908.000000,0.548361,0.029599
1909.000000,0.548083,0.029622
1910.000000,0.547802,0.029653
1911.000000,0.547524,0.029671
1912.000000,0.547238,0.029702
1913.000000,0.546955,0.029732
1914.000000,0.546681,0.029727
1915.000000,0.546396,0.029762
1916.000000,0.546125,0.029754
1917.000000,0.545849,0.029770
1918.000000,0.545568,0.029802
1919.000000,0.545286,0.029820
1920.000000,0.545011,0.029826
1921.000000,0.544735,0.029835
1922.000000,0.544450,0.029866
1923.000000,0.544177,0.029865
1924.000000,0.543893,0.029895
1925.000000,0.543609,0.029913
1926.000000,0.543333,0.029919
1927.000000,0.543055,0.029930
1928.000000,0.542777,0.029937
1929.000000,0.542494,0.029962
1930.000000,0.542209,0.029985
1931.000000,0.541935,0.029983
1932.000000,0.541656,0.029994
1933.000000,0.541378,0.030001
1934.000000,0.541095,0.030028
1935.000000,0.540816,0.030028
1936.000000,0.540529,0.030058
1937.000000,0.540243,0.030071
1938.000000,0.539967,0.030072
1939.000000,0.539685,0.030078
1940.000000,0.539407,0.030082
1941.000000,0.539131,0.030081
1942.000000,0.538852,0.030094
1943.000000,0.538572,0.030093
1944.000000,0.538297,0.030083
1945.000000,0.538022,0.030091
1946.000000,0.537750,0.030084
1947.000000,0.537474,0.030088
1948.000000,0.537197,0.030091
1949.000000,0.536917,0.030094
1950.000000,0.536633,0.030125
1951.000000,0.536352,0.030136
1952.000000,0.536072,0.030148
1953.000000,0.535795,0.030141
1954.000000,0.535516,0.030144
1955.000000,0.535235,0.030156
1956.000000,0.534958,0.030155
1957.000000,0.534676,0.030173
1958.000000,0.534398,0.030171
1959.000000,0.534115,0.030177
1960.000000,0.533840,0.030180
1961.000000,0.533565,0.030189
1962.000000,0.533287,0.030191
1963.000000,0.533004,0.030197
1964.000000,0.532723,0.030203
1965.000000,0.532446,0.030203
1966.000000,0.532167,0.030215
1967.000000,0.531883,0.030226
1968.000000,0.531602,0.030232
1969.000000,0.531324,0.030235
1970.000000,0.531043,0.030249
1971.000000,0.530763,0.030253
1972.000000,0.530479,0.030257
1973.000000,0.530200,0.030264
1974.000000,0.529918,0.030286
1975.000000,0.529641,0.030278
1976.000000,0.529359,0.030291
1977.000000,0.529083,0.030277
1978.000000,0.528800,0.030285
1979.000000,0.528518,0.030305
1980.000000,0.528237,0.030314
1981.000000,0.527957,0.030320
1982.000000,0.527682,0.030318
1983.000000,0.527399,0.030323
1984.000000,0.527118,0.030325
1985.000000,0.526840,0.030321
1986.000000,0.526559,0.030322
1987.000000,0.526280,0.030328
1988.000000,0.526001,0.030324
1989.000000,0.525721,0.030320
1990.000000,0.525444,0.030311
1991.000000,0.525163,0.030319
1992.000000,0.524883,0.030328
1993.000000,0.524603,0.030334
1994.000000,0.524322,0.030347
1995.000000,0.524042,0.030351
1996.000000,0.523760,0.030358
1997.000000,0.523477,0.030364
1998.000000,0.523197,0.030365
1999.000000,0.522918,0.030363
2000.000000,0.522635,0.030386
2001.000000,0.522360,0.030383
2002.000000,0.522083,0.030378
2003.000000,0.521802,0.030385
2004.000000,0.521521,0.030389
2005.000000,0.521241,0.030377
2006.000000,0.520957,0.030391
2007.000000,0.520677,0.030391
2008.000000,0.520401,0.030382
2009.000000,0.520118,0.030396
2010.000000,0.519838,0.030403
2011.000000,0.519560,0.030392
2012.000000,0.519273,0.030411
2013.000000,0.518994,0.030418
2014.000000,0.518716,0.030419
2015.000000,0.518430,0.030435
2016.000000,0.518149,0.030437
2017.000000,0.517869,0.030437
2018.000000,0.517590,0.030431
2019.000000,0.517310,0.030437
2020.000000,0.517034,0.030440
2021.000000,0.516754,0.030441
2022.000000,0.516478,0.030433
2023.000000,0.516193,0.030435
2024.000000,0.515911,0.030435
2025.000000,0.515638,0.030421
2026.000000,0.515362,0.030407
2027.000000,0.515070,0.030416
2028.000000,0.514798,0.030391
2029.000000,0.514522,0.030394
2030.000000,0.514238,0.030391
2031.000000,0.513958,0.030405
2032.000000,0.513672,0.030403
2033.000000,0.513392,0.030410
2034.000000,0.513113,0.030407
2035.000000,0.512827,0.030411
2036.000000,0.512545,0.030419
2037.000000,0.512269,0.030414
2038.000000,0.511987,0.030425
2039.000000,0.511711,0.030416
2040.000000,0.511429,0.030419
2041.000000,0.511141,0.030430
2042.000000,0.510861,0.030437
2043.000000,0.510580,0.030455
2044.000000,0.510304,0.030447
2045.000000,0.510023,0.030434
2046.000000,0.509741,0.030425
2047.000000,0.509457,0.030432
2048.000000,0.509172,0.030438
2049.000000,0.508891,0.030439
2050.000000,0.508615,0.030428
2051.000000,0.508329,0.030437
2052.000000,0.508054,0.030424
2053.000000,0.507772,0.030436
2054.000000,0.507483,0.030465
2055.000000,0.507201,0.030468
2056.000000,0.506914,0.030473
2057.000000,0.506635,0.030467
2058.000000,0.506359,0.030449
2059.000000,0.506081,0.030443
2060.000000,0.505804,0.030432
2061.000000,0.505529,0.030418
2062.000000,0.505243,0.030436
2063.000000,0.504963,0.030438
2064.000000,0.504684,0.030442
2065.000000,0.504404,0.030439
2066.000000,0.504125,0.030437
2067.000000,0.503842,0.030447
2068.000000,0.503560,0.030447
2069.000000,0.503280,0.030451
2070.000000,0.502998,0.030449
2071.000000,0.502720,0.030446
2072.000000,0.502443,0.030432
2073.000000,0.502168,0.030413
2074.000000,0.501887,0.030411
2075.000000,0.501606,0.030413
2076.000000,0.501325,0.030402
2077.000000,0.501046,0.030403
2078.000000,0.500766,0.030405
2079.000000,0.500493,0.030384
2080.000000,0.500214,0.030377
2081.000000,0.499936,0.030383
2082.000000,0.499654,0.030389
2083.000000,0.499375,0.030380
2084.000000,0.499092,0.030384
2085.000000,0.498805,0.030396
2086.000000,0.498525,0.030405
2087.000000,0.498247,0.030405
2088.000000,0.497969,0.030401
2089.000000,0.497688,0.030397
2090.000000,0.497410,0.030402
2091.000000,0.497128,0.030405
2092.000000,0.496845,0.030413
2093.000000,0.496567,0.030415
2094.000000,0.496285,0.030423
2095.000000,0.496009,0.030424
2096.000000,0.495726,0.030432
2097.000000,0.495442,0.030441
2098.000000,0.495162,0.030434
2099.000000,0.494883,0.030417
2100.000000,0.494597,0.030433
2101.000000,0.494318,0.030436
2102.000000,0.494043,0.030419
2103.000000,0.493764,0.030413
2104.000000,0.493479,0.030422
2105.000000,0.493200,0.030420
2106.000000,0.492922,0.030415
2107.000000,0.492639,0.030429
2108.000000,0.492361,0.030420
2109.000000,0.492081,0.030413
2110.000000,0.491801,0.030416
2111.000000,0.491513,0.030421
2112.000000,0.491232,0.030427
2113.000000,0.490954,0.030435
2114.000000,0.490669,0.030438
2115.000000,0.490387,0.030443
2116.000000,0.490107,0.030441
2117.000000,0.489825,0.030442
2118.000000,0.489546,0.030442
2119.000000,0.489265,0.030444
2120.000000,0.488983,0.030452
2121.000000,0.488702,0.030457
2122.000000,0.488421,0.030457
2123.000000,0.488149,0.030447
2124.000000,0.487868,0.030448
2125.000000,0.487588,0.030447
2126.000000,0.487303,0.030450
2127.000000,0.487015,0.030471
2128.000000,0.486738,0.030465
2129.000000,0.486454,0.030469
2130.000000,0.486166,0.030479
2131.000000,0.485885,0.030479
2132.000000,0.485600,0.030500
2133.000000,0.485321,0.030495
2134.000000,0.485038,0.030496
2135.000000,0.484756,0.030487
2136.000000,0.484477,0.030482
2137.000000,0.484197,0.030483
2138.000000,0.483911,0.030491
2139.000000,0.483631,0.030492
2140.000000,0.483349,0.030503
2141.000000,0.483070,0.030499
2142.000000,0.482792,0.030494
2143.000000,0.482505,0.030519
2144.000000,0.482224,0.030520
2145.000000,0.481947,0.030510
2146.000000,0.481665,0.030502
2147.000000,0.481384,0.030491
2148.000000,0.481099,0.030499
2149.000000,0.480819,0.030494
2150.000000,0.480538,0.030493
2151.000000,0.480259,0.030491
2152.000000,0.479978,0.030496
2153.000000,0.479702,0.030485
2154.000000,0.479422,0.030474
2155.000000,0.479141,0.030475
2156.000000,0.478857,0.030480
2157.000000,0.478575,0.030482
2158.000000,0.478298,0.030473
2159.000000,0.478008,0.030480
2160.000000,0.477734,0.030470
2161.000000,0.477456,0.030464
2162.000000,0.477177,0.030454
2163.000000,0.476896,0.030466
2164.000000,0.476613,0.030472
2165.000000,0.476331,0.030477
2166.000000,0.476046,0.030488
2167.000000,0.475761,0.030514
2168.000000,0.475484,0.030495
2169.000000,0.475206,0.030486
2170.000000,0.474929,0.030478
2171.000000,0.474652,0.030468
2172.000000,0.474374,0.030457
2173.000000,0.474096,0.030453
2174.000000,0.473824,0.030440
2175.000000,0.473543,0.030443
2176.000000,0.473262,0.030443
2177.000000,0.472981,0.030448
2178.000000,0.472701,0.030452
2179.000000,0.472418,0.030458
2180.000000,0.472138,0.030454
2181.000000,0.471848,0.030475
2182.000000,0.471564,0.030477
2183.000000,0.471287,0.030458
2184.000000,0.471009,0.030447
2185.000000,0.470737,0.030430
2186.000000,0.470457,0.030430
2187.000000,0.470175,0.030430
2188.000000,0.469894,0.030426
2189.000000,0.469610,0.030445
2190.000000,0.469331,0.030450
2191.000000,0.469048,0.030457
2192.000000,0.468769,0.030448
2193.000000,0.468493,0.030437
2194.000000,0.468210,0.030438
2195.000000,0.467930,0.030440
2196.000000,0.467659,0.030421
2197.000000,0.467379,0.030420
2198.000000,0.467096,0.030421
2199.000000,0.466817,0.030420
2200.000000,0.466537,0.030413
2201.000000,0.466255,0.030409
2202.000000,0.465977,0.030408
2203.000000,0.465698,0.030410
2204.000000,0.465415,0.030417
2205.000000,0.465130,0.030428
2206.000000,0.464849,0.030426
2207.000000,0.464569,0.030422
2208.000000,0.464286,0.030428
2209.000000,0.464001,0.030435
2210.000000,0.463726,0.030430
2211.000000,0.463444,0.030438
2212.000000,0.463162,0.030447
2213.000000,0.462879,0.030460
2214.000000,0.462595,0.030476
2215.000000,0.462316,0.030467
2216.000000,0.462036,0.030466
2217.000000,0.461754,0.030466
2218.000000,0.461475,0.030464
2219.000000,0.461196,0.030457
2220.000000,0.460919,0.030442
2221.000000,0.460635,0.030443
2222.000000,0.460357,0.030436
2223.000000,0.460076,0.030437
2224.000000,0.459793,0.030430
2225.000000,0.459517,0.030419
2226.000000,0.459237,0.030422
2227.000000,0.458961,0.030423
2228.000000,0.458678,0.030430
2229.000000,0.458390,0.030452
2230.000000,0.458107,0.030455
2231.000000,0.457825,0.030459
2232.000000,0.457548,0.030448
2233.000000,0.457269,0.030435
2234.000000,0.456983,0.030451
2235.000000,0.456701,0.030443
2236.000000,0.456425,0.030432
2237.000000,0.456143,0.030432
2238.000000,0.455862,0.030432
2239.000000,0.455581,0.030424
2240.000000,0.455300,0.030422
2241.000000,0.455016,0.030435
2242.000000,0.454737,0.030427
2243.000000,0.454461,0.030414
2244.000000,0.454181,0.030423
2245.000000,0.453900,0.030429
2246.000000,0.453623,0.030423
2247.000000,0.453350,0.030407
2248.000000,0.453072,0.030401
2249.000000,0.452792,0.030402
2250.000000,0.452510,0.030414
2251.000000,0.452234,0.030405
2252.000000,0.451955,0.030405
2253.000000,0.451669,0.030413
2254.000000,0.451393,0.030391
2255.000000,0.451109,0.030403
2256.000000,0.450833,0.030392
2257.000000,0.450552,0.030397
2258.000000,0.450273,0.030401
2259.000000,0.449992,0.030412
2260.000000,0.449712,0.030418
2261.000000,0.449440,0.030395
2262.000000,0.449159,0.030390
2263.000000,0.448879,0.030393
2264.000000,0.448598,0.030393
2265.000000,0.448312,0.030400
2266.000000,0.448029,0.030409
2267.000000,0.447749,0.030415
2268.000000,0.447470,0.030414
2269.000000,0.447198,0.030396
2270.000000,0.446919,0.030393
2271.000000,0.446642,0.030398
2272.000000,0.446365,0.030389
2273.000000,0.446083,0.030397
2274.000000,0.445797,0.030408
2275.000000,0.445518,0.030410
2276.000000,0.445244,0.030381
2277.000000,0.444966,0.030371
2278.000000,0.444683,0.030391
2279.000000,0.444406,0.030387
2280.000000,0.444133,0.030369
2281.000000,0.443848,0.030384
2282.000000,0.443567,0.030386
2283.000000,0.443283,0.030398
2284.000000,0.443004,0.030402
2285.000000,0.442725,0.030408
2286.000000,0.442444,0.030412
2287.000000,0.442166,0.030419
2288.000000,0.441880,0.030442
2289.000000,0.441596,0.030452
2290.000000,0.441322,0.030436
2291.000000,0.441043,0.030440
2292.000000,0.440764,0.030450
2293.000000,0.440482,0.030461
2294.000000,0.440203,0.030457
2295.000000,0.439919,0.030468
2296.000000,0.439637,0.030476
2297.000000,0.439352,0.030499
2298.000000,0.439075,0.030490
2299.000000,0.438796,0.030483
2300.000000,0.438516,0.030479
2301.000000,0.438514,0.029490
2302.000000,0.438513,0.028529
2303.000000,0.438518,0.027581
2304.000000,0.438520,0.026686
2305.000000,0.438516,0.025830
2306.000000,0.438514,0.024992
2307.000000,0.438504,0.024207
2308.000000,0.438503,0.023428
2309.000000,0.438499,0.022686
2310.000000,0.438499,0.021959
2311.000000,0.438494,0.021262
2312.000000,0.438492,0.020582
2313.000000,0.438485,0.019935
2314.000000,0.438483,0.019296
2315.000000,0.438479,0.018683
2316.000000,0.438476,0.018089
2317.000000,0.438474,0.017507
2318.000000,0.438471,0.016952
2319.000000,0.438461,0.016432
2320.000000,0.438459,0.015906
2321.000000,0.438458,0.015402
2322.000000,0.438458,0.014923
2323.000000,0.438449,0.014460
2324.000000,0.438443,0.014001
2325.000000,0.438445,0.013534
2326.000000,0.438441,0.013110
2327.000000,0.438446,0.012672
2328.000000,0.438440,0.012285
2329.000000,0.438437,0.011899
2330.000000,0.438433,0.011533
2331.000000,0.438431,0.011161
2332.000000,0.438432,0.010794
2333.000000,0.438428,0.010457
2334.000000,0.438422,0.010129
2335.000000,0.438418,0.009807
2336.000000,0.438413,0.009502
2337.000000,0.438404,0.009231
2338.000000,0.438399,0.008951
2339.000000,0.438395,0.008683
2340.000000,0.438386,0.008421
2341.000000,0.438376,0.008175
2342.000000,0.438375,0.007919
2343.000000,0.438372,0.007655
2344.000000,0.438373,0.007416
2345.000000,0.438364,0.007196
2346.000000,0.438365,0.006965
2347.000000,0.438361,0.006750
2348.000000,0.438362,0.006536
2349.000000,0.438362,0.006350
2350.000000,0.438352,0.006164
2351.000000,0.438349,0.005983
2352.000000,0.438341,0.005808
2353.000000,0.438339,0.005632
2354.000000,0.438335,0.005464
2355.000000,0.438336,0.005287
2356.000000,0.438337,0.005107
2357.000000,0.438335,0.004956
2358.000000,0.438329,0.004811
2359.000000,0.438325,0.004679
2360.000000,0.438317,0.004556
2361.000000,0.438307,0.004437
2362.000000,0.438310,0.004296
2363.000000,0.438309,0.004166
2364.000000,0.438308,0.004048
2365.000000,0.438301,0.003954
2366.000000,0.438293,0.003854
2367.000000,0.438287,0.003753
2368.000000,0.438285,0.003641
2369.000000,0.438288,0.003527
2370.000000,0.438284,0.003433
2371.000000,0.438284,0.003324
2372.000000,0.438282,0.003228
2373.000000,0.438279,0.003135
2374.000000,0.438275,0.003062
2375.000000,0.438273,0.002973
2376.000000,0.438276,0.002866
2377.000000,0.438270,0.002792
2378.000000,0.438268,0.002708
2379.000000,0.438263,0.002635
2380.000000,0.438258,0.002562
2381.000000,0.438259,0.002490
2382.000000,0.438254,0.002430
2383.000000,0.438257,0.002350
2384.000000,0.438250,0.002283
2385.000000,0.438247,0.002229
2386.000000,0.438245,0.002165
2387.000000,0.438246,0.002093
2388.000000,0.438242,0.002045
2389.000000,0.438235,0.002004
2390.000000,0.438227,0.001953
2391.000000,0.438232,0.001884
2392.000000,0.438227,0.001843
2393.000000,0.438229,0.001781
2394.000000,0.438223,0.001741
2395.000000,0.438219,0.001690
2396.000000,0.438220,0.001638
2397.000000,0.438222,0.001594
2398.000000,0.438220,0.001554
2399.000000,0.438216,0.001512
2400.000000,0.438212,0.001482
2401.000000,0.437933,0.002427
2402.000000,0.437651,0.003355
2403.000000,0.437371,0.004246
2404.000000,0.437086,0.005099
2405.000000,0.436809,0.005921
2406.000000,0.436531,0.006709
2407.000000,0.436246,0.007491
2408.000000,0.435966,0.008240
2409.000000,0.435693,0.008944
2410.000000,0.435410,0.009644
2411.000000,0.435134,0.010317
2412.000000,0.434850,0.010992
2413.000000,0.434574,0.011613
2414.000000,0.434296,0.012216
2415.000000,0.434010,0.012825
2416.000000,0.433728,0.013416
2417.000000,0.433446,0.013967
2418.000000,0.433169,0.014501
2419.000000,0.432887,0.015030
2420.000000,0.432612,0.015512
2421.000000,0.432333,0.015984
2422.000000,0.432053,0.016455
2423.000000,0.431769,0.016929
2424.000000,0.431487,0.017368
2425.000000,0.431207,0.017797
2426.000000,0.430924,0.018223
2427.000000,0.430636,0.018645
2428.000000,0.430359,0.019025
2429.000000,0.430074,0.019400
2430.000000,0.429789,0.019780
2431.000000,0.429516,0.020114
2432.000000,0.429235,0.020462
2433.000000,0.428958,0.020779
2434.000000,0.428677,0.021097
2435.000000,0.428396,0.021402
2436.000000,0.428117,0.021689
2437.000000,0.427840,0.021966
2438.000000,0.427557,0.022247
2439.000000,0.427275,0.022525
2440.000000,0.427000,0.022783
2441.000000,0.426719,0.023034
2442.000000,0.426434,0.023283
2443.000000,0.426153,0.023509
2444.000000,0.425872,0.023743
2445.000000,0.425589,0.023971
2446.000000,0.425303,0.024208
2447.000000,0.425023,0.024409
2448.000000,0.424745,0.024602
2449.000000,0.424462,0.024801
2450.000000,0.424178,0.024995
2451.000000,0.423898,0.025168
2452.000000,0.423616,0.025338
2453.000000,0.423338,0.025509
2454.000000,0.423059,0.025663
2455.000000,0.422781,0.025816
2456.000000,0.422499,0.025968
2457.000000,0.422214,0.026125
2458.000000,0.421934,0.026261
2459.000000,0.421661,0.026379
2460.000000,0.421385,0.026494
2461.000000,0.421106,0.026611
2462.000000,0.420829,0.026724
2463.000000,0.420550,0.026844
2464.000000,0.420276,0.026950
2465.000000,0.419998,0.027057
2466.000000,0.419721,0.027161
2467.000000,0.419443,0.027264
2468.000000,0.419156,0.027381
2469.000000,0.418872,0.027488
2470.000000,0.418589,0.027586
2471.000000,0.418307,0.027676
2472.000000,0.418029,0.027762
2473.000000,0.417748,0.027853
2474.000000,0.417466,0.027943
2475.000000,0.417183,0.028017
2476.000000,0.416906,0.028096
2477.000000,0.416629,0.028154
2478.000000,0.416352,0.028230
2479.000000,0.416067,0.028311
2480.000000,0.415785,0.028378
2481.000000,0.415495,0.028464
2482.000000,0.415218,0.028520
2483.000000,0.414934,0.028586
2484.000000,0.414652,0.028647
2485.000000,0.414368,0.028705
2486.000000,0.414090,0.028761
2487.000000,0.413810,0.028817
2488.000000,0.413531,0.028878
2489.000000,0.413246,0.028943
2490.000000,0.412966,0.028992
2491.000000,0.412680,0.029048
2492.000000,0.412401,0.029087
2493.000000,0.412117,0.029139
2494.000000,0.411840,0.029174
2495.000000,0.411558,0.029226
2496.000000,0.411274,0.029287
2497.000000,0.410992,0.029324
2498.000000,0.410719,0.029339
2499.000000,0.410440,0.029370
2500.000000,0.410156,0.029417
2501.000000,0.409872,0.029457
2502.000000,0.409590,0.029492
2503.000000,0.409310,0.029532
2504.000000,0.409029,0.029566
2505.000000,0.408745,0.029607
2506.000000,0.408462,0.029644
2507.000000,0.408182,0.029684
2508.000000,0.407904,0.029712
2509.000000,0.407619,0.029745
2510.000000,0.407339,0.029765
2511.000000,0.407060,0.029781
2512.000000,0.406775,0.029820
2513.000000,0.406492,0.029842
2514.000000,0.406210,0.029870
2515.000000,0.405933,0.029889
2516.000000,0.405651,0.029902
2517.000000,0.405368,0.029920
2518.000000,0.405083,0.029952
2519.000000,0.404800,0.029973
2520.000000,0.404528,0.029971
2521.000000,0.404250,0.029984
2522.000000,0.403967,0.030016
2523.000000,0.403686,0.030028
2524.000000,0.403410,0.030024
2525.000000,0.403122,0.030057
2526.000000,0.402841,0.030076
2527.000000,0.402562,0.030087
2528.000000,0.402285,0.030095
2529.000000,0.402001,0.030117
2530.000000,0.401722,0.030122
2531.000000,0.401438,0.030144
2532.000000,0.401158,0.030159
2533.000000,0.400874,0.030171
2534.000000,0.400595,0.030181
2535.000000,0.400315,0.030188
2536.000000,0.400029,0.030207
2537.000000,0.399745,0.030207
2538.000000,0.399469,0.030199
2539.000000,0.399192,0.030212
2540.000000,0.398916,0.030225
2541.000000,0.398636,0.030237
2542.000000,0.398362,0.030247
2543.000000,0.398083,0.030250
2544.000000,0.397804,0.030264
2545.000000,0.397523,0.030269
2546.000000,0.397243,0.030270
2547.000000,0.396963,0.030273
2548.000000,0.396671,0.030299
2549.000000,0.396401,0.030286
2550.000000,0.396118,0.030296
2551.000000,0.395841,0.030285
2552.000000,0.395558,0.030289
2553.000000,0.395279,0.030290
2554.000000,0.395011,0.030274
2555.000000,0.394737,0.030282
2556.000000,0.394454,0.030284
2557.000000,0.394180,0.030269
2558.000000,0.393895,0.030283
2559.000000,0.393615,0.030302
2560.000000,0.393333,0.030321
2561.000000,0.393051,0.030329
2562.000000,0.392772,0.030333
2563.000000,0.392488,0.030349
2564.000000,0.392210,0.030368
2565.000000,0.391929,0.030381
2566.000000,0.391655,0.030374
2567.000000,0.391367,0.030379
2568.000000,0.391087,0.030385
2569.000000,0.390819,0.030368
2570.000000,0.390543,0.030375
2571.000000,0.390252,0.030400
2572.000000,0.389971,0.030407
2573.000000,0.389684,0.030423
2574.000000,0.389410,0.030425
2575.000000,0.389132,0.030425
2576.000000,0.388849,0.030429
2577.000000,0.388572,0.030421
2578.000000,0.388288,0.030414
2579.000000,0.388003,0.030427
2580.000000,0.387720,0.030441
2581.000000,0.387446,0.030431
2582.000000,0.387159,0.030441
2583.000000,0.386879,0.030441
2584.000000,0.386602,0.030443
2585.000000,0.386317,0.030448
2586.000000,0.386036,0.030458
2587.000000,0.385758,0.030458
2588.000000,0.385480,0.030470
2589.000000,0.385200,0.030472
2590.000000,0.384918,0.030478
2591.000000,0.384644,0.030468
2592.000000,0.384356,0.030489
2593.000000,0.384075,0.030492
2594.000000,0.383792,0.030497
2595.000000,0.383517,0.030479
2596.000000,0.383243,0.030470
2597.000000,0.382963,0.030480
2598.000000,0.382680,0.030482
2599.000000,0.382407,0.030462
2600.000000,0.382130,0.030471
2601.000000,0.381850,0.030465
2602.000000,0.381567,0.030478
2603.000000,0.381288,0.030476
2604.000000,0.381009,0.030476
2605.000000,0.380721,0.030487
2606.000000,0.380449,0.030476
2607.000000,0.380170,0.030466
2608.000000,0.379895,0.030462
2609.000000,0.379612,0.030470
2610.000000,0.379334,0.030456
2611.000000,0.379064,0.030439
2612.000000,0.378786,0.030446
2613.000000,0.378509,0.030440
2614.000000,0.378233,0.030436
2615.000000,0.377958,0.030418
2616.000000,0.377681,0.030412
2617.000000,0.377400,0.030413
2618.000000,0.377121,0.030423
2619.000000,0.376842,0.030416
2620.000000,0.376563,0.030432
2621.000000,0.376285,0.030426
2622.000000,0.376008,0.030419
2623.000000,0.375727,0.030435
2624.000000,0.375448,0.030437
2625.000000,0.375169,0.030432
2626.000000,0.374891,0.030431
2627.000000,0.374611,0.030444
2628.000000,0.374326,0.030458
2629.000000,0.374049,0.030450
2630.000000,0.373770,0.030449
2631.000000,0.373493,0.030449
2632.000000,0.373217,0.030439
2633.000000,0.372943,0.030438
2634.000000,0.372664,0.030438
2635.000000,0.372381,0.030449
2636.000000,0.372098,0.030461
2637.000000,0.371816,0.030457
2638.000000,0.371535,0.030455
2639.000000,0.371252,0.030461
2640.000000,0.370978,0.030454
2641.000000,0.370698,0.030459
2642.000000,0.370417,0.030458
2643.000000,0.370145,0.030447
2644.000000,0.369873,0.030437
2645.000000,0.369594,0.030451
2646.000000,0.369313,0.030449
2647.000000,0.369028,0.030465
2648.000000,0.368756,0.030459
2649.000000,0.368477,0.030461
2650.000000,0.368190,0.030484
2651.000000,0.367916,0.030471
2652.000000,0.367646,0.030451
2653.000000,0.367361,0.030464
2654.000000,0.367085,0.030455
2655.000000,0.366809,0.030454
2656.000000,0.366528,0.030448
2657.000000,0.366249,0.030450
2658.000000,0.365969,0.030441
2659.000000,0.365687,0.030439
2660.000000,0.365405,0.030444
2661.000000,0.365130,0.030434
2662.000000,0.364852,0.030427
2663.000000,0.364572,0.030424
2664.000000,0.364297,0.030411
2665.000000,0.364016,0.030408
2666.000000,0.363738,0.030410
2667.000000,0.363463,0.030407
2668.000000,0.363185,0.030405
2669.000000,0.362905,0.030406
2670.000000,0.362629,0.030400
2671.000000,0.362342,0.030409
2672.000000,0.362061,0.030424
2673.000000,0.361793,0.030419
2674.000000,0.361512,0.030424
2675.000000,0.361233,0.030422
2676.000000,0.360956,0.030426
2677.000000,0.360677,0.030441
2678.000000,0.360400,0.030446
2679.000000,0.360119,0.030429
2680.000000,0.359841,0.030434
2681.000000,0.359566,0.030445
2682.000000,0.359290,0.030442
2683.000000,0.359004,0.030452
2684.000000,0.358728,0.030445
2685.000000,0.358449,0.030431
2686.000000,0.358173,0.030432
2687.000000,0.357896,0.030415
2688.000000,0.357618,0.030413
2689.000000,0.357333,0.030427
2690.000000,0.357057,0.030409
2691.000000,0.356786,0.030397
2692.000000,0.356510,0.030388
2693.000000,0.356230,0.030389
2694.000000,0.355948,0.030388
2695.000000,0.355660,0.030404
2696.000000,0.355374,0.030415
2697.000000,0.355094,0.030421
2698.000000,0.354818,0.030422
2699.000000,0.354536,0.030427
2700.000000,0.354264,0.030418
2701.000000,0.353981,0.030427
2702.000000,0.353704,0.030417
2703.000000,0.353420,0.030426
2704.000000,0.353140,0.030438
2705.000000,0.352867,0.030439
2706.000000,0.352583,0.030438
2707.000000,0.352302,0.030442
2708.000000,0.352035,0.030413
2709.000000,0.351751,0.030418
2710.000000,0.351474,0.030417
2711.000000,0.351198,0.030417
2712.000000,0.350918,0.030425
2713.000000,0.350640,0.030424
2714.000000,0.350370,0.030413
2715.000000,0.350097,0.030411
2716.000000,0.349818,0.030413
2717.000000,0.349537,0.030415
2718.000000,0.349255,0.030418
2719.000000,0.348976,0.030428
2720.000000,0.348696,0.030418
2721.000000,0.348415,0.030421
2722.000000,0.348133,0.030434
2723.000000,0.347857,0.030417
2724.000000,0.347579,0.030420
2725.000000,0.347309,0.030414
2726.000000,0.347030,0.030411
2727.000000,0.346753,0.030403
2728.000000,0.346477,0.030402
2729.000000,0.346194,0.030421
2730.000000,0.345923,0.030409
2731.000000,0.345647,0.030398
2732.000000,0.345371,0.030387
2733.000000,0.345082,0.030406
2734.000000,0.344799,0.030403
2735.000000,0.344515,0.030405
2736.000000,0.344238,0.030402
2737.000000,0.343957,0.030394
2738.000000,0.343683,0.030393
2739.000000,0.343397,0.030419
2740.000000,0.343114,0.030433
2741.000000,0.342835,0.030425
2742.000000,0.342556,0.030432
2743.000000,0.342276,0.030424
2744.000000,0.341999,0.030408
2745.000000,0.341721,0.030418
2746.000000,0.341440,0.030430
2747.000000,0.341158,0.030441
2748.000000,0.340882,0.030436
2749.000000,0.340603,0.030434
2750.000000,0.340323,0.030441
2751.000000,0.340041,0.030446
2752.000000,0.339769,0.030441
2753.000000,0.339493,0.030425
2754.000000,0.339218,0.030426
2755.000000,0.338936,0.030437
2756.000000,0.338662,0.030425
2757.000000,0.338384,0.030431
2758.000000,0.338108,0.030434
2759.000000,0.337824,0.030442
2760.000000,0.337546,0.030450
2761.000000,0.337274,0.030442
2762.000000,0.336999,0.030426
2763.000000,0.336722,0.030421
2764.000000,0.336438,0.030431
2765.000000,0.336160,0.030426
2766.000000,0.335888,0.030419
2767.000000,0.335611,0.030402
2768.000000,0.335324,0.030421
2769.000000,0.335048,0.030429
2770.000000,0.334769,0.030436
2771.000000,0.334494,0.030445
2772.000000,0.334212,0.030451
2773.000000,0.333934,0.030448
2774.000000,0.333653,0.030446
2775.000000,0.333376,0.030442
2776.000000,0.333084,0.030468
2777.000000,0.332806,0.030472
2778.000000,0.332529,0.030467
2779.000000,0.332249,0.030470
2780.000000,0.331972,0.030459
2781.000000,0.331686,0.030474
2782.000000,0.331411,0.030466
2783.000000,0.331127,0.030470
2784.000000,0.330847,0.030480
2785.000000,0.330573,0.030481
2786.000000,0.330298,0.030480
2787.000000,0.330015,0.030479
2788.000000,0.329734,0.030478
2789.000000,0.329458,0.030471
2790.000000,0.329180,0.030465
2791.000000,0.328893,0.030479
2792.000000,0.328615,0.030477
2793.000000,0.328339,0.030468
2794.000000,0.328067,0.030461
2795.000000,0.327784,0.030471
2796.000000,0.327507,0.030476
2797.000000,0.327223,0.030481
2798.000000,0.326941,0.030477
2799.000000,0.326663,0.030482
2800.000000,0.326389,0.030473
2801.000000,0.326108,0.030470
2802.000000,0.325826,0.030478
2803.000000,0.325541,0.030486
2804.000000,0.325264,0.030475
2805.000000,0.324990,0.030465
2806.000000,0.324710,0.030466
2807.000000,0.324425,0.030482
2808.000000,0.324148,0.030462
2809.000000,0.323866,0.030464
2810.000000,0.323596,0.030449
2811.000000,0.323319,0.030442
2812.000000,0.323038,0.030439
2813.000000,0.322759,0.030435
2814.000000,0.322477,0.030431
2815.000000,0.322195,0.030431
2816.000000,0.321921,0.030426
2817.000000,0.321646,0.030412
2818.000000,0.321370,0.030420
2819.000000,0.321089,0.030428
2820.000000,0.320808,0.030436
2821.000000,0.320535,0.030421
2822.000000,0.320247,0.030426
2823.000000,0.319967,0.030433
2824.000000,0.319690,0.030423
2825.000000,0.319416,0.030423
2826.000000,0.319140,0.030422
2827.000000,0.318853,0.030441
2828.000000,0.318572,0.030459
2829.000000,0.318298,0.030442
2830.000000,0.318009,0.030467
2831.000000,0.317733,0.030457
2832.000000,0.317451,0.030466
2833.000000,0.317174,0.030474
2834.000000,0.316899,0.030463
2835.000000,0.316619,0.030467
2836.000000,0.316343,0.030464
2837.000000,0.316066,0.030469
2838.000000,0.315789,0.030469
2839.000000,0.315511,0.030480
2840.000000,0.315234,0.030479
2841.000000,0.314956,0.030476
2842.000000,0.314677,0.030485
2843.000000,0.314397,0.030489
2844.000000,0.314116,0.030494
2845.000000,0.313844,0.030485
2846.000000,0.313573,0.030473
2847.000000,0.313295,0.030466
2848.000000,0.313017,0.030459
2849.000000,0.312740,0.030466
2850.000000,0.312461,0.030474
2851.000000,0.312183,0.030471
2852.000000,0.311900,0.030484
2853.000000,0.311618,0.030496
2854.000000,0.311338,0.030497
2855.000000,0.311060,0.030487
2856.000000,0.310777,0.030501
2857.000000,0.310499,0.030498
2858.000000,0.310218,0.030497
2859.000000,0.309943,0.030492
2860.000000,0.309670,0.030481
2861.000000,0.309398,0.030465
2862.000000,0.309117,0.030470
2863.000000,0.308842,0.030461
2864.000000,0.308555,0.030490
2865.000000,0.308275,0.030478
2866.000000,0.308002,0.030464
2867.000000,0.307722,0.030468
2868.000000,0.307447,0.030482
2869.000000,0.307172,0.030480
2870.000000,0.306894,0.030484
2871.000000,0.306620,0.030464
2872.000000,0.306344,0.030457
2873.000000,0.306064,0.030446
2874.000000,0.305785,0.030428
2875.000000,0.305503,0.030430
2876.000000,0.305230,0.030408
2877.000000,0.304948,0.030397
2878.000000,0.304669,0.030393
2879.000000,0.304392,0.030387
2880.000000,0.304111,0.030392
2881.000000,0.303829,0.030397
2882.000000,0.303547,0.030407
2883.000000,0.303271,0.030415
2884.000000,0.302991,0.030427
2885.000000,0.302710,0.030427
2886.000000,0.302430,0.030431
2887.000000,0.302150,0.030436
2888.000000,0.301868,0.030438
2889.000000,0.301588,0.030434
2890.000000,0.301313,0.030431
2891.000000,0.301035,0.030423
2892.000000,0.300752,0.030428
2893.000000,0.300473,0.030427
2894.000000,0.300196,0.030421
2895.000000,0.299912,0.030416
2896.000000,0.299637,0.030405
2897.000000,0.299359,0.030415
2898.000000,0.299082,0.030417
2899.000000,0.298813,0.030408
2900.000000,0.298537,0.030416
2901.000000,0.298543,0.029427
2902.000000,0.298556,0.028462
2903.000000,0.298555,0.027553
2904.000000,0.298556,0.026659
2905.000000,0.298560,0.025795
2906.000000,0.298558,0.024964
2907.000000,0.298554,0.024171
2908.000000,0.298551,0.023393
2909.000000,0.298555,0.022629
2910.000000,0.298551,0.021907
2911.000000,0.298549,0.021199
2912.000000,0.298545,0.020536
2913.000000,0.298543,0.019877
2914.000000,0.298542,0.019219
2915.000000,0.298536,0.018607
2916.000000,0.298526,0.018031
2917.000000,0.298518,0.017470
2918.000000,0.298514,0.016930
2919.000000,0.298517,0.016379
2920.000000,0.298517,0.015865
2921.000000,0.298521,0.015352
2922.000000,0.298524,0.014864
2923.000000,0.298529,0.014379
2924.000000,0.298530,0.013915
2925.000000,0.298536,0.013466
2926.000000,0.298536,0.013048
2927.000000,0.298534,0.012642
2928.000000,0.298537,0.012244
2929.000000,0.298532,0.011845
2930.000000,0.298531,0.011468
2931.000000,0.298532,0.011099
2932.000000,0.298533,0.010757
2933.000000,0.298534,0.010430
2934.000000,0.298526,0.010113
2935.000000,0.298532,0.009788
2936.000000,0.298534,0.009455
2937.000000,0.298535,0.009143
2938.000000,0.298529,0.008871
2939.000000,0.298529,0.008591
2940.000000,0.298525,0.008317
2941.000000,0.298522,0.008074
2942.000000,0.298520,0.007836
2943.000000,0.298523,0.007593
2944.000000,0.298522,0.007356
2945.000000,0.298521,0.007128
2946.000000,0.298520,0.006911
2947.000000,0.298521,0.006714
2948.000000,0.298510,0.006513
2949.000000,0.298504,0.006322
2950.000000,0.298500,0.006140
2951.000000,0.298499,0.005942
2952.000000,0.298495,0.005769
2953.000000,0.298495,0.005592
2954.000000,0.298498,0.005398
2955.000000,0.298504,0.005215
2956.000000,0.298508,0.005048
2957.000000,0.298505,0.004902
2958.000000,0.298503,0.004757
2959.000000,0.298501,0.004617
2960.000000,0.298495,0.004499
2961.000000,0.298492,0.004354
2962.000000,0.298493,0.004225
2963.000000,0.298490,0.004104
2964.000000,0.298495,0.003976
2965.000000,0.298497,0.003860
2966.000000,0.298505,0.003732
2967.000000,0.298496,0.003638
2968.000000,0.298497,0.003527
2969.000000,0.298486,0.003446
2970.000000,0.298483,0.003347
2971.000000,0.298484,0.003261
2972.000000,0.298489,0.003168
2973.000000,0.298484,0.003078
2974.000000,0.298483,0.002986
2975.000000,0.298482,0.002904
2976.000000,0.298483,0.002826
2977.000000,0.298478,0.002741
2978.000000,0.298472,0.002664
2979.000000,0.298475,0.002585
2980.000000,0.298462,0.002538
2981.000000,0.298460,0.002469
2982.000000,0.298456,0.002417
2983.000000,0.298457,0.002350
2984.000000,0.298455,0.002290
2985.000000,0.298457,0.002216
2986.000000,0.298460,0.002153
2987.000000,0.298460,0.002099
2988.000000,0.298453,0.002060
2989.000000,0.298452,0.002009
2990.000000,0.298449,0.001971
2991.000000,0.298453,0.001926
2992.000000,0.298450,0.001893
2993.000000,0.298454,0.001844
2994.000000,0.298445,0.001822
2995.000000,0.298444,0.001772
2996.000000,0.298444,0.001721
2997.000000,0.298447,0.001667
2998.000000,0.298437,0.001650
2999.000000,0.298438,0.001618
3000.000000,0.298441,0.001575
3001.000000,0.298159,0.002534
3002.000000,0.297881,0.003455
3003.000000,0.297598,0.004359
3004.000000,0.297326,0.005198
3005.000000,0.297044,0.006024
3006.000000,0.296766,0.006820
3007.000000,0.296493,0.007575
3008.000000,0.296214,0.008334
3009.000000,0.295935,0.009056
3010.000000,0.295646,0.009766
3011.000000,0.295358,0.010467
3012.000000,0.295081,0.011118
3013.000000,0.294804,0.011747
3014.000000,0.294531,0.012360
3015.000000,0.294252,0.012962
3016.000000,0.293976,0.013530
3017.000000,0.293700,0.014078
3018.000000,0.293423,0.014624
3019.000000,0.293141,0.015146
3020.000000,0.292868,0.015628
3021.000000,0.292590,0.016101
3022.000000,0.292313,0.016585
3023.000000,0.292035,0.017043
3024.000000,0.291757,0.017475
3025.000000,0.291479,0.017898
3026.000000,0.291202,0.018309
3027.000000,0.290921,0.018714
3028.000000,0.290645,0.019085
3029.000000,0.290367,0.019450
3030.000000,0.290090,0.019812
3031.000000,0.289811,0.020160
3032.000000,0.289529,0.020502
3033.000000,0.289250,0.020816
3034.000000,0.288972,0.021135
3035.000000,0.288690,0.021451
3036.000000,0.288410,0.021750
3037.000000,0.288132,0.022036
3038.000000,0.287857,0.022311
3039.000000,0.287583,0.022568
3040.000000,0.287307,0.022825
3041.000000,0.287025,0.023087
3042.000000,0.286745,0.023327
3043.000000,0.286466,0.023552
3044.000000,0.286187,0.023773
3045.000000,0.285909,0.023994
3046.000000,0.285629,0.024201
3047.000000,0.285350,0.024411
3048.000000,0.285068,0.024614
3049.000000,0.284782,0.024814
3050.000000,0.284503,0.025012
3051.000000,0.284220,0.025200
3052.000000,0.283942,0.025362
3053.000000,0.283663,0.025520
3054.000000,0.283386,0.025681
3055.000000,0.283114,0.025831
3056.000000,0.282837,0.025971
3057.000000,0.282560,0.026113
3058.000000,0.282287,0.026250
3059.000000,0.282004,0.026381
3060.000000,0.281734,0.026510
3061.000000,0.281461,0.026650
3062.000000,0.281173,0.026777
3063.000000,0.280888,0.026921
3064.000000,0.280607,0.027038
3065.000000,0.280329,0.027147
3066.000000,0.280050,0.027255
3067.000000,0.279774,0.027361
3068.000000,0.279494,0.027466
3069.000000,0.279207,0.027585
3070.000000,0.278931,0.027670
3071.000000,0.278653,0.027769
3072.000000,0.278370,0.027859
3073.000000,0.278091,0.027928
3074.000000,0.277818,0.028017
3075.000000,0.277534,0.028109
3076.000000,0.277258,0.028177
3077.000000,0.276978,0.028251
3078.000000,0.276706,0.028306
3079.000000,0.276438,0.028363
3080.000000,0.276159,0.028441
3081.000000,0.275877,0.028502
3082.000000,0.275597,0.028555
3083.000000,0.275317,0.028619
3084.000000,0.275040,0.028674
3085.000000,0.274757,0.028727
3086.000000,0.274480,0.028790
3087.000000,0.274201,0.028833
3088.000000,0.273931,0.028876
3089.000000,0.273658,0.028928
3090.000000,0.273377,0.028987
3091.000000,0.273097,0.029047
3092.000000,0.272817,0.029086
3093.000000,0.272538,0.029139
3094.000000,0.272261,0.029174
3095.000000,0.271974,0.029234
3096.000000,0.271698,0.029263
3097.000000,0.271415,0.029314
3098.000000,0.271137,0.029345
3099.000000,0.270857,0.029400
3100.000000,0.270575,0.029440
3101.000000,0.270305,0.029462
3102.000000,0.270024,0.029489
3103.000000,0.269750,0.029527
3104.000000,0.269465,0.029568
3105.000000,0.269187,0.029596
3106.000000,0.268908,0.029624
3107.000000,0.268626,0.029658
3108.000000,0.268351,0.029684
3109.000000,0.268081,0.029696
3110.000000,0.267809,0.029711
3111.000000,0.267529,0.029738
3112.000000,0.267249,0.029772
3113.000000,0.266964,0.029810
3114.000000,0.266680,0.029839
3115.000000,0.266398,0.029862
3116.000000,0.266116,0.029888
3117.000000,0.265841,0.029899
3118.000000,0.265556,0.029916
3119.000000,0.265280,0.029925
3120.000000,0.265011,0.029929
3121.000000,0.264736,0.029948
3122.000000,0.264455,0.029966
3123.000000,0.264171,0.029989
3124.000000,0.263893,0.030009
3125.000000,0.263606,0.030026
3126.000000,0.263331,0.030045
3127.000000,0.263052,0.030057
3128.000000,0.262779,0.030073
3129.000000,0.262497,0.030078
3130.000000,0.262221,0.030093
3131.000000,0.261941,0.030111
3132.000000,0.261664,0.030115
3133.000000,0.261381,0.030127
3134.000000,0.261106,0.030131
3135.000000,0.260832,0.030135
3136.000000,0.260563,0.030133
3137.000000,0.260285,0.030155
3138.000000,0.260002,0.030175
3139.000000,0.259719,0.030189
3140.000000,0.259431,0.030217
3141.000000,0.259159,0.030222
3142.000000,0.258870,0.030259
3143.000000,0.258598,0.030262
3144.000000,0.258321,0.030270
3145.000000,0.258045,0.030271
3146.000000,0.257765,0.030280
3147.000000,0.257487,0.030293
3148.000000,0.257209,0.030297
3149.000000,0.256925,0.030319
3150.000000,0.256649,0.030325
3151.000000,0.256369,0.030331
3152.000000,0.256091,0.030326
3153.000000,0.255814,0.030334
3154.000000,0.255536,0.030336
3155.000000,0.255261,0.030333
3156.000000,0.254984,0.030329
3157.000000,0.254695,0.030359
3158.000000,0.254423,0.030358
3159.000000,0.254154,0.030346
3160.000000,0.253881,0.030341
3161.000000,0.253602,0.030344
3162.000000,0.253321,0.030353
3163.000000,0.253047,0.030360
3164.000000,0.252765,0.030369
3165.000000,0.252487,0.030366
3166.000000,0.252214,0.030370
3167.000000,0.251938,0.030364
3168.000000,0.251668,0.030360
3169.000000,0.251387,0.030354
3170.000000,0.251114,0.030344
3171.000000,0.250840,0.030357
3172.000000,0.250561,0.030366
3173.000000,0.250279,0.030378
3174.000000,0.249997,0.030381
3175.000000,0.249720,0.030390
3176.000000,0.249445,0.030374
3177.000000,0.249164,0.030385
3178.000000,0.248881,0.030389
3179.000000,0.248607,0.030396
3180.000000,0.248331,0.030400
3181.000000,0.248056,0.030392
3182.000000,0.247778,0.030379
3183.000000,0.247507,0.030373
3184.000000,0.247226,0.030381
3185.000000,0.246942,0.030390
3186.000000,0.246662,0.030379
3187.000000,0.246384,0.030371
3188.000000,0.246103,0.030367
3189.000000,0.245824,0.030366
3190.000000,0.245552,0.030355
3191.000000,0.245276,0.030343
3192.000000,0.245002,0.030338
3193.000000,0.244721,0.030343
3194.000000,0.244446,0.030334
3195.000000,0.244175,0.030335
3196.000000,0.243892,0.030349
3197.000000,0.243619,0.030339
3198.000000,0.243336,0.030341
3199.000000,0.243060,0.030353
3200.000000,0.242782,0.030352
3201.000000,0.242509,0.030349
3202.000000,0.242227,0.030363
3203.000000,0.241952,0.030362
3204.000000,0.241673,0.030375
3205.000000,0.241392,0.030382
3206.000000,0.241119,0.030380
3207.000000,0.240837,0.030386
3208.000000,0.240561,0.030391
3209.000000,0.240278,0.030403
3210.000000,0.240003,0.030398
3211.000000,0.239723,0.030400
3212.000000,0.239445,0.030400
3213.000000,0.239162,0.030409
3214.000000,0.238887,0.030400
3215.000000,0.238607,0.030411
3216.000000,0.238325,0.030416
3217.000000,0.238051,0.030404
3218.000000,0.237770,0.030417
3219.000000,0.237484,0.030440
3220.000000,0.237203,0.030449
3221.000000,0.236917,0.030463
3222.000000,0.236647,0.030462
3223.000000,0.236376,0.030445
3224.000000,0.236104,0.030426
3225.000000,0.235829,0.030429
3226.000000,0.235546,0.030424
3227.000000,0.235262,0.030416
3228.000000,0.234983,0.030416
3229.000000,0.234698,0.030424
3230.000000,0.234423,0.030410
3231.000000,0.234147,0.030406
3232.000000,0.233868,0.030422
3233.000000,0.233589,0.030412
3234.000000,0.233310,0.030421
3235.000000,0.233033,0.030417
3236.000000,0.232755,0.030423
3237.000000,0.232472,0.030434
3238.000000,0.232197,0.030441
3239.000000,0.231916,0.030450
3240.000000,0.231647,0.030437
3241.000000,0.231363,0.030448
3242.000000,0.231090,0.030439
3243.000000,0.230811,0.030442
3244.000000,0.230531,0.030444
3245.000000,0.230253,0.030448
3246.000000,0.229973,0.030451
3247.000000,0.229689,0.030444
3248.000000,0.229404,0.030431
3249.000000,0.229128,0.030440
3250.000000,0.228854,0.030441
3251.000000,0.228578,0.030451
3252.000000,0.228300,0.030450
3253.000000,0.228022,0.030436
3254.000000,0.227740,0.030446
3255.000000,0.227463,0.030442
3256.000000,0.227180,0.030446
3257.000000,0.226910,0.030438
3258.000000,0.226634,0.030453
3259.000000,0.226360,0.030444
3260.000000,0.226083,0.030440
3261.000000,0.225800,0.030442
3262.000000,0.225530,0.030430
3263.000000,0.225251,0.030434
3264.000000,0.224968,0.030450
3265.000000,0.224693,0.030444
3266.000000,0.224411,0.030448
3267.000000,0.224141,0.030421
3268.000000,0.223858,0.030421
3269.000000,0.223585,0.030418
3270.000000,0.223309,0.030411
3271.000000,0.223031,0.030422
3272.000000,0.222753,0.030419
3273.000000,0.222475,0.030418
3274.000000,0.222194,0.030415
3275.000000,0.221923,0.030397
3276.000000,0.221645,0.030387
3277.000000,0.221363,0.030399
3278.000000,0.221090,0.030379
3279.000000,0.220815,0.030373
3280.000000,0.220532,0.030372
3281.000000,0.220249,0.030391
3282.000000,0.219971,0.030400
3283.000000,0.219693,0.030396
3284.000000,0.219411,0.030410
3285.000000,0.219135,0.030404
3286.000000,0.218854,0.030415
3287.000000,0.218576,0.030402
3288.000000,0.218295,0.030414
3289.000000,0.218021,0.030410
3290.000000,0.217742,0.030401
3291.000000,0.217463,0.030401
3292.000000,0.217180,0.030405
3293.000000,0.216906,0.030401
3294.000000,0.216626,0.030407
3295.000000,0.216347,0.030403
3296.000000,0.216067,0.030410
3297.000000,0.215784,0.030416
3298.000000,0.215503,0.030416
3299.000000,0.215221,0.030413
3300.000000,0.214939,0.030416
3301.000000,0.214664,0.030421
3302.000000,0.214378,0.030442
3303.000000,0.214099,0.030451
3304.000000,0.213816,0.030460
3305.000000,0.213532,0.030490
3306.000000,0.213249,0.030493
3307.000000,0.212970,0.030496
3308.000000,0.212690,0.030501
3309.000000,0.212422,0.030488
3310.000000,0.212147,0.030482
3311.000000,0.211868,0.030475
3312.000000,0.211591,0.030480
3313.000000,0.211320,0.030476
3314.000000,0.211036,0.030477
3315.000000,0.210753,0.030487
3316.000000,0.210471,0.030493
3317.000000,0.210192,0.030490
3318.000000,0.209915,0.030482
3319.000000,0.209630,0.030492
3320.000000,0.209354,0.030497
3321.000000,0.209076,0.030480
3322.000000,0.208798,0.030475
3323.000000,0.208523,0.030475
3324.000000,0.208242,0.030482
3325.000000,0.207959,0.030490
3326.000000,0.207675,0.030491
3327.000000,0.207395,0.030495
3328.000000,0.207114,0.030494
3329.000000,0.206839,0.030485
3330.000000,0.206557,0.030482
3331.000000,0.206281,0.030480
3332.000000,0.206003,0.030478
3333.000000,0.205731,0.030458
3334.000000,0.205459,0.030453
3335.000000,0.205179,0.030453
3336.000000,0.204899,0.030450
3337.000000,0.204620,0.030447
3338.000000,0.204340,0.030452
3339.000000,0.204064,0.030441
3340.000000,0.203788,0.030425
3341.000000,0.203504,0.030423
3342.000000,0.203222,0.030431
3343.000000,0.202941,0.030447
3344.000000,0.202661,0.030455
3345.000000,0.202391,0.030439
3346.000000,0.202120,0.030436
3347.000000,0.201843,0.030438
3348.000000,0.201569,0.030439
3349.000000,0.201292,0.030444
3350.000000,0.201022,0.030434
3351.000000,0.200750,0.030434
3352.000000,0.200474,0.030438
3353.000000,0.200195,0.030445
3354.000000,0.199924,0.030437
3355.000000,0.199653,0.030433
3356.000000,0.199387,0.030407
3357.000000,0.199124,0.030401
3358.000000,0.198850,0.030397
3359.000000,0.198583,0.030388
3360.000000,0.198294,0.030392
3361.000000,0.198041,0.030391
3362.000000,0.197778,0.030370
3363.000000,0.197515,0.030374
3364.000000,0.197265,0.030365
3365.000000,0.197000,0.030371
3366.000000,0.196752,0.030359
3367.000000,0.196476,0.030362
3368.000000,0.196234,0.030359
3369.000000,0.195979,0.030363
3370.000000,0.195718,0.030366
3371.000000,0.195468,0.030364
3372.000000,0.195200,0.030351
3373.000000,0.194940,0.030338
3374.000000,0.194692,0.030334
3375.000000,0.194416,0.030337
3376.000000,0.194163,0.030333
3377.000000,0.193906,0.030341
3378.000000,0.193664,0.030339
3379.000000,0.193394,0.030333
3380.000000,0.193150,0.030331
3381.000000,0.192887,0.030336
3382.000000,0.192625,0.030341
3383.000000,0.192351,0.030362
3384.000000,0.192085,0.030358
3385.000000,0.191830,0.030358
3386.000000,0.191561,0.030364
3387.000000,0.191308,0.030365
3388.000000,0.191044,0.030361
3389.000000,0.190779,0.030348
3390.000000,0.190517,0.030345
3391.000000,0.190263,0.030336
3392.000000,0.190005,0.030322
3393.000000,0.189748,0.030316
3394.000000,0.189496,0.030308
3395.000000,0.189244,0.030316
3396.000000,0.188979,0.030325
3397.000000,0.188713,0.030320
3398.000000,0.188453,0.030320
3399.000000,0.188202,0.030304
3400.000000,0.187931,0.030303
3401.000000,0.187663,0.030311
3402.000000,0.187394,0.030322
3403.000000,0.187134,0.030318
3404.000000,0.186863,0.030331
3405.000000,0.186611,0.030318
3406.000000,0.186342,0.030310
3407.000000,0.186067,0.030321
3408.000000,0.185798,0.030340
3409.000000,0.185534,0.030347
3410.000000,0.185261,0.030349
3411.000000,0.185001,0.030330
3412.000000,0.184742,0.030313
3413.000000,0.184476,0.030317
3414.000000,0.184216,0.030316
3415.000000,0.183952,0.030309
3416.000000,0.183701,0.030312
3417.000000,0.183443,0.030315
3418.000000,0.183172,0.030328
3419.000000,0.182910,0.030332
3420.000000,0.182645,0.030346
3421.000000,0.182391,0.030347
3422.000000,0.182125,0.030348
3423.000000,0.181865,0.030360
3424.000000,0.181606,0.030352
3425.000000,0.181346,0.030380
3426.000000,0.181091,0.030384
3427.000000,0.180829,0.030388
3428.000000,0.180563,0.030394
3429.000000,0.180298,0.030413
3430.000000,0.180031,0.030420
3431.000000,0.179785,0.030403
3432.000000,0.179518,0.030417
3433.000000,0.179252,0.030413
3434.000000,0.178985,0.030414
3435.000000,0.178716,0.030402
3436.000000,0.178454,0.030407
3437.000000,0.178186,0.030401
3438.000000,0.177930,0.030402
3439.000000,0.177658,0.030400
3440.000000,0.177390,0.030419
3441.000000,0.177128,0.030437
3442.000000,0.176849,0.030438
3443.000000,0.176598,0.030436
3444.000000,0.176332,0.030432
3445.000000,0.176066,0.030442
3446.000000,0.175806,0.030437
3447.000000,0.175548,0.030431
3448.000000,0.175282,0.030440
3449.000000,0.175025,0.030433
3450.000000,0.174764,0.030431
3451.000000,0.174515,0.030414
3452.000000,0.174252,0.030420
3453.000000,0.173995,0.030438
3454.000000,0.173735,0.030443
3455.000000,0.173453,0.030458
3456.000000,0.173208,0.030446
3457.000000,0.172937,0.030447
3458.000000,0.172684,0.030436
3459.000000,0.172420,0.030433
3460.000000,0.172159,0.030439
3461.000000,0.171888,0.030439
3462.000000,0.171630,0.030424
3463.000000,0.171365,0.030411
3464.000000,0.171113,0.030396
3465.000000,0.170849,0.030401
3466.000000,0.170584,0.030421
3467.000000,0.170299,0.030435
3468.000000,0.170038,0.030416
3469.000000,0.169770,0.030429
3470.000000,0.169502,0.030438
3471.000000,0.169246,0.030421
3472.000000,0.168978,0.030418
3473.000000,0.168709,0.030428
3474.000000,0.168448,0.030432
3475.000000,0.168170,0.030420
3476.000000,0.167905,0.030425
3477.000000,0.167642,0.030404
3478.000000,0.167370,0.030402
3479.000000,0.167102,0.030414
3480.000000,0.166843,0.030413
3481.000000,0.166584,0.030407
3482.000000,0.166313,0.030416
3483.000000,0.166049,0.030425
3484.000000,0.165784,0.030437
3485.000000,0.165514,0.030445
3486.000000,0.165239,0.030454
3487.000000,0.164966,0.030461
3488.000000,0.164703,0.030461
3489.000000,0.164435,0.030460
3490.000000,0.164161,0.030457
3491.000000,0.163886,0.030444
3492.000000,0.163626,0.030433
3493.000000,0.163355,0.030430
3494.000000,0.163089,0.030432
3495.000000,0.162825,0.030444
3496.000000,0.162550,0.030444
3497.000000,0.162279,0.030452
3498.000000,0.162007,0.030462
3499.000000,0.161742,0.030457
3500.000000,0.161480,0.030461
3501.000000,0.161482,0.029474
3502.000000,0.161492,0.028534
3503.000000,0.161505,0.027618
3504.000000,0.161517,0.026714
3505.000000,0.161525,0.025853
3506.000000,0.161533,0.025035
3507.000000,0.161545,0.024226
3508.000000,0.161557,0.023449
3509.000000,0.161567,0.022699
3510.000000,0.161574,0.021959
3511.000000,0.161587,0.021257
3512.000000,0.161607,0.020559
3513.000000,0.161619,0.019892
3514.000000,0.161616,0.019265
3515.000000,0.161623,0.018650
3516.000000,0.161634,0.018049
3517.000000,0.161635,0.017476
3518.000000,0.161641,0.016916
3519.000000,0.161642,0.016376
3520.000000,0.161652,0.015859
3521.000000,0.161664,0.015345
3522.000000,0.161663,0.014857
3523.000000,0.161674,0.014380
3524.000000,0.161686,0.013907
3525.000000,0.161700,0.013455
3526.000000,0.161702,0.013043
3527.000000,0.161705,0.012633
3528.000000,0.161712,0.012220
3529.000000,0.161721,0.011818
3530.000000,0.161730,0.011443
3531.000000,0.161735,0.011097
3532.000000,0.161743,0.010744
3533.000000,0.161745,0.010419
3534.000000,0.161750,0.010094
3535.000000,0.161771,0.009780
3536.000000,0.161779,0.009460
3537.000000,0.161781,0.009173
3538.000000,0.161809,0.008881
3539.000000,0.161816,0.008611
3540.000000,0.161819,0.008335
3541.000000,0.161831,0.008077
3542.000000,0.161832,0.007830
3543.000000,0.161846,0.007584
3544.000000,0.161851,0.007353
3545.000000,0.161857,0.007124
3546.000000,0.161876,0.006896
3547.000000,0.161882,0.006699
3548.000000,0.161892,0.006503
3549.000000,0.161904,0.006295
3550.000000,0.161908,0.006108
3551.000000,0.161920,0.005914
3552.000000,0.161938,0.005721
3553.000000,0.161943,0.005557
3554.000000,0.161965,0.005371
3555.000000,0.161974,0.005217
3556.000000,0.161983,0.005057
3557.000000,0.161993,0.004902
3558.000000,0.161999,0.004759
3559.000000,0.161998,0.004623
3560.000000,0.162007,0.004477
3561.000000,0.162013,0.004351
3562.000000,0.162017,0.004223
3563.000000,0.162029,0.004086
3564.000000,0.162037,0.003964
3565.000000,0.162044,0.003860
3566.000000,0.162050,0.003763
3567.000000,0.162056,0.003661
3568.000000,0.162059,0.003543
3569.000000,0.162074,0.003444
3570.000000,0.162078,0.003354
3571.000000,0.162082,0.003264
3572.000000,0.162085,0.003179
3573.000000,0.162088,0.003092
3574.000000,0.162103,0.003003
3575.000000,0.162118,0.002911
3576.000000,0.162132,0.002810
3577.000000,0.162137,0.002735
3578.000000,0.162147,0.002661
3579.000000,0.162151,0.002592
3580.000000,0.162161,0.002508
3581.000000,0.162167,0.002445
3582.000000,0.162166,0.002399
3583.000000,0.162173,0.002335
3584.000000,0.162181,0.002271
3585.000000,0.162190,0.002213
3586.000000,0.162187,0.002174
3587.000000,0.162200,0.002106
3588.000000,0.162200,0.002053
3589.000000,0.162205,0.001992
3590.000000,0.162210,0.001935
3591.000000,0.162211,0.001886
3592.000000,0.162219,0.001850
3593.000000,0.162215,0.001821
3594.000000,0.162216,0.001780
3595.000000,0.162230,0.001731
3596.000000,0.162226,0.001712
3597.000000,0.162232,0.001666
3598.000000,0.162234,0.001620
3599.000000,0.162249,0.001562
