time_s,measured_current_A,measured_voltage_V,true_soc,true_current_A,true_voltage_V
0.000000,2.036094,4.134841,1.000000,2.000000,4.130000
1.000000,2.009200,4.140550,0.999722,2.000000,4.128461
2.000000,2.045009,4.120006,0.999444,2.000000,4.126954
3.000000,2.048811,4.132769,0.999167,2.000000,4.125478
4.000000,1.990979,4.124384,0.998889,2.000000,4.124033
5.000000,2.003956,4.126647,0.998611,2.000000,4.122617
6.000000,2.032557,4.112990,0.998333,2.000000,4.121229
7.000000,2.023675,4.127208,0.998056,2.000000,4.119868
8.000000,2.029664,4.122466,0.997778,2.000000,4.118533
9.000000,2.012939,4.117030,0.997500,2.000000,4.117225
10.000000,2.047588,4.119166,0.997222,2.000000,4.115940
11.000000,2.045556,4.110853,0.996944,2.000000,4.114680
12.000000,2.031321,4.110546,0.996667,2.000000,4.113443
13.000000,2.052545,4.109911,0.996389,2.000000,4.112228
14.000000,2.039350,4.101771,0.996111,2.000000,4.111035
15.000000,2.012814,4.114171,0.995833,2.000000,4.109863
16.000000,2.037375,4.114668,0.995556,2.000000,4.108710
17.000000,2.010822,4.104071,0.995278,2.000000,4.107578
18.000000,2.047569,4.108205,0.995000,2.000000,4.106464
19.000000,2.029001,4.104041,0.994722,2.000000,4.105369
20.000000,2.026303,4.105933,0.994444,2.000000,4.104291
21.000000,2.016381,4.100093,0.994167,2.000000,4.103231
22.000000,2.054451,4.097770,0.993889,2.000000,4.102187
23.000000,2.026909,4.106419,0.993611,2.000000,4.101159
24.000000,2.021433,4.099827,0.993333,2.000000,4.100147
25.000000,2.022957,4.109260,0.993056,2.000000,4.099149
26.000000,2.040646,4.098398,0.992778,2.000000,4.098166
27.000000,2.037309,4.092567,0.992500,2.000000,4.097197
28.000000,2.038255,4.102376,0.992222,2.000000,4.096242
29.000000,2.038616,4.098453,0.991944,2.000000,4.095299
30.000000,2.072833,4.098004,0.991667,2.000000,4.094370
31.000000,2.021872,4.099405,0.991389,2.000000,4.093452
32.000000,2.019755,4.089283,0.991111,2.000000,4.092547
33.000000,2.013725,4.091017,0.990833,2.000000,4.091653
34.000000,2.042320,4.089913,0.990556,2.000000,4.090770
35.000000,2.052579,4.083444,0.990278,2.000000,4.089898
36.000000,2.027721,4.087718,0.990000,2.000000,4.089036
37.000000,2.013197,4.094866,0.989722,2.000000,4.088184
38.000000,2.013510,4.088529,0.989444,2.000000,4.087342
39.000000,2.043012,4.079779,0.989167,2.000000,4.086509
40.000000,2.044865,4.077906,0.988889,2.000000,4.085686
41.000000,2.040863,4.093195,0.988611,2.000000,4.084871
42.000000,2.016690,4.083613,0.988333,2.000000,4.084065
43.000000,2.034643,4.080029,0.988056,2.000000,4.083266
44.000000,2.032334,4.081106,0.987778,2.000000,4.082476
45.000000,2.034374,4.074307,0.987500,2.000000,4.081694
46.000000,2.047429,4.088034,0.987222,2.000000,4.080919
47.000000,2.034472,4.078186,0.986944,2.000000,4.080151
48.000000,2.043578,4.086227,0.986667,2.000000,4.079390
49.000000,2.031352,4.078894,0.986389,2.000000,4.078636
50.000000,2.035782,4.085036,0.986111,2.000000,4.077888
51.000000,2.042626,4.078431,0.985833,2.000000,4.077147
52.000000,2.000857,4.080678,0.985556,2.000000,4.076412
53.000000,2.023607,4.079278,0.985278,2.000000,4.075683
54.000000,2.020593,4.078075,0.985000,2.000000,4.074959
55.000000,2.017222,4.075981,0.984722,2.000000,4.074241
56.000000,2.024497,4.072364,0.984444,2.000000,4.073528
57.000000,2.059899,4.082398,0.984167,2.000000,4.072820
58.000000,2.012683,4.067583,0.983889,2.000000,4.072118
59.000000,2.049366,4.071441,0.983611,2.000000,4.071420
60.000000,1.996343,4.070801,0.983333,2.000000,4.070727
61.000000,2.023302,4.072050,0.983056,2.000000,4.070038
62.000000,2.033255,4.067206,0.982778,2.000000,4.069354
63.000000,2.041724,4.070247,0.982500,2.000000,4.068674
64.000000,2.044225,4.067153,0.982222,2.000000,4.067998
65.000000,2.045867,4.059416,0.981944,2.000000,4.067326
66.000000,2.023025,4.066705,0.981667,2.000000,4.066657
67.000000,2.020753,4.060490,0.981389,2.000000,4.065993
68.000000,2.047160,4.056660,0.981111,2.000000,4.065332
69.000000,2.026174,4.065359,0.980833,2.000000,4.064674
70.000000,2.004486,4.066460,0.980556,2.000000,4.064020
71.000000,2.007334,4.066003,0.980278,2.000000,4.063369
72.000000,2.011611,4.065557,0.980000,2.000000,4.062722
73.000000,2.039943,4.052414,0.979722,2.000000,4.062077
74.000000,2.032849,4.054630,0.979444,2.000000,4.061435
75.000000,2.043810,4.070663,0.979167,2.000000,4.060796
76.000000,2.021455,4.054924,0.978889,2.000000,4.060160
77.000000,2.033171,4.062580,0.978611,2.000000,4.059526
78.000000,2.042512,4.055460,0.978333,2.000000,4.058895
79.000000,2.023813,4.058665,0.978056,2.000000,4.058266
80.000000,2.039136,4.054474,0.977778,2.000000,4.057640
81.000000,2.016761,4.059824,0.977500,2.000000,4.057016
82.000000,2.022739,4.057078,0.977222,2.000000,4.056395
83.000000,2.022365,4.053534,0.976944,2.000000,4.055775
84.000000,2.006083,4.049907,0.976667,2.000000,4.055158
85.000000,2.039739,4.055881,0.976389,2.000000,4.054542
86.000000,2.020612,4.047865,0.976111,2.000000,4.053929
87.000000,2.030250,4.055455,0.975833,2.000000,4.053317
88.000000,2.039615,4.065840,0.975556,2.000000,4.052708
89.000000,2.038931,4.058851,0.975278,2.000000,4.052100
90.000000,2.043308,4.055085,0.975000,2.000000,4.051494
91.000000,2.028030,4.050461,0.974722,2.000000,4.050889
92.000000,2.021534,4.040592,0.974444,2.000000,4.050286
93.000000,2.028406,4.043073,0.974167,2.000000,4.049685
94.000000,1.996253,4.055499,0.973889,2.000000,4.049085
95.000000,2.001058,4.044538,0.973611,2.000000,4.048487
96.000000,2.003546,4.044393,0.973333,2.000000,4.047890
97.000000,2.010055,4.046466,0.973056,2.000000,4.047294
98.000000,2.037995,4.041389,0.972778,2.000000,4.046700
99.000000,2.011890,4.039973,0.972500,2.000000,4.046106
100.000000,2.022437,4.045262,0.972222,2.000000,4.045515
101.000000,2.055985,4.040466,0.971944,2.000000,4.044924
102.000000,2.022875,4.040629,0.971667,2.000000,4.044335
103.000000,2.044750,4.039840,0.971389,2.000000,4.043746
104.000000,2.011328,4.045771,0.971111,2.000000,4.043159
105.000000,2.025891,4.041412,0.970833,2.000000,4.042573
106.000000,2.011000,4.041094,0.970556,2.000000,4.041987
107.000000,2.023219,4.044388,0.970278,2.000000,4.041403
108.000000,2.046806,4.040110,0.970000,2.000000,4.040820
109.000000,1.995454,4.038846,0.969722,2.000000,4.040237
110.000000,2.038688,4.042008,0.969444,2.000000,4.039656
111.000000,2.034755,4.042416,0.969167,2.000000,4.039075
112.000000,2.018117,4.037760,0.968889,2.000000,4.038495
113.000000,2.001079,4.038319,0.968611,2.000000,4.037916
114.000000,2.031443,4.033429,0.968333,2.000000,4.037338
115.000000,2.019410,4.032457,0.968056,2.000000,4.036760
116.000000,2.034654,4.040029,0.967778,2.000000,4.036183
117.000000,2.030437,4.037832,0.967500,2.000000,4.035607
118.000000,2.062036,4.037308,0.967222,2.000000,4.035032
119.000000,2.025213,4.035861,0.966944,2.000000,4.034457
120.000000,2.009530,4.034114,0.966667,2.000000,4.033883
121.000000,2.033586,4.036791,0.966389,2.000000,4.033309
122.000000,2.034400,4.037412,0.966111,2.000000,4.032736
123.000000,2.057184,4.036720,0.965833,2.000000,4.032164
124.000000,2.046702,4.031088,0.965556,2.000000,4.031592
125.000000,2.037137,4.037956,0.965278,2.000000,4.031021
126.000000,2.059266,4.031592,0.965000,2.000000,4.030450
127.000000,2.006225,4.033041,0.964722,2.000000,4.029880
128.000000,2.017205,4.030720,0.964444,2.000000,4.029310
129.000000,2.011468,4.029975,0.964167,2.000000,4.028740
130.000000,2.022204,4.024493,0.963889,2.000000,4.028171
131.000000,2.002466,4.031110,0.963611,2.000000,4.027603
132.000000,2.042703,4.041261,0.963333,2.000000,4.027035
133.000000,2.025556,4.024593,0.963056,2.000000,4.026467
134.000000,2.000584,4.026255,0.962778,2.000000,4.025900
135.000000,2.009688,4.023102,0.962500,2.000000,4.025333
136.000000,2.036270,4.022327,0.962222,2.000000,4.024767
137.000000,2.046763,4.031923,0.961944,2.000000,4.024201
138.000000,2.069935,4.020270,0.961667,2.000000,4.023635
139.000000,2.088277,4.020699,0.961389,2.000000,4.023069
140.000000,2.038288,4.014567,0.961111,2.000000,4.022504
141.000000,2.010209,4.018151,0.960833,2.000000,4.021940
142.000000,1.987359,4.012833,0.960556,2.000000,4.021375
143.000000,2.035354,4.023970,0.960278,2.000000,4.020811
144.000000,2.013741,4.034245,0.960000,2.000000,4.020247
145.000000,2.021693,4.017850,0.959722,2.000000,4.019683
146.000000,2.017758,4.010786,0.959444,2.000000,4.019120
147.000000,2.027184,4.023057,0.959167,2.000000,4.018557
148.000000,2.051320,4.014359,0.958889,2.000000,4.017994
149.000000,2.033141,4.023928,0.958611,2.000000,4.017431
150.000000,2.026827,4.015459,0.958333,2.000000,4.016869
151.000000,2.009287,4.013148,0.958056,2.000000,4.016307
152.000000,1.996506,4.014855,0.957778,2.000000,4.015745
153.000000,2.020274,4.018972,0.957500,2.000000,4.015183
154.000000,2.028924,4.013484,0.957222,2.000000,4.014621
155.000000,2.065359,4.011576,0.956944,2.000000,4.014060
156.000000,2.032605,4.012505,0.956667,2.000000,4.013499
157.000000,2.049655,4.006579,0.956389,2.000000,4.012938
158.000000,2.020014,4.014362,0.956111,2.000000,4.012377
159.000000,2.006301,4.002883,0.955833,2.000000,4.011816
160.000000,2.010698,4.009035,0.955556,2.000000,4.011256
161.000000,2.015495,4.014493,0.955278,2.000000,4.010696
162.000000,2.072569,4.011651,0.955000,2.000000,4.010135
163.000000,2.013572,4.012527,0.954722,2.000000,4.009575
164.000000,2.046770,4.008690,0.954444,2.000000,4.009016
165.000000,2.011941,4.014305,0.954167,2.000000,4.008456
166.000000,2.048631,4.012520,0.953889,2.000000,4.007896
167.000000,2.037699,4.009568,0.953611,2.000000,4.007337
168.000000,2.026867,4.011415,0.953333,2.000000,4.006778
169.000000,2.029185,4.009971,0.953056,2.000000,4.006218
170.000000,2.016904,4.003462,0.952778,2.000000,4.005659
171.000000,2.038921,3.998381,0.952500,2.000000,4.005100
172.000000,2.020900,4.006643,0.952222,2.000000,4.004542
173.000000,2.005488,4.006713,0.951944,2.000000,4.003983
174.000000,2.004441,4.008877,0.951667,2.000000,4.003424
175.000000,2.033452,3.998184,0.951389,2.000000,4.002866
176.000000,2.061582,3.997775,0.951111,2.000000,4.002307
177.000000,2.033200,4.004048,0.950833,2.000000,4.001749
178.000000,2.027627,4.000835,0.950556,2.000000,4.001191
179.000000,2.035717,3.991204,0.950278,2.000000,4.000632
180.000000,2.056120,4.001950,0.950000,2.000000,4.000074
181.000000,2.034388,3.990254,0.949722,2.000000,3.999516
182.000000,2.021781,3.994232,0.949444,2.000000,3.998958
183.000000,2.052126,4.005159,0.949167,2.000000,3.998401
184.000000,2.038575,4.006967,0.948889,2.000000,3.997843
185.000000,2.060715,3.991207,0.948611,2.000000,3.997285
186.000000,2.033665,3.995081,0.948333,2.000000,3.996728
187.000000,2.005511,3.996383,0.948056,2.000000,3.996170
188.000000,2.002637,4.004519,0.947778,2.000000,3.995613
189.000000,2.063019,3.992591,0.947500,2.000000,3.995055
190.000000,2.064473,3.992113,0.947222,2.000000,3.994498
191.000000,2.026410,4.001684,0.946944,2.000000,3.993940
192.000000,2.022336,3.991509,0.946667,2.000000,3.993383
193.000000,2.059229,3.996437,0.946389,2.000000,3.992826
194.000000,2.007859,3.984883,0.946111,2.000000,3.992269
195.000000,2.012105,3.990856,0.945833,2.000000,3.991712
196.000000,2.042867,3.982857,0.945556,2.000000,3.991155
197.000000,2.022108,3.985321,0.945278,2.000000,3.990598
198.000000,2.029898,3.994237,0.945000,2.000000,3.990041
199.000000,2.026731,3.989234,0.944722,2.000000,3.989484
200.000000,2.036751,3.987332,0.944444,2.000000,3.988927
201.000000,2.058150,3.984627,0.944167,2.000000,3.988370
202.000000,2.031812,3.986710,0.943889,2.000000,3.987813
203.000000,2.042879,3.988762,0.943611,2.000000,3.987257
204.000000,1.988997,3.991615,0.943333,2.000000,3.986700
205.000000,2.029026,3.973018,0.943056,2.000000,3.986143
206.000000,2.013135,3.981428,0.942778,2.000000,3.985587
207.000000,2.005624,3.985826,0.942500,2.000000,3.985030
208.000000,2.012437,3.983979,0.942222,2.000000,3.984474
209.000000,2.023318,3.985934,0.941944,2.000000,3.983917
210.000000,2.048318,3.984698,0.941667,2.000000,3.983361
211.000000,2.003472,3.981280,0.941389,2.000000,3.982804
212.000000,2.030613,3.979614,0.941111,2.000000,3.982248
213.000000,2.020317,3.980464,0.940833,2.000000,3.981691
214.000000,2.023447,3.986879,0.940556,2.000000,3.981135
215.000000,2.050055,3.976919,0.940278,2.000000,3.980579
216.000000,2.040762,3.979708,0.940000,2.000000,3.980022
217.000000,2.056748,3.980383,0.939722,2.000000,3.979466
218.000000,2.026910,3.986712,0.939444,2.000000,3.978910
219.000000,2.016081,3.976852,0.939167,2.000000,3.978354
220.000000,2.025523,3.982591,0.938889,2.000000,3.977797
221.000000,2.034850,3.983401,0.938611,2.000000,3.977241
222.000000,2.033531,3.976366,0.938333,2.000000,3.976685
223.000000,2.008312,3.975075,0.938056,2.000000,3.976129
224.000000,2.031810,3.973927,0.937778,2.000000,3.975573
225.000000,2.034565,3.973737,0.937500,2.000000,3.975017
226.000000,2.080349,3.978732,0.937222,2.000000,3.974460
227.000000,2.067537,3.975059,0.936944,2.000000,3.973904
228.000000,2.012935,3.974525,0.936667,2.000000,3.973348
229.000000,2.024252,3.967166,0.936389,2.000000,3.972792
230.000000,2.000731,3.967399,0.936111,2.000000,3.972236
231.000000,2.018186,3.982397,0.935833,2.000000,3.971680
232.000000,2.036312,3.970235,0.935556,2.000000,3.971124
233.000000,2.054117,3.966694,0.935278,2.000000,3.970568
234.000000,2.015418,3.977168,0.935000,2.000000,3.970012
235.000000,2.016917,3.970865,0.934722,2.000000,3.969456
236.000000,1.987054,3.971791,0.934444,2.000000,3.968900
237.000000,2.026747,3.967654,0.934167,2.000000,3.968344
238.000000,2.008752,3.966195,0.933889,2.000000,3.967789
239.000000,2.019411,3.966385,0.933611,2.000000,3.967233
240.000000,2.012463,3.959763,0.933333,2.000000,3.966677
241.000000,2.028115,3.965681,0.933056,2.000000,3.966121
242.000000,1.994845,3.967045,0.932778,2.000000,3.965565
243.000000,2.000659,3.974261,0.932500,2.000000,3.965009
244.000000,2.072585,3.964883,0.932222,2.000000,3.964453
245.000000,2.004252,3.952227,0.931944,2.000000,3.963897
246.000000,2.008064,3.962872,0.931667,2.000000,3.963342
247.000000,2.066738,3.976483,0.931389,2.000000,3.962786
248.000000,2.088101,3.966562,0.931111,2.000000,3.962230
249.000000,2.006569,3.957620,0.930833,2.000000,3.961674
250.000000,2.022635,3.964074,0.930556,2.000000,3.961118
251.000000,2.036831,3.956852,0.930278,2.000000,3.960563
252.000000,2.064574,3.953238,0.930000,2.000000,3.960007
253.000000,2.010263,3.957709,0.929722,2.000000,3.959451
254.000000,2.025094,3.959353,0.929444,2.000000,3.958895
255.000000,2.045547,3.948979,0.929167,2.000000,3.958339
256.000000,2.038695,3.952038,0.928889,2.000000,3.957784
257.000000,2.022477,3.957280,0.928611,2.000000,3.957228
258.000000,2.027324,3.954631,0.928333,2.000000,3.956672
259.000000,2.002502,3.958091,0.928056,2.000000,3.956116
260.000000,2.025237,3.949487,0.927778,2.000000,3.955561
261.000000,2.024672,3.958576,0.927500,2.000000,3.955005
262.000000,2.034643,3.948530,0.927222,2.000000,3.954449
263.000000,2.018893,3.962107,0.926944,2.000000,3.953894
264.000000,2.039431,3.944759,0.926667,2.000000,3.953338
265.000000,2.050254,3.947319,0.926389,2.000000,3.952782
266.000000,2.033109,3.954313,0.926111,2.000000,3.952226
267.000000,2.037035,3.959992,0.925833,2.000000,3.951671
268.000000,2.031063,3.952690,0.925556,2.000000,3.951115
269.000000,2.030002,3.953374,0.925278,2.000000,3.950559
270.000000,2.015569,3.950091,0.925000,2.000000,3.950004
271.000000,2.036330,3.944316,0.924722,2.000000,3.949448
272.000000,2.028054,3.946442,0.924444,2.000000,3.948892
273.000000,2.071863,3.942277,0.924167,2.000000,3.948337
274.000000,2.061467,3.941387,0.923889,2.000000,3.947781
275.000000,2.037717,3.949234,0.923611,2.000000,3.947225
276.000000,2.014739,3.941054,0.923333,2.000000,3.946670
277.000000,2.007752,3.947712,0.923056,2.000000,3.946114
278.000000,2.053823,3.939049,0.922778,2.000000,3.945558
279.000000,2.035255,3.946485,0.922500,2.000000,3.945003
280.000000,2.039603,3.942004,0.922222,2.000000,3.944447
281.000000,1.995108,3.950925,0.921944,2.000000,3.943891
282.000000,2.048549,3.944954,0.921667,2.000000,3.943336
283.000000,2.039088,3.948959,0.921389,2.000000,3.942780
284.000000,2.007791,3.938446,0.921111,2.000000,3.942225
285.000000,2.020570,3.941950,0.920833,2.000000,3.941669
286.000000,2.035274,3.936208,0.920556,2.000000,3.941113
287.000000,2.031049,3.938490,0.920278,2.000000,3.940558
288.000000,2.024157,3.938692,0.920000,2.000000,3.940002
289.000000,2.027930,3.935817,0.919722,2.000000,3.939446
290.000000,2.024960,3.932813,0.919444,2.000000,3.938891
291.000000,2.033051,3.931268,0.919167,2.000000,3.938335
292.000000,2.059430,3.926081,0.918889,2.000000,3.937780
293.000000,1.978667,3.931942,0.918611,2.000000,3.937224
294.000000,2.025263,3.939806,0.918333,2.000000,3.936668
295.000000,2.033530,3.928120,0.918056,2.000000,3.936113
296.000000,2.035920,3.928716,0.917778,2.000000,3.935557
297.000000,2.022562,3.943956,0.917500,2.000000,3.935002
298.000000,1.994866,3.931263,0.917222,2.000000,3.934446
299.000000,2.036560,3.935496,0.916944,2.000000,3.933890
300.000000,2.064547,3.936546,0.916667,2.000000,3.933335
301.000000,1.999323,3.936092,0.916389,2.000000,3.932779
302.000000,2.047277,3.924612,0.916111,2.000000,3.932223
303.000000,2.023429,3.930513,0.915833,2.000000,3.931668
304.000000,2.028774,3.923021,0.915556,2.000000,3.931112
305.000000,2.008942,3.942788,0.915278,2.000000,3.930557
306.000000,2.023311,3.922027,0.915000,2.000000,3.930001
307.000000,2.056001,3.924206,0.914722,2.000000,3.929446
308.000000,2.041653,3.923687,0.914444,2.000000,3.928890
309.000000,2.064646,3.920851,0.914167,2.000000,3.928334
310.000000,2.053548,3.934542,0.913889,2.000000,3.927779
311.000000,2.038782,3.939335,0.913611,2.000000,3.927223
312.000000,2.064879,3.924289,0.913333,2.000000,3.926668
313.000000,2.038780,3.919510,0.913056,2.000000,3.926112
314.000000,2.046560,3.914372,0.912778,2.000000,3.925556
315.000000,2.024069,3.923780,0.912500,2.000000,3.925001
316.000000,2.031331,3.922863,0.912222,2.000000,3.924445
317.000000,2.016052,3.920633,0.911944,2.000000,3.923890
318.000000,2.049792,3.924441,0.911667,2.000000,3.923334
319.000000,2.006434,3.924754,0.911389,2.000000,3.922779
320.000000,2.045647,3.923838,0.911111,2.000000,3.922223
321.000000,2.026187,3.920087,0.910833,2.000000,3.921667
322.000000,2.053425,3.915604,0.910556,2.000000,3.921112
323.000000,2.045017,3.923885,0.910278,2.000000,3.920556
324.000000,2.066413,3.920063,0.910000,2.000000,3.920001
325.000000,2.044615,3.923887,0.909722,2.000000,3.919445
326.000000,1.998559,3.922840,0.909444,2.000000,3.918889
327.000000,2.028661,3.911225,0.909167,2.000000,3.918334
328.000000,2.006560,3.910607,0.908889,2.000000,3.917778
329.000000,2.019634,3.913445,0.908611,2.000000,3.917223
330.000000,2.060225,3.911386,0.908333,2.000000,3.916667
331.000000,2.042751,3.919888,0.908056,2.000000,3.916112
332.000000,2.016021,3.917313,0.907778,2.000000,3.915556
333.000000,2.009726,3.920496,0.907500,2.000000,3.915000
334.000000,2.030656,3.916427,0.907222,2.000000,3.914445
335.000000,2.005669,3.914933,0.906944,2.000000,3.913889
336.000000,2.016577,3.919332,0.906667,2.000000,3.913334
337.000000,2.036240,3.915127,0.906389,2.000000,3.912778
338.000000,2.053106,3.912563,0.906111,2.000000,3.912223
339.000000,2.042175,3.919069,0.905833,2.000000,3.911667
340.000000,1.984174,3.911687,0.905556,2.000000,3.911111
341.000000,2.036087,3.909034,0.905278,2.000000,3.910556
342.000000,2.031441,3.905811,0.905000,2.000000,3.910000
343.000000,2.038278,3.912960,0.904722,2.000000,3.909445
344.000000,2.062324,3.915074,0.904444,2.000000,3.908889
345.000000,1.988735,3.908081,0.904167,2.000000,3.908334
346.000000,2.018178,3.914318,0.903889,2.000000,3.907778
347.000000,2.041818,3.897372,0.903611,2.000000,3.907223
348.000000,1.998368,3.906390,0.903333,2.000000,3.906667
349.000000,2.059519,3.905911,0.903056,2.000000,3.906111
350.000000,2.037367,3.901921,0.902778,2.000000,3.905556
351.000000,2.046932,3.916920,0.902500,2.000000,3.905000
352.000000,2.018581,3.904114,0.902222,2.000000,3.904445
353.000000,2.046275,3.901850,0.901944,2.000000,3.903889
354.000000,2.051369,3.903463,0.901667,2.000000,3.903334
355.000000,2.034658,3.892764,0.901389,2.000000,3.902778
356.000000,2.034688,3.898423,0.901111,2.000000,3.902222
357.000000,2.035407,3.906583,0.900833,2.000000,3.901667
358.000000,2.012733,3.897967,0.900556,2.000000,3.901111
359.000000,2.027049,3.896411,0.900278,2.000000,3.900556
360.000000,2.026950,3.906548,0.900000,2.000000,3.900000
361.000000,2.037668,3.906507,0.899722,2.000000,3.899806
362.000000,2.049996,3.902196,0.899444,2.000000,3.899611
363.000000,2.008829,3.897141,0.899167,2.000000,3.899417
364.000000,2.027500,3.898025,0.898889,2.000000,3.899222
365.000000,2.059629,3.895007,0.898611,2.000000,3.899028
366.000000,2.015128,3.893860,0.898333,2.000000,3.898833
367.000000,2.013555,3.893417,0.898056,2.000000,3.898639
368.000000,2.034046,3.895354,0.897778,2.000000,3.898445
369.000000,2.046888,3.893077,0.897500,2.000000,3.898250
370.000000,2.030229,3.890237,0.897222,2.000000,3.898056
371.000000,2.056579,3.898958,0.896944,2.000000,3.897861
372.000000,2.047136,3.898840,0.896667,2.000000,3.897667
373.000000,2.046836,3.905976,0.896389,2.000000,3.897472
374.000000,2.041082,3.893936,0.896111,2.000000,3.897278
375.000000,2.076553,3.898564,0.895833,2.000000,3.897083
376.000000,2.025897,3.898453,0.895556,2.000000,3.896889
377.000000,1.989930,3.895425,0.895278,2.000000,3.896695
378.000000,2.062085,3.900222,0.895000,2.000000,3.896500
379.000000,2.020846,3.900182,0.894722,2.000000,3.896306
380.000000,2.032158,3.897748,0.894444,2.000000,3.896111
381.000000,2.056191,3.894639,0.894167,2.000000,3.895917
382.000000,1.997955,3.893935,0.893889,2.000000,3.895722
383.000000,2.004967,3.888689,0.893611,2.000000,3.895528
384.000000,1.997974,3.891304,0.893333,2.000000,3.895333
385.000000,2.014117,3.892029,0.893056,2.000000,3.895139
386.000000,2.038793,3.889325,0.892778,2.000000,3.894945
387.000000,2.040484,3.896950,0.892500,2.000000,3.894750
388.000000,2.035525,3.900539,0.892222,2.000000,3.894556
389.000000,2.001745,3.889821,0.891944,2.000000,3.894361
390.000000,1.983798,3.895584,0.891667,2.000000,3.894167
391.000000,2.031087,3.888802,0.891389,2.000000,3.893972
392.000000,2.020564,3.892253,0.891111,2.000000,3.893778
393.000000,2.039188,3.890132,0.890833,2.000000,3.893583
394.000000,2.044039,3.896398,0.890556,2.000000,3.893389
395.000000,2.032765,3.889801,0.890278,2.000000,3.893195
396.000000,2.045203,3.898058,0.890000,2.000000,3.893000
397.000000,2.034584,3.891577,0.889722,2.000000,3.892806
398.000000,2.040601,3.889363,0.889444,2.000000,3.892611
399.000000,2.015907,3.886150,0.889167,2.000000,3.892417
400.000000,2.026408,3.893488,0.888889,2.000000,3.892222
401.000000,2.033936,3.896504,0.888611,2.000000,3.892028
402.000000,2.046411,3.893200,0.888333,2.000000,3.891833
403.000000,2.022125,3.902833,0.888056,2.000000,3.891639
404.000000,2.040423,3.898593,0.887778,2.000000,3.891444
405.000000,2.024683,3.889712,0.887500,2.000000,3.891250
406.000000,2.027649,3.889465,0.887222,2.000000,3.891056
407.000000,2.046590,3.893210,0.886944,2.000000,3.890861
408.000000,1.990139,3.886477,0.886667,2.000000,3.890667
409.000000,2.004071,3.896304,0.886389,2.000000,3.890472
410.000000,2.000356,3.892086,0.886111,2.000000,3.890278
411.000000,1.983328,3.891366,0.885833,2.000000,3.890083
412.000000,2.016435,3.893324,0.885556,2.000000,3.889889
413.000000,2.044989,3.898309,0.885278,2.000000,3.889694
414.000000,2.024302,3.890355,0.885000,2.000000,3.889500
415.000000,2.033956,3.888740,0.884722,2.000000,3.889306
416.000000,2.051784,3.896655,0.884444,2.000000,3.889111
417.000000,2.056554,3.893754,0.884167,2.000000,3.888917
418.000000,2.028617,3.887117,0.883889,2.000000,3.888722
419.000000,2.057072,3.888554,0.883611,2.000000,3.888528
420.000000,2.031843,3.889310,0.883333,2.000000,3.888333
421.000000,2.013252,3.889948,0.883056,2.000000,3.888139
422.000000,2.018112,3.881161,0.882778,2.000000,3.887944
423.000000,2.000389,3.880038,0.882500,2.000000,3.887750
424.000000,2.012237,3.883119,0.882222,2.000000,3.887556
425.000000,2.022840,3.882537,0.881944,2.000000,3.887361
426.000000,2.046072,3.883948,0.881667,2.000000,3.887167
427.000000,2.064415,3.890146,0.881389,2.000000,3.886972
428.000000,2.002356,3.885933,0.881111,2.000000,3.886778
429.000000,2.037857,3.887565,0.880833,2.000000,3.886583
430.000000,2.009189,3.880267,0.880556,2.000000,3.886389
431.000000,2.039494,3.883886,0.880278,2.000000,3.886194
432.000000,2.027378,3.888936,0.880000,2.000000,3.886000
433.000000,1.993382,3.888780,0.879722,2.000000,3.885806
434.000000,2.048566,3.881988,0.879444,2.000000,3.885611
435.000000,2.017900,3.886225,0.879167,2.000000,3.885417
436.000000,2.019322,3.896216,0.878889,2.000000,3.885222
437.000000,2.008605,3.884940,0.878611,2.000000,3.885028
438.000000,2.016914,3.881367,0.878333,2.000000,3.884833
439.000000,2.038558,3.883770,0.878056,2.000000,3.884639
440.000000,2.026215,3.884905,0.877778,2.000000,3.884444
441.000000,2.036573,3.883494,0.877500,2.000000,3.884250
442.000000,2.037238,3.883899,0.877222,2.000000,3.884056
443.000000,2.056413,3.876644,0.876944,2.000000,3.883861
444.000000,2.023144,3.878854,0.876667,2.000000,3.883667
445.000000,2.000463,3.882726,0.876389,2.000000,3.883472
446.000000,2.051344,3.882451,0.876111,2.000000,3.883278
447.000000,2.023370,3.880252,0.875833,2.000000,3.883083
448.000000,2.052292,3.882004,0.875556,2.000000,3.882889
449.000000,2.037668,3.883000,0.875278,2.000000,3.882694
450.000000,2.027377,3.886947,0.875000,2.000000,3.882500
451.000000,2.036976,3.881810,0.874722,2.000000,3.882306
452.000000,2.069020,3.884107,0.874444,2.000000,3.882111
453.000000,2.071540,3.879209,0.874167,2.000000,3.881917
454.000000,2.031388,3.884583,0.873889,2.000000,3.881722
455.000000,2.033204,3.883406,0.873611,2.000000,3.881528
456.000000,2.051525,3.885662,0.873333,2.000000,3.881333
457.000000,2.013087,3.884706,0.873056,2.000000,3.881139
458.000000,2.036661,3.883888,0.872778,2.000000,3.880944
459.000000,2.029483,3.880258,0.872500,2.000000,3.880750
460.000000,2.036278,3.881780,0.872222,2.000000,3.880556
461.000000,2.013333,3.885679,0.871944,2.000000,3.880361
462.000000,1.998209,3.876906,0.871667,2.000000,3.880167
463.000000,1.988540,3.876830,0.871389,2.000000,3.879972
464.000000,2.007652,3.880685,0.871111,2.000000,3.879778
465.000000,2.020826,3.881660,0.870833,2.000000,3.879583
466.000000,2.024136,3.875268,0.870556,2.000000,3.879389
467.000000,2.068745,3.878821,0.870278,2.000000,3.879194
468.000000,2.052120,3.878530,0.870000,2.000000,3.879000
469.000000,2.010758,3.867729,0.869722,2.000000,3.878806
470.000000,2.036954,3.877513,0.869444,2.000000,3.878611
471.000000,2.021858,3.877630,0.869167,2.000000,3.878417
472.000000,2.024313,3.877421,0.868889,2.000000,3.878222
473.000000,2.033707,3.885107,0.868611,2.000000,3.878028
474.000000,2.042383,3.871754,0.868333,2.000000,3.877833
475.000000,2.023215,3.873516,0.868056,2.000000,3.877639
476.000000,2.051277,3.864383,0.867778,2.000000,3.877444
477.000000,2.007161,3.874845,0.867500,2.000000,3.877250
478.000000,2.030127,3.875077,0.867222,2.000000,3.877056
479.000000,2.081953,3.874311,0.866944,2.000000,3.876861
480.000000,2.034462,3.882205,0.866667,2.000000,3.876667
481.000000,2.058664,3.880775,0.866389,2.000000,3.876472
482.000000,2.031830,3.876667,0.866111,2.000000,3.876278
483.000000,2.041616,3.874230,0.865833,2.000000,3.876083
484.000000,2.028864,3.881020,0.865556,2.000000,3.875889
485.000000,2.026592,3.875596,0.865278,2.000000,3.875694
486.000000,2.014410,3.871409,0.865000,2.000000,3.875500
487.000000,2.038606,3.866724,0.864722,2.000000,3.875306
488.000000,2.012969,3.872905,0.864444,2.000000,3.875111
489.000000,2.043312,3.878690,0.864167,2.000000,3.874917
490.000000,2.051706,3.886105,0.863889,2.000000,3.874722
491.000000,2.037331,3.874836,0.863611,2.000000,3.874528
492.000000,2.024275,3.870507,0.863333,2.000000,3.874333
493.000000,2.039079,3.868214,0.863056,2.000000,3.874139
494.000000,2.023827,3.876704,0.862778,2.000000,3.873944
495.000000,2.048711,3.864927,0.862500,2.000000,3.873750
496.000000,1.993372,3.876307,0.862222,2.000000,3.873556
497.000000,2.023288,3.877450,0.861944,2.000000,3.873361
498.000000,1.990184,3.875348,0.861667,2.000000,3.873167
499.000000,2.000099,3.871874,0.861389,2.000000,3.872972
500.000000,0.057277,3.895602,0.861111,0.000000,3.892778
501.000000,0.047904,3.894616,0.861111,0.000000,3.893761
502.000000,0.015610,3.890822,0.861111,0.000000,3.894713
503.000000,-0.000050,3.904885,0.861111,0.000000,3.895633
504.000000,-0.029291,3.894764,0.861111,0.000000,3.896523
505.000000,0.019130,3.901262,0.861111,0.000000,3.897383
506.000000,0.078408,3.886123,0.861111,0.000000,3.898216
507.000000,0.038698,3.905403,0.861111,0.000000,3.899021
508.000000,0.018809,3.907144,0.861111,0.000000,3.899800
509.000000,0.039302,3.900702,0.861111,0.000000,3.900553
510.000000,-0.001219,3.904076,0.861111,0.000000,3.901282
511.000000,0.024054,3.904779,0.861111,0.000000,3.901987
512.000000,0.031990,3.899454,0.861111,0.000000,3.902668
513.000000,0.028278,3.906063,0.861111,0.000000,3.903327
514.000000,0.045816,3.899922,0.861111,0.000000,3.903965
515.000000,0.036893,3.901538,0.861111,0.000000,3.904582
516.000000,0.043367,3.910813,0.861111,0.000000,3.905178
517.000000,0.016233,3.910629,0.861111,0.000000,3.905755
518.000000,0.047956,3.902782,0.861111,0.000000,3.906313
519.000000,0.062579,3.903185,0.861111,0.000000,3.906853
520.000000,0.010597,3.904147,0.861111,0.000000,3.907375
521.000000,0.012246,3.911543,0.861111,0.000000,3.907880
522.000000,0.056716,3.903369,0.861111,0.000000,3.908369
523.000000,0.026173,3.910625,0.861111,0.000000,3.908841
524.000000,0.058076,3.913032,0.861111,0.000000,3.909298
525.000000,0.021149,3.909299,0.861111,0.000000,3.909740
526.000000,0.059101,3.915218,0.861111,0.000000,3.910167
527.000000,0.032630,3.909059,0.861111,0.000000,3.910581
528.000000,0.035165,3.909911,0.861111,0.000000,3.910981
529.000000,0.061294,3.906481,0.861111,0.000000,3.911367
530.000000,0.022765,3.916827,0.861111,0.000000,3.911741
531.000000,0.011178,3.908271,0.861111,0.000000,3.912103
532.000000,0.021029,3.914202,0.861111,0.000000,3.912453
533.000000,0.039047,3.912435,0.861111,0.000000,3.912792
534.000000,-0.001315,3.907855,0.861111,0.000000,3.913119
535.000000,0.042749,3.910390,0.861111,0.000000,3.913436
536.000000,0.019225,3.920656,0.861111,0.000000,3.913742
537.000000,0.052956,3.915046,0.861111,0.000000,3.914038
538.000000,-0.017885,3.909279,0.861111,0.000000,3.914325
539.000000,0.014269,3.916128,0.861111,0.000000,3.914602
540.000000,-0.003729,3.914139,0.861111,0.000000,3.914870
541.000000,0.013475,3.932399,0.861111,0.000000,3.915129
542.000000,0.034953,3.916805,0.861111,0.000000,3.915380
543.000000,0.026415,3.913719,0.861111,0.000000,3.915622
544.000000,0.024932,3.922957,0.861111,0.000000,3.915857
545.000000,0.026816,3.906879,0.861111,0.000000,3.916084
546.000000,0.034068,3.916775,0.861111,0.000000,3.916303
547.000000,0.009829,3.926488,0.861111,0.000000,3.916516
548.000000,0.044137,3.916140,0.861111,0.000000,3.916721
549.000000,0.043253,3.908253,0.861111,0.000000,3.916919
550.000000,0.037701,3.915132,0.861111,0.000000,3.917112
551.000000,0.041131,3.924570,0.861111,0.000000,3.917297
552.000000,0.035928,3.919357,0.861111,0.000000,3.917477
553.000000,0.070701,3.913456,0.861111,0.000000,3.917651
554.000000,0.028258,3.914393,0.861111,0.000000,3.917819
555.000000,0.023858,3.915183,0.861111,0.000000,3.917981
556.000000,0.014929,3.919945,0.861111,0.000000,3.918139
557.000000,0.009355,3.924982,0.861111,0.000000,3.918291
558.000000,0.005111,3.923700,0.861111,0.000000,3.918438
559.000000,0.012224,3.920860,0.861111,0.000000,3.918580
560.000000,0.028586,3.912059,0.861111,0.000000,3.918718
561.000000,0.036686,3.912211,0.861111,0.000000,3.918851
562.000000,0.031023,3.921646,0.861111,0.000000,3.918980
563.000000,0.014689,3.912377,0.861111,0.000000,3.919104
564.000000,0.048004,3.918097,0.861111,0.000000,3.919225
565.000000,0.044788,3.920862,0.861111,0.000000,3.919341
566.000000,0.026807,3.913766,0.861111,0.000000,3.919454
567.000000,0.016942,3.914441,0.861111,0.000000,3.919563
568.000000,0.040969,3.919197,0.861111,0.000000,3.919668
569.000000,0.033759,3.922288,0.861111,0.000000,3.919770
570.000000,0.001037,3.925176,0.861111,0.000000,3.919869
571.000000,0.028640,3.922999,0.861111,0.000000,3.919964
572.000000,0.035241,3.920425,0.861111,0.000000,3.920056
573.000000,0.012006,3.916414,0.861111,0.000000,3.920145
574.000000,0.033797,3.914877,0.861111,0.000000,3.920232
575.000000,0.000904,3.917761,0.861111,0.000000,3.920315
576.000000,0.056724,3.922446,0.861111,0.000000,3.920396
577.000000,0.054959,3.922157,0.861111,0.000000,3.920474
578.000000,0.024950,3.910050,0.861111,0.000000,3.920550
579.000000,0.037269,3.916694,0.861111,0.000000,3.920623
580.000000,-0.018198,3.926716,0.861111,0.000000,3.920693
581.000000,0.006873,3.921158,0.861111,0.000000,3.920762
582.000000,0.024124,3.913743,0.861111,0.000000,3.920828
583.000000,0.008557,3.932671,0.861111,0.000000,3.920892
584.000000,0.044288,3.920809,0.861111,0.000000,3.920953
585.000000,0.069946,3.922935,0.861111,0.000000,3.921013
586.000000,0.006468,3.923069,0.861111,0.000000,3.921071
587.000000,0.013251,3.919289,0.861111,0.000000,3.921127
588.000000,0.034709,3.917543,0.861111,0.000000,3.921181
589.000000,0.062222,3.931842,0.861111,0.000000,3.921234
590.000000,0.005553,3.926300,0.861111,0.000000,3.921284
591.000000,0.034981,3.925443,0.861111,0.000000,3.921333
592.000000,0.066426,3.924262,0.861111,0.000000,3.921380
593.000000,-0.003035,3.916410,0.861111,0.000000,3.921426
594.000000,0.004379,3.927858,0.861111,0.000000,3.921471
595.000000,0.021528,3.917298,0.861111,0.000000,3.921513
596.000000,0.019588,3.922971,0.861111,0.000000,3.921555
597.000000,0.046252,3.913398,0.861111,0.000000,3.921595
598.000000,0.034833,3.911429,0.861111,0.000000,3.921634
599.000000,-0.005499,3.923263,0.861111,0.000000,3.921671
600.000000,2.040308,3.897662,0.861111,2.000000,3.901708
601.000000,2.018449,3.890619,0.860833,2.000000,3.900565
602.000000,2.055489,3.902156,0.860556,2.000000,3.899453
603.000000,2.017448,3.908972,0.860278,2.000000,3.898371
604.000000,2.017268,3.904266,0.860000,2.000000,3.897319
605.000000,2.040823,3.895007,0.859722,2.000000,3.896294
606.000000,2.045259,3.895341,0.859444,2.000000,3.895297
607.000000,2.038962,3.898764,0.859167,2.000000,3.894326
608.000000,1.996288,3.898991,0.858889,2.000000,3.893380
609.000000,2.040761,3.890742,0.858611,2.000000,3.892459
610.000000,2.009314,3.891733,0.858333,2.000000,3.891562
611.000000,2.034706,3.892191,0.858056,2.000000,3.890688
612.000000,2.001525,3.892606,0.857778,2.000000,3.889837
613.000000,2.038926,3.888341,0.857500,2.000000,3.889006
614.000000,2.013868,3.887597,0.857222,2.000000,3.888197
615.000000,2.004347,3.894307,0.856944,2.000000,3.887408
616.000000,2.044276,3.892686,0.856667,2.000000,3.886638
617.000000,2.034833,3.888274,0.856389,2.000000,3.885887
618.000000,2.017720,3.893750,0.856111,2.000000,3.885155
619.000000,2.059024,3.882508,0.855833,2.000000,3.884440
620.000000,2.021187,3.891857,0.855556,2.000000,3.883742
621.000000,2.030642,3.885773,0.855278,2.000000,3.883061
622.000000,2.035378,3.898750,0.855000,2.000000,3.882395
623.000000,2.017607,3.875783,0.854722,2.000000,3.881745
624.000000,2.039423,3.877663,0.854444,2.000000,3.881110
625.000000,2.019331,3.882583,0.854167,2.000000,3.880489
626.000000,2.021767,3.881869,0.853889,2.000000,3.879883
627.000000,2.057253,3.889040,0.853611,2.000000,3.879290
628.000000,2.009188,3.875368,0.853333,2.000000,3.878710
629.000000,1.981744,3.882667,0.853056,2.000000,3.878142
630.000000,2.062219,3.883399,0.852778,2.000000,3.877587
631.000000,2.080987,3.880567,0.852500,2.000000,3.877044
632.000000,2.021895,3.871707,0.852222,2.000000,3.876512
633.000000,1.991263,3.883030,0.851944,2.000000,3.875991
634.000000,2.023790,3.881627,0.851667,2.000000,3.875481
635.000000,2.024276,3.877979,0.851389,2.000000,3.874981
636.000000,2.026202,3.875513,0.851111,2.000000,3.874491
637.000000,2.007732,3.875142,0.850833,2.000000,3.874011
638.000000,2.041591,3.873147,0.850556,2.000000,3.873540
639.000000,2.040490,3.876283,0.850278,2.000000,3.873079
640.000000,2.000112,3.872781,0.850000,2.000000,3.872626
641.000000,2.043984,3.867939,0.849722,2.000000,3.872181
642.000000,2.071054,3.866502,0.849444,2.000000,3.871745
643.000000,2.033439,3.867557,0.849167,2.000000,3.871317
644.000000,2.023253,3.872007,0.848889,2.000000,3.870896
645.000000,2.027160,3.870348,0.848611,2.000000,3.870483
646.000000,2.042305,3.871154,0.848333,2.000000,3.870077
647.000000,1.995387,3.872182,0.848056,2.000000,3.869678
648.000000,2.033288,3.866149,0.847778,2.000000,3.869285
649.000000,2.022191,3.876228,0.847500,2.000000,3.868899
650.000000,2.066957,3.867181,0.847222,2.000000,3.868520
651.000000,2.026517,3.865979,0.846944,2.000000,3.868146
652.000000,2.063358,3.870190,0.846667,2.000000,3.867778
653.000000,2.007925,3.858234,0.846389,2.000000,3.867416
654.000000,2.041745,3.863107,0.846111,2.000000,3.867060
655.000000,2.036388,3.871614,0.845833,2.000000,3.866709
656.000000,2.012619,3.857675,0.845556,2.000000,3.866363
657.000000,2.033548,3.871609,0.845278,2.000000,3.866021
658.000000,2.054250,3.873241,0.845000,2.000000,3.865685
659.000000,2.023524,3.863506,0.844722,2.000000,3.865353
660.000000,1.996161,3.866485,0.844444,2.000000,3.865026
661.000000,2.029649,3.870299,0.844167,2.000000,3.864704
662.000000,2.011952,3.862051,0.843889,2.000000,3.864385
663.000000,2.023153,3.868409,0.843611,2.000000,3.864070
664.000000,2.028368,3.860404,0.843333,2.000000,3.863760
665.000000,1.995887,3.861065,0.843056,2.000000,3.863453
666.000000,1.997687,3.859153,0.842778,2.000000,3.863150
667.000000,2.039641,3.864564,0.842500,2.000000,3.862850
668.000000,2.019546,3.868344,0.842222,2.000000,3.862554
669.000000,1.978705,3.861341,0.841944,2.000000,3.862262
670.000000,2.045697,3.855616,0.841667,2.000000,3.861972
671.000000,2.035447,3.856272,0.841389,2.000000,3.861686
672.000000,2.015723,3.863375,0.841111,2.000000,3.861402
673.000000,2.003663,3.870342,0.840833,2.000000,3.861122
674.000000,2.046716,3.862813,0.840556,2.000000,3.860844
675.000000,2.036987,3.858635,0.840278,2.000000,3.860569
676.000000,2.077652,3.864128,0.840000,2.000000,3.860297
677.000000,2.038404,3.858830,0.839722,2.000000,3.860027
678.000000,2.037754,3.857868,0.839444,2.000000,3.859760
679.000000,2.026661,3.854703,0.839167,2.000000,3.859495
680.000000,2.046336,3.866275,0.838889,2.000000,3.859232
681.000000,2.042502,3.846276,0.838611,2.000000,3.858972
682.000000,2.055035,3.862703,0.838333,2.000000,3.858714
683.000000,2.019574,3.856139,0.838056,2.000000,3.858458
684.000000,2.021292,3.856152,0.837778,2.000000,3.858204
685.000000,2.020418,3.866413,0.837500,2.000000,3.857952
686.000000,2.045816,3.854131,0.837222,2.000000,3.857701
687.000000,2.059967,3.854053,0.836944,2.000000,3.857453
688.000000,2.020823,3.856554,0.836667,2.000000,3.857206
689.000000,2.021505,3.859031,0.836389,2.000000,3.856961
690.000000,2.036282,3.854509,0.836111,2.000000,3.856718
691.000000,2.025085,3.848607,0.835833,2.000000,3.856476
692.000000,2.049041,3.851908,0.835556,2.000000,3.856236
693.000000,1.984964,3.862404,0.835278,2.000000,3.855998
694.000000,2.013466,3.856134,0.835000,2.000000,3.855761
695.000000,2.014352,3.857780,0.834722,2.000000,3.855525
696.000000,1.983593,3.853983,0.834444,2.000000,3.855290
697.000000,2.010727,3.851760,0.834167,2.000000,3.855057
698.000000,2.011697,3.863213,0.833889,2.000000,3.854825
699.000000,2.025978,3.853654,0.833611,2.000000,3.854595
700.000000,2.052259,3.852149,0.833333,2.000000,3.854365
701.000000,2.025099,3.859618,0.833056,2.000000,3.854137
702.000000,2.009384,3.850298,0.832778,2.000000,3.853910
703.000000,2.028861,3.850710,0.832500,2.000000,3.853684
704.000000,2.050983,3.853510,0.832222,2.000000,3.853459
705.000000,2.010481,3.853236,0.831944,2.000000,3.853235
706.000000,2.011789,3.854310,0.831667,2.000000,3.853012
707.000000,2.041171,3.863248,0.831389,2.000000,3.852789
708.000000,2.025569,3.854249,0.831111,2.000000,3.852568
709.000000,2.042950,3.840458,0.830833,2.000000,3.852348
710.000000,2.029727,3.853760,0.830556,2.000000,3.852128
711.000000,2.044033,3.852099,0.830278,2.000000,3.851910
712.000000,2.009298,3.851909,0.830000,2.000000,3.851692
713.000000,2.029758,3.852704,0.829722,2.000000,3.851475
714.000000,2.025786,3.851115,0.829444,2.000000,3.851258
715.000000,2.005682,3.850780,0.829167,2.000000,3.851043
716.000000,1.998730,3.853893,0.828889,2.000000,3.850828
717.000000,2.043715,3.847903,0.828611,2.000000,3.850613
718.000000,2.022981,3.845661,0.828333,2.000000,3.850400
719.000000,2.009554,3.865306,0.828056,2.000000,3.850187
720.000000,2.028076,3.846395,0.827778,2.000000,3.849974
721.000000,2.052560,3.850263,0.827500,2.000000,3.849762
722.000000,1.984385,3.842073,0.827222,2.000000,3.849551
723.000000,2.000067,3.849923,0.826944,2.000000,3.849341
724.000000,2.011542,3.844464,0.826667,2.000000,3.849130
725.000000,2.059224,3.846708,0.826389,2.000000,3.848921
726.000000,2.035652,3.853937,0.826111,2.000000,3.848712
727.000000,2.045346,3.850863,0.825833,2.000000,3.848503
728.000000,2.007197,3.851137,0.825556,2.000000,3.848295
729.000000,2.007609,3.839231,0.825278,2.000000,3.848087
730.000000,2.038956,3.857064,0.825000,2.000000,3.847880
731.000000,2.031165,3.841713,0.824722,2.000000,3.847673
732.000000,2.040975,3.855109,0.824444,2.000000,3.847466
733.000000,2.026247,3.852368,0.824167,2.000000,3.847260
734.000000,2.035563,3.849941,0.823889,2.000000,3.847054
735.000000,2.033162,3.842574,0.823611,2.000000,3.846849
736.000000,2.045555,3.847402,0.823333,2.000000,3.846644
737.000000,2.046140,3.844085,0.823056,2.000000,3.846440
738.000000,1.997603,3.846380,0.822778,2.000000,3.846235
739.000000,1.985055,3.844782,0.822500,2.000000,3.846031
740.000000,2.050035,3.835635,0.822222,2.000000,3.845828
741.000000,2.053755,3.851233,0.821944,2.000000,3.845624
742.000000,2.009588,3.845016,0.821667,2.000000,3.845421
743.000000,1.992803,3.842794,0.821389,2.000000,3.845218
744.000000,2.031981,3.842214,0.821111,2.000000,3.845016
745.000000,2.048617,3.846606,0.820833,2.000000,3.844814
746.000000,2.065952,3.840143,0.820556,2.000000,3.844612
747.000000,2.040326,3.833134,0.820278,2.000000,3.844410
748.000000,2.022566,3.846244,0.820000,2.000000,3.844208
749.000000,2.012137,3.846603,0.819722,2.000000,3.844007
750.000000,2.030229,3.842808,0.819444,2.000000,3.843806
751.000000,2.024015,3.837866,0.819167,2.000000,3.843605
752.000000,2.009699,3.843849,0.818889,2.000000,3.843405
753.000000,2.070975,3.835881,0.818611,2.000000,3.843204
754.000000,2.065703,3.837868,0.818333,2.000000,3.843004
755.000000,2.052721,3.839050,0.818056,2.000000,3.842804
756.000000,2.011583,3.846824,0.817778,2.000000,3.842604
757.000000,2.047100,3.840591,0.817500,2.000000,3.842404
758.000000,2.042793,3.839966,0.817222,2.000000,3.842205
759.000000,2.038851,3.851779,0.816944,2.000000,3.842006
760.000000,2.054993,3.843569,0.816667,2.000000,3.841806
761.000000,2.042707,3.843302,0.816389,2.000000,3.841607
762.000000,2.044800,3.839560,0.816111,2.000000,3.841408
763.000000,2.042738,3.838228,0.815833,2.000000,3.841210
764.000000,2.036816,3.830079,0.815556,2.000000,3.841011
765.000000,1.994328,3.845656,0.815278,2.000000,3.840813
766.000000,2.031672,3.842856,0.815000,2.000000,3.840614
767.000000,2.018876,3.839520,0.814722,2.000000,3.840416
768.000000,2.004403,3.839532,0.814444,2.000000,3.840218
769.000000,2.063636,3.843701,0.814167,2.000000,3.840020
770.000000,2.064580,3.832049,0.813889,2.000000,3.839822
771.000000,2.057184,3.836675,0.813611,2.000000,3.839625
772.000000,2.035104,3.833745,0.813333,2.000000,3.839427
773.000000,2.057013,3.848087,0.813056,2.000000,3.839229
774.000000,2.030241,3.843410,0.812778,2.000000,3.839032
775.000000,2.034056,3.827821,0.812500,2.000000,3.838835
776.000000,2.008131,3.831069,0.812222,2.000000,3.838637
777.000000,2.037940,3.837779,0.811944,2.000000,3.838440
778.000000,2.031208,3.835881,0.811667,2.000000,3.838243
779.000000,2.003947,3.831424,0.811389,2.000000,3.838046
780.000000,2.028976,3.847573,0.811111,2.000000,3.837849
781.000000,2.028405,3.839215,0.810833,2.000000,3.837653
782.000000,2.065951,3.839830,0.810556,2.000000,3.837456
783.000000,2.047884,3.833799,0.810278,2.000000,3.837259
784.000000,2.030229,3.840674,0.810000,2.000000,3.837063
785.000000,2.034976,3.834964,0.809722,2.000000,3.836866
786.000000,2.030884,3.835253,0.809444,2.000000,3.836670
787.000000,2.025942,3.839528,0.809167,2.000000,3.836473
788.000000,2.008351,3.828132,0.808889,2.000000,3.836277
789.000000,2.026979,3.844066,0.808611,2.000000,3.836081
790.000000,2.015078,3.836797,0.808333,2.000000,3.835885
791.000000,2.004994,3.842093,0.808056,2.000000,3.835689
792.000000,2.040224,3.830115,0.807778,2.000000,3.835493
793.000000,2.037825,3.830681,0.807500,2.000000,3.835296
794.000000,1.994266,3.829291,0.807222,2.000000,3.835101
795.000000,2.027546,3.836156,0.806944,2.000000,3.834905
796.000000,2.049914,3.835039,0.806667,2.000000,3.834709
797.000000,2.051184,3.832191,0.806389,2.000000,3.834513
798.000000,2.050517,3.829247,0.806111,2.000000,3.834317
799.000000,2.030778,3.827788,0.805833,2.000000,3.834121
800.000000,2.013099,3.833683,0.805556,2.000000,3.833926
801.000000,2.008326,3.831402,0.805278,2.000000,3.833730
802.000000,2.036892,3.830106,0.805000,2.000000,3.833534
803.000000,2.037586,3.841074,0.804722,2.000000,3.833339
804.000000,2.055747,3.832732,0.804444,2.000000,3.833143
805.000000,2.052000,3.839298,0.804167,2.000000,3.832948
806.000000,2.027355,3.830086,0.803889,2.000000,3.832752
807.000000,2.005116,3.833781,0.803611,2.000000,3.832557
808.000000,2.023618,3.832084,0.803333,2.000000,3.832362
809.000000,2.034345,3.823678,0.803056,2.000000,3.832166
810.000000,2.025958,3.839113,0.802778,2.000000,3.831971
811.000000,2.018442,3.831100,0.802500,2.000000,3.831776
812.000000,2.035058,3.835312,0.802222,2.000000,3.831580
813.000000,2.019921,3.827625,0.801944,2.000000,3.831385
814.000000,2.017439,3.830366,0.801667,2.000000,3.831190
815.000000,2.036229,3.826660,0.801389,2.000000,3.830995
816.000000,2.021960,3.836979,0.801111,2.000000,3.830799
817.000000,2.034882,3.832161,0.800833,2.000000,3.830604
818.000000,2.035464,3.832244,0.800556,2.000000,3.830409
819.000000,2.007211,3.837005,0.800278,2.000000,3.830214
820.000000,2.020375,3.835801,0.800000,2.000000,3.830019
821.000000,2.058756,3.833678,0.799722,2.000000,3.829852
822.000000,2.006758,3.822576,0.799444,2.000000,3.829684
823.000000,1.987667,3.826039,0.799167,2.000000,3.829517
824.000000,1.992763,3.824330,0.798889,2.000000,3.829350
825.000000,2.030582,3.832820,0.798611,2.000000,3.829183
826.000000,2.030618,3.829869,0.798333,2.000000,3.829015
827.000000,2.027648,3.821896,0.798056,2.000000,3.828848
828.000000,2.054284,3.827737,0.797778,2.000000,3.828681
829.000000,1.976543,3.821043,0.797500,2.000000,3.828514
830.000000,2.037919,3.828081,0.797222,2.000000,3.828347
831.000000,2.061229,3.819903,0.796944,2.000000,3.828180
832.000000,2.007444,3.830657,0.796667,2.000000,3.828013
833.000000,2.022404,3.829735,0.796389,2.000000,3.827846
834.000000,2.014942,3.837218,0.796111,2.000000,3.827679
835.000000,2.012113,3.831751,0.795833,2.000000,3.827511
836.000000,2.023475,3.825230,0.795556,2.000000,3.827344
837.000000,2.058550,3.831268,0.795278,2.000000,3.827177
838.000000,2.066748,3.820022,0.795000,2.000000,3.827010
839.000000,2.023281,3.822031,0.794722,2.000000,3.826843
840.000000,2.068101,3.828342,0.794444,2.000000,3.826676
841.000000,2.030712,3.815718,0.794167,2.000000,3.826509
842.000000,2.065074,3.826157,0.793889,2.000000,3.826342
843.000000,2.028134,3.821074,0.793611,2.000000,3.826175
844.000000,2.032621,3.826515,0.793333,2.000000,3.826008
845.000000,2.037309,3.820453,0.793056,2.000000,3.825842
846.000000,2.093577,3.827796,0.792778,2.000000,3.825675
847.000000,2.047026,3.825604,0.792500,2.000000,3.825508
848.000000,2.015855,3.832343,0.792222,2.000000,3.825341
849.000000,2.049380,3.825208,0.791944,2.000000,3.825174
850.000000,2.022763,3.821164,0.791667,2.000000,3.825007
851.000000,2.020205,3.823606,0.791389,2.000000,3.824840
852.000000,2.048172,3.817952,0.791111,2.000000,3.824673
853.000000,2.030622,3.826537,0.790833,2.000000,3.824506
854.000000,2.035572,3.827289,0.790556,2.000000,3.824339
855.000000,2.030280,3.836519,0.790278,2.000000,3.824173
856.000000,2.036732,3.820897,0.790000,2.000000,3.824006
857.000000,2.038499,3.822500,0.789722,2.000000,3.823839
858.000000,1.991261,3.820793,0.789444,2.000000,3.823672
859.000000,2.043331,3.824566,0.789167,2.000000,3.823505
860.000000,2.010360,3.825247,0.788889,2.000000,3.823338
861.000000,2.001154,3.822905,0.788611,2.000000,3.823171
862.000000,2.028832,3.828436,0.788333,2.000000,3.823005
863.000000,2.031680,3.819753,0.788056,2.000000,3.822838
864.000000,2.016130,3.827602,0.787778,2.000000,3.822671
865.000000,2.046621,3.825197,0.787500,2.000000,3.822504
866.000000,2.003156,3.822277,0.787222,2.000000,3.822337
867.000000,2.021861,3.820596,0.786944,2.000000,3.822171
868.000000,2.018303,3.834137,0.786667,2.000000,3.822004
869.000000,2.029068,3.817752,0.786389,2.000000,3.821837
870.000000,2.035577,3.823160,0.786111,2.000000,3.821670
871.000000,2.009842,3.817752,0.785833,2.000000,3.821503
872.000000,2.044486,3.830265,0.785556,2.000000,3.821337
873.000000,2.031260,3.825604,0.785278,2.000000,3.821170
874.000000,1.992161,3.817611,0.785000,2.000000,3.821003
875.000000,1.990828,3.823399,0.784722,2.000000,3.820836
876.000000,2.029754,3.821958,0.784444,2.000000,3.820670
877.000000,2.025581,3.817920,0.784167,2.000000,3.820503
878.000000,2.027932,3.824127,0.783889,2.000000,3.820336
879.000000,2.029440,3.822116,0.783611,2.000000,3.820169
880.000000,2.034511,3.821081,0.783333,2.000000,3.820003
881.000000,2.048953,3.819626,0.783056,2.000000,3.819836
882.000000,2.007778,3.821824,0.782778,2.000000,3.819669
883.000000,2.006561,3.820649,0.782500,2.000000,3.819502
884.000000,2.008134,3.819631,0.782222,2.000000,3.819336
885.000000,2.035778,3.815964,0.781944,2.000000,3.819169
886.000000,2.054899,3.827471,0.781667,2.000000,3.819002
887.000000,2.021373,3.813583,0.781389,2.000000,3.818835
888.000000,1.979966,3.820807,0.781111,2.000000,3.818669
889.000000,1.995920,3.816901,0.780833,2.000000,3.818502
890.000000,2.013339,3.827133,0.780556,2.000000,3.818335
891.000000,2.018845,3.813651,0.780278,2.000000,3.818168
892.000000,2.021832,3.814325,0.780000,2.000000,3.818002
893.000000,2.030772,3.812986,0.779722,2.000000,3.817835
894.000000,2.023765,3.819286,0.779444,2.000000,3.817668
895.000000,2.050987,3.810636,0.779167,2.000000,3.817502
896.000000,2.016480,3.814942,0.778889,2.000000,3.817335
897.000000,2.012754,3.806406,0.778611,2.000000,3.817168
898.000000,2.039578,3.818204,0.778333,2.000000,3.817001
899.000000,1.999287,3.814334,0.778056,2.000000,3.816835
900.000000,2.037794,3.809228,0.777778,2.000000,3.816668
901.000000,2.032051,3.821929,0.777500,2.000000,3.816501
902.000000,2.027051,3.809796,0.777222,2.000000,3.816335
903.000000,2.061766,3.820153,0.776944,2.000000,3.816168
904.000000,2.017556,3.812496,0.776667,2.000000,3.816001
905.000000,2.071206,3.823842,0.776389,2.000000,3.815834
906.000000,2.025491,3.819415,0.776111,2.000000,3.815668
907.000000,2.004460,3.810461,0.775833,2.000000,3.815501
908.000000,2.031398,3.810749,0.775556,2.000000,3.815334
909.000000,2.008475,3.818195,0.775278,2.000000,3.815168
910.000000,2.014965,3.813689,0.775000,2.000000,3.815001
911.000000,2.037941,3.813988,0.774722,2.000000,3.814834
912.000000,2.041112,3.821029,0.774444,2.000000,3.814668
913.000000,2.017557,3.810757,0.774167,2.000000,3.814501
914.000000,2.049748,3.814791,0.773889,2.000000,3.814334
915.000000,2.053150,3.818941,0.773611,2.000000,3.814167
916.000000,2.058726,3.818046,0.773333,2.000000,3.814001
917.000000,2.040588,3.813036,0.773056,2.000000,3.813834
918.000000,2.057269,3.812223,0.772778,2.000000,3.813667
919.000000,1.992384,3.804807,0.772500,2.000000,3.813501
920.000000,2.023642,3.808053,0.772222,2.000000,3.813334
921.000000,2.012660,3.814759,0.771944,2.000000,3.813167
922.000000,2.032385,3.812311,0.771667,2.000000,3.813001
923.000000,2.018571,3.813209,0.771389,2.000000,3.812834
924.000000,2.026677,3.817864,0.771111,2.000000,3.812667
925.000000,2.067643,3.806564,0.770833,2.000000,3.812501
926.000000,2.026606,3.811153,0.770556,2.000000,3.812334
927.000000,2.038276,3.813111,0.770278,2.000000,3.812167
928.000000,2.025355,3.808480,0.770000,2.000000,3.812001
929.000000,2.031514,3.818991,0.769722,2.000000,3.811834
930.000000,2.030120,3.816210,0.769444,2.000000,3.811667
931.000000,2.038966,3.812951,0.769167,2.000000,3.811500
932.000000,2.053306,3.820305,0.768889,2.000000,3.811334
933.000000,2.062948,3.803673,0.768611,2.000000,3.811167
934.000000,2.036192,3.810962,0.768333,2.000000,3.811000
935.000000,2.041791,3.812665,0.768056,2.000000,3.810834
936.000000,2.006983,3.806094,0.767778,2.000000,3.810667
937.000000,2.028242,3.812004,0.767500,2.000000,3.810500
938.000000,2.048806,3.804801,0.767222,2.000000,3.810334
939.000000,2.047319,3.813620,0.766944,2.000000,3.810167
940.000000,2.034232,3.815290,0.766667,2.000000,3.810000
941.000000,2.047728,3.811195,0.766389,2.000000,3.809834
942.000000,2.039815,3.800403,0.766111,2.000000,3.809667
943.000000,2.054006,3.804666,0.765833,2.000000,3.809500
944.000000,2.035787,3.812157,0.765556,2.000000,3.809334
945.000000,2.022886,3.809273,0.765278,2.000000,3.809167
946.000000,2.036717,3.795530,0.765000,2.000000,3.809000
947.000000,1.971388,3.815048,0.764722,2.000000,3.808834
948.000000,2.037658,3.809350,0.764444,2.000000,3.808667
949.000000,1.957032,3.804405,0.764167,2.000000,3.808500
950.000000,1.995531,3.813308,0.763889,2.000000,3.808334
951.000000,2.039035,3.804779,0.763611,2.000000,3.808167
952.000000,2.039551,3.804558,0.763333,2.000000,3.808000
953.000000,2.006751,3.809625,0.763056,2.000000,3.807834
954.000000,2.015758,3.816572,0.762778,2.000000,3.807667
955.000000,2.057411,3.815618,0.762500,2.000000,3.807500
956.000000,2.020319,3.809132,0.762222,2.000000,3.807334
957.000000,2.074858,3.809479,0.761944,2.000000,3.807167
958.000000,2.029962,3.810958,0.761667,2.000000,3.807000
959.000000,2.038161,3.800549,0.761389,2.000000,3.806834
960.000000,2.062337,3.809888,0.761111,2.000000,3.806667
961.000000,2.032621,3.802830,0.760833,2.000000,3.806500
962.000000,2.009953,3.807926,0.760556,2.000000,3.806333
963.000000,2.027805,3.805029,0.760278,2.000000,3.806167
964.000000,2.029288,3.808506,0.760000,2.000000,3.806000
965.000000,2.002705,3.806424,0.759722,2.000000,3.805833
966.000000,2.024883,3.790302,0.759444,2.000000,3.805667
967.000000,2.015156,3.806395,0.759167,2.000000,3.805500
968.000000,2.048487,3.808544,0.758889,2.000000,3.805333
969.000000,2.030692,3.807396,0.758611,2.000000,3.805167
970.000000,2.024344,3.804487,0.758333,2.000000,3.805000
971.000000,2.027876,3.813044,0.758056,2.000000,3.804833
972.000000,2.034462,3.806224,0.757778,2.000000,3.804667
973.000000,2.042336,3.806688,0.757500,2.000000,3.804500
974.000000,2.010006,3.809556,0.757222,2.000000,3.804333
975.000000,2.009168,3.805980,0.756944,2.000000,3.804167
976.000000,2.052094,3.799510,0.756667,2.000000,3.804000
977.000000,2.021753,3.791642,0.756389,2.000000,3.803833
978.000000,2.001663,3.801281,0.756111,2.000000,3.803667
979.000000,2.038876,3.807305,0.755833,2.000000,3.803500
980.000000,2.039267,3.801568,0.755556,2.000000,3.803333
981.000000,1.999386,3.807173,0.755278,2.000000,3.803167
982.000000,2.034590,3.803744,0.755000,2.000000,3.803000
983.000000,2.044712,3.809274,0.754722,2.000000,3.802833
984.000000,2.037488,3.801191,0.754444,2.000000,3.802667
985.000000,2.042640,3.804838,0.754167,2.000000,3.802500
986.000000,2.001915,3.804863,0.753889,2.000000,3.802333
987.000000,2.036621,3.809675,0.753611,2.000000,3.802167
988.000000,2.023948,3.793467,0.753333,2.000000,3.802000
989.000000,2.020344,3.799541,0.753056,2.000000,3.801833
990.000000,2.047411,3.805909,0.752778,2.000000,3.801667
991.000000,2.059585,3.809230,0.752500,2.000000,3.801500
992.000000,2.065887,3.802534,0.752222,2.000000,3.801333
993.000000,2.056296,3.799703,0.751944,2.000000,3.801167
994.000000,2.027805,3.804786,0.751667,2.000000,3.801000
995.000000,2.037054,3.805177,0.751389,2.000000,3.800833
996.000000,2.045336,3.798868,0.751111,2.000000,3.800667
997.000000,2.032424,3.802152,0.750833,2.000000,3.800500
998.000000,2.032615,3.806236,0.750556,2.000000,3.800333
999.000000,2.046475,3.809619,0.750278,2.000000,3.800167
1000.000000,2.028814,3.803713,0.750000,2.000000,3.800000
1001.000000,2.015414,3.800054,0.749722,2.000000,3.799833
1002.000000,2.021711,3.799396,0.749444,2.000000,3.799667
1003.000000,2.042678,3.802287,0.749167,2.000000,3.799500
1004.000000,2.030060,3.798755,0.748889,2.000000,3.799333
1005.000000,2.036804,3.800115,0.748611,2.000000,3.799167
1006.000000,2.043402,3.793711,0.748333,2.000000,3.799000
1007.000000,2.022503,3.805319,0.748056,2.000000,3.798833
1008.000000,2.045125,3.792966,0.747778,2.000000,3.798667
1009.000000,2.037577,3.796339,0.747500,2.000000,3.798500
1010.000000,2.005304,3.798821,0.747222,2.000000,3.798333
1011.000000,2.058846,3.808122,0.746944,2.000000,3.798167
1012.000000,2.019985,3.795887,0.746667,2.000000,3.798000
1013.000000,1.996898,3.794503,0.746389,2.000000,3.797833
1014.000000,2.009099,3.794913,0.746111,2.000000,3.797667
1015.000000,2.009579,3.805795,0.745833,2.000000,3.797500
1016.000000,2.031043,3.783272,0.745556,2.000000,3.797333
1017.000000,2.024523,3.792153,0.745278,2.000000,3.797167
1018.000000,2.023263,3.810656,0.745000,2.000000,3.797000
1019.000000,2.042394,3.799788,0.744722,2.000000,3.796833
1020.000000,2.036798,3.791137,0.744444,2.000000,3.796667
1021.000000,2.036321,3.796290,0.744167,2.000000,3.796500
1022.000000,2.038197,3.796671,0.743889,2.000000,3.796333
1023.000000,2.042323,3.800397,0.743611,2.000000,3.796167
1024.000000,1.987841,3.805198,0.743333,2.000000,3.796000
1025.000000,2.022711,3.797776,0.743056,2.000000,3.795833
1026.000000,1.986396,3.792968,0.742778,2.000000,3.795667
1027.000000,2.030721,3.799435,0.742500,2.000000,3.795500
1028.000000,2.029907,3.791842,0.742222,2.000000,3.795333
1029.000000,2.050911,3.790000,0.741944,2.000000,3.795167
1030.000000,2.053753,3.786200,0.741667,2.000000,3.795000
1031.000000,2.034056,3.787008,0.741389,2.000000,3.794833
1032.000000,2.019993,3.790184,0.741111,2.000000,3.794667
1033.000000,2.039703,3.788611,0.740833,2.000000,3.794500
1034.000000,2.019442,3.795900,0.740556,2.000000,3.794333
1035.000000,2.029972,3.788170,0.740278,2.000000,3.794167
1036.000000,2.049723,3.778282,0.740000,2.000000,3.794000
1037.000000,2.018845,3.788614,0.739722,2.000000,3.793833
1038.000000,2.046114,3.791307,0.739444,2.000000,3.793667
1039.000000,2.043548,3.790473,0.739167,2.000000,3.793500
1040.000000,2.010904,3.800931,0.738889,2.000000,3.793333
1041.000000,2.049478,3.790099,0.738611,2.000000,3.793167
1042.000000,2.043971,3.797405,0.738333,2.000000,3.793000
1043.000000,2.032039,3.792738,0.738056,2.000000,3.792833
1044.000000,2.014754,3.792455,0.737778,2.000000,3.792667
1045.000000,2.012816,3.788323,0.737500,2.000000,3.792500
1046.000000,2.019247,3.792039,0.737222,2.000000,3.792333
1047.000000,2.040852,3.788341,0.736944,2.000000,3.792167
1048.000000,2.010887,3.792850,0.736667,2.000000,3.792000
1049.000000,2.038750,3.790652,0.736389,2.000000,3.791833
1050.000000,2.005165,3.786944,0.736111,2.000000,3.791667
1051.000000,2.025919,3.796459,0.735833,2.000000,3.791500
1052.000000,2.032193,3.793468,0.735556,2.000000,3.791333
1053.000000,2.078903,3.788926,0.735278,2.000000,3.791167
1054.000000,2.002454,3.791727,0.735000,2.000000,3.791000
1055.000000,2.059440,3.790414,0.734722,2.000000,3.790833
1056.000000,2.032997,3.786329,0.734444,2.000000,3.790667
1057.000000,2.038223,3.790852,0.734167,2.000000,3.790500
1058.000000,2.032367,3.787228,0.733889,2.000000,3.790333
1059.000000,2.038895,3.785442,0.733611,2.000000,3.790167
1060.000000,2.026926,3.781886,0.733333,2.000000,3.790000
1061.000000,2.059081,3.788040,0.733056,2.000000,3.789833
1062.000000,2.020871,3.792502,0.732778,2.000000,3.789667
1063.000000,2.052645,3.786027,0.732500,2.000000,3.789500
1064.000000,2.017113,3.801937,0.732222,2.000000,3.789333
1065.000000,2.028795,3.793595,0.731944,2.000000,3.789167
1066.000000,2.008561,3.795522,0.731667,2.000000,3.789000
1067.000000,2.039100,3.792810,0.731389,2.000000,3.788833
1068.000000,2.058903,3.797931,0.731111,2.000000,3.788667
1069.000000,2.028453,3.784565,0.730833,2.000000,3.788500
1070.000000,2.026062,3.775530,0.730556,2.000000,3.788333
1071.000000,2.007708,3.785936,0.730278,2.000000,3.788167
1072.000000,2.025414,3.790791,0.730000,2.000000,3.788000
1073.000000,1.998144,3.788591,0.729722,2.000000,3.787833
1074.000000,2.011742,3.789044,0.729444,2.000000,3.787667
1075.000000,2.034536,3.794105,0.729167,2.000000,3.787500
1076.000000,2.056380,3.789244,0.728889,2.000000,3.787333
1077.000000,2.086184,3.791161,0.728611,2.000000,3.787167
1078.000000,2.018268,3.782302,0.728333,2.000000,3.787000
1079.000000,2.058706,3.781356,0.728056,2.000000,3.786833
1080.000000,2.034875,3.794737,0.727778,2.000000,3.786667
1081.000000,2.026975,3.787005,0.727500,2.000000,3.786500
1082.000000,2.038652,3.783217,0.727222,2.000000,3.786333
1083.000000,2.031238,3.783060,0.726944,2.000000,3.786167
1084.000000,2.032208,3.782754,0.726667,2.000000,3.786000
1085.000000,2.021833,3.782289,0.726389,2.000000,3.785833
1086.000000,2.002038,3.779251,0.726111,2.000000,3.785667
1087.000000,1.999127,3.777998,0.725833,2.000000,3.785500
1088.000000,2.043065,3.784358,0.725556,2.000000,3.785333
1089.000000,2.024466,3.782202,0.725278,2.000000,3.785167
1090.000000,2.018078,3.790536,0.725000,2.000000,3.785000
1091.000000,2.030170,3.786299,0.724722,2.000000,3.784833
1092.000000,2.045899,3.785993,0.724444,2.000000,3.784667
1093.000000,2.033607,3.780784,0.724167,2.000000,3.784500
1094.000000,2.016879,3.783728,0.723889,2.000000,3.784333
1095.000000,2.054526,3.785972,0.723611,2.000000,3.784167
1096.000000,2.061584,3.787581,0.723333,2.000000,3.784000
1097.000000,2.039891,3.783364,0.723056,2.000000,3.783833
1098.000000,2.049473,3.789062,0.722778,2.000000,3.783667
1099.000000,2.054839,3.783540,0.722500,2.000000,3.783500
1100.000000,0.052602,3.807298,0.722222,0.000000,3.803333
1101.000000,0.042282,3.801868,0.722222,0.000000,3.804317
1102.000000,0.041967,3.796205,0.722222,0.000000,3.805268
1103.000000,0.040393,3.807530,0.722222,0.000000,3.806188
1104.000000,0.008053,3.810705,0.722222,0.000000,3.807078
1105.000000,0.044014,3.810816,0.722222,0.000000,3.807939
1106.000000,0.002884,3.810882,0.722222,0.000000,3.808771
1107.000000,0.014108,3.807834,0.722222,0.000000,3.809577
1108.000000,0.056071,3.806322,0.722222,0.000000,3.810355
1109.000000,0.046804,3.813867,0.722222,0.000000,3.811109
1110.000000,0.059748,3.813970,0.722222,0.000000,3.811837
1111.000000,0.024567,3.809738,0.722222,0.000000,3.812542
1112.000000,0.006955,3.818771,0.722222,0.000000,3.813224
1113.000000,0.025191,3.809469,0.722222,0.000000,3.813883
1114.000000,0.032041,3.811603,0.722222,0.000000,3.814521
1115.000000,0.031580,3.823320,0.722222,0.000000,3.815137
1116.000000,0.052674,3.820077,0.722222,0.000000,3.815734
1117.000000,0.022775,3.814521,0.722222,0.000000,3.816311
1118.000000,0.037041,3.818306,0.722222,0.000000,3.816869
1119.000000,0.010227,3.818183,0.722222,0.000000,3.817409
1120.000000,0.039006,3.804203,0.722222,0.000000,3.817931
1121.000000,0.030062,3.813903,0.722222,0.000000,3.818436
1122.000000,0.015004,3.818670,0.722222,0.000000,3.818924
1123.000000,0.025283,3.817614,0.722222,0.000000,3.819397
1124.000000,0.026316,3.821089,0.722222,0.000000,3.819853
1125.000000,0.024597,3.825943,0.722222,0.000000,3.820295
1126.000000,0.065427,3.819115,0.722222,0.000000,3.820723
1127.000000,0.028031,3.815848,0.722222,0.000000,3.821136
1128.000000,0.025122,3.823160,0.722222,0.000000,3.821536
1129.000000,-0.011949,3.820290,0.722222,0.000000,3.821923
1130.000000,0.012116,3.821517,0.722222,0.000000,3.822297
1131.000000,0.024739,3.821200,0.722222,0.000000,3.822659
1132.000000,0.016283,3.834218,0.722222,0.000000,3.823009
1133.000000,0.057634,3.812144,0.722222,0.000000,3.823347
1134.000000,0.026701,3.821733,0.722222,0.000000,3.823675
1135.000000,0.055769,3.823973,0.722222,0.000000,3.823991
1136.000000,0.031234,3.820392,0.722222,0.000000,3.824298
1137.000000,0.030745,3.829093,0.722222,0.000000,3.824594
1138.000000,0.028224,3.828947,0.722222,0.000000,3.824880
1139.000000,0.030076,3.824919,0.722222,0.000000,3.825157
1140.000000,0.064376,3.824072,0.722222,0.000000,3.825425
1141.000000,-0.016392,3.825125,0.722222,0.000000,3.825685
1142.000000,-0.010031,3.825411,0.722222,0.000000,3.825935
1143.000000,0.019137,3.825786,0.722222,0.000000,3.826178
1144.000000,0.030291,3.825473,0.722222,0.000000,3.826413
1145.000000,0.043802,3.827902,0.722222,0.000000,3.826639
1146.000000,0.039462,3.830625,0.722222,0.000000,3.826859
1147.000000,0.022315,3.820920,0.722222,0.000000,3.827071
1148.000000,0.050381,3.822023,0.722222,0.000000,3.827276
1149.000000,0.050604,3.818732,0.722222,0.000000,3.827475
1150.000000,0.033681,3.831999,0.722222,0.000000,3.827667
1151.000000,0.049253,3.829104,0.722222,0.000000,3.827853
1152.000000,0.035453,3.830559,0.722222,0.000000,3.828033
1153.000000,0.018770,3.821059,0.722222,0.000000,3.828206
1154.000000,0.043956,3.837299,0.722222,0.000000,3.828374
1155.000000,0.032212,3.825493,0.722222,0.000000,3.828537
1156.000000,0.030027,3.829535,0.722222,0.000000,3.828694
1157.000000,0.059459,3.833118,0.722222,0.000000,3.828846
1158.000000,-0.019017,3.824058,0.722222,0.000000,3.828993
1159.000000,0.001646,3.826404,0.722222,0.000000,3.829136
1160.000000,0.006259,3.830169,0.722222,0.000000,3.829273
1161.000000,0.022735,3.843694,0.722222,0.000000,3.829406
1162.000000,0.024908,3.831041,0.722222,0.000000,3.829535
1163.000000,-0.000147,3.837691,0.722222,0.000000,3.829660
1164.000000,0.010297,3.835808,0.722222,0.000000,3.829780
1165.000000,0.012783,3.831737,0.722222,0.000000,3.829897
1166.000000,0.079148,3.825063,0.722222,0.000000,3.830009
1167.000000,0.066035,3.835417,0.722222,0.000000,3.830118
1168.000000,0.021765,3.822733,0.722222,0.000000,3.830224
1169.000000,0.022728,3.838330,0.722222,0.000000,3.830326
1170.000000,0.007016,3.831424,0.722222,0.000000,3.830424
1171.000000,-0.008163,3.817268,0.722222,0.000000,3.830520
1172.000000,0.027662,3.828909,0.722222,0.000000,3.830612
1173.000000,0.010043,3.833971,0.722222,0.000000,3.830701
1174.000000,0.028303,3.829602,0.722222,0.000000,3.830787
1175.000000,-0.002004,3.834446,0.722222,0.000000,3.830871
1176.000000,0.014761,3.826701,0.722222,0.000000,3.830952
1177.000000,0.032973,3.824500,0.722222,0.000000,3.831030
1178.000000,0.037324,3.830748,0.722222,0.000000,3.831105
1179.000000,0.038349,3.831336,0.722222,0.000000,3.831178
1180.000000,0.003590,3.829507,0.722222,0.000000,3.831249
1181.000000,0.047094,3.837454,0.722222,0.000000,3.831317
1182.000000,0.013996,3.827132,0.722222,0.000000,3.831383
1183.000000,0.042657,3.833013,0.722222,0.000000,3.831447
1184.000000,0.029787,3.831849,0.722222,0.000000,3.831509
1185.000000,0.002472,3.823785,0.722222,0.000000,3.831569
1186.000000,0.023676,3.825032,0.722222,0.000000,3.831627
1187.000000,0.037307,3.831742,0.722222,0.000000,3.831683
1188.000000,0.042259,3.841643,0.722222,0.000000,3.831737
1189.000000,0.027180,3.834685,0.722222,0.000000,3.831789
1190.000000,0.060636,3.823212,0.722222,0.000000,3.831840
1191.000000,0.050150,3.816336,0.722222,0.000000,3.831889
1192.000000,0.024867,3.835601,0.722222,0.000000,3.831936
1193.000000,0.045002,3.831501,0.722222,0.000000,3.831982
1194.000000,0.068676,3.837732,0.722222,0.000000,3.832026
1195.000000,0.069210,3.827665,0.722222,0.000000,3.832069
1196.000000,0.005440,3.833862,0.722222,0.000000,3.832110
1197.000000,0.011469,3.836381,0.722222,0.000000,3.832151
1198.000000,0.059698,3.829952,0.722222,0.000000,3.832189
1199.000000,0.008834,3.830096,0.722222,0.000000,3.832227
1200.000000,2.003549,3.812389,0.722222,2.000000,3.812263
1201.000000,2.020276,3.813861,0.721944,2.000000,3.811148
1202.000000,2.038405,3.809992,0.721667,2.000000,3.810064
1203.000000,2.027952,3.813880,0.721389,2.000000,3.809010
1204.000000,2.016989,3.805676,0.721111,2.000000,3.807985
1205.000000,2.016516,3.800347,0.720833,2.000000,3.806989
1206.000000,2.015753,3.815904,0.720556,2.000000,3.806019
1207.000000,2.012410,3.802053,0.720278,2.000000,3.805076
1208.000000,2.075633,3.801316,0.720000,2.000000,3.804158
1209.000000,2.035950,3.802936,0.719722,2.000000,3.803265
1210.000000,2.047735,3.802732,0.719444,2.000000,3.802396
1211.000000,2.020218,3.799616,0.719167,2.000000,3.801550
1212.000000,2.026281,3.800638,0.718889,2.000000,3.800726
1213.000000,2.015729,3.799724,0.718611,2.000000,3.799923
1214.000000,1.976966,3.800016,0.718333,2.000000,3.799142
1215.000000,2.002440,3.786593,0.718056,2.000000,3.798380
1216.000000,1.993788,3.807043,0.717778,2.000000,3.797638
1217.000000,1.985004,3.796179,0.717500,2.000000,3.796915
1218.000000,2.006093,3.799113,0.717222,2.000000,3.796210
1219.000000,2.056499,3.788633,0.716944,2.000000,3.795523
1220.000000,2.029111,3.792498,0.716667,2.000000,3.794853
1221.000000,2.055811,3.790838,0.716389,2.000000,3.794199
1222.000000,2.038220,3.800910,0.716111,2.000000,3.793562
1223.000000,2.045651,3.790011,0.715833,2.000000,3.792940
1224.000000,2.011982,3.796123,0.715556,2.000000,3.792332
1225.000000,2.040479,3.788487,0.715278,2.000000,3.791739
1226.000000,2.044574,3.788898,0.715000,2.000000,3.791161
1227.000000,2.018467,3.789368,0.714722,2.000000,3.790595
1228.000000,2.041191,3.796462,0.714444,2.000000,3.790043
1229.000000,2.041324,3.780054,0.714167,2.000000,3.789503
1230.000000,2.019009,3.782398,0.713889,2.000000,3.788976
1231.000000,2.007545,3.778724,0.713611,2.000000,3.788460
1232.000000,2.006317,3.782519,0.713333,2.000000,3.787956
1233.000000,2.031730,3.783405,0.713056,2.000000,3.787463
1234.000000,2.036540,3.778908,0.712778,2.000000,3.786981
1235.000000,2.014149,3.782838,0.712500,2.000000,3.786509
1236.000000,2.030532,3.775973,0.712222,2.000000,3.786047
1237.000000,2.041411,3.780505,0.711944,2.000000,3.785594
1238.000000,2.042364,3.791154,0.711667,2.000000,3.785152
1239.000000,2.061038,3.786736,0.711389,2.000000,3.784718
1240.000000,2.055540,3.785230,0.711111,2.000000,3.784292
1241.000000,2.009974,3.778862,0.710833,2.000000,3.783876
1242.000000,2.063672,3.775787,0.710556,2.000000,3.783467
1243.000000,2.019380,3.777371,0.710278,2.000000,3.783067
1244.000000,2.050897,3.782458,0.710000,2.000000,3.782674
1245.000000,2.031360,3.786629,0.709722,2.000000,3.782288
1246.000000,2.021757,3.786422,0.709444,2.000000,3.781910
1247.000000,1.993846,3.784692,0.709167,2.000000,3.781539
1248.000000,2.026569,3.777486,0.708889,2.000000,3.781174
1249.000000,1.998812,3.780939,0.708611,2.000000,3.780816
1250.000000,2.049346,3.778857,0.708333,2.000000,3.780464
1251.000000,2.060336,3.779112,0.708056,2.000000,3.780118
1252.000000,2.014062,3.789964,0.707778,2.000000,3.779778
1253.000000,2.036039,3.770634,0.707500,2.000000,3.779444
1254.000000,2.015492,3.777942,0.707222,2.000000,3.779115
1255.000000,2.017430,3.784851,0.706944,2.000000,3.778792
1256.000000,2.045490,3.771144,0.706667,2.000000,3.778474
1257.000000,2.029229,3.774942,0.706389,2.000000,3.778160
1258.000000,2.064793,3.775207,0.706111,2.000000,3.777852
1259.000000,2.020355,3.776431,0.705833,2.000000,3.777548
1260.000000,2.049987,3.769269,0.705556,2.000000,3.777249
1261.000000,2.031948,3.779930,0.705278,2.000000,3.776954
1262.000000,2.045916,3.779994,0.705000,2.000000,3.776663
1263.000000,2.021057,3.778918,0.704722,2.000000,3.776376
1264.000000,2.029009,3.771741,0.704444,2.000000,3.776093
1265.000000,2.027690,3.776247,0.704167,2.000000,3.775814
1266.000000,2.013279,3.771042,0.703889,2.000000,3.775539
1267.000000,2.043242,3.773604,0.703611,2.000000,3.775267
1268.000000,2.043005,3.785766,0.703333,2.000000,3.774999
1269.000000,2.041871,3.775212,0.703056,2.000000,3.774734
1270.000000,2.060739,3.768534,0.702778,2.000000,3.774472
1271.000000,2.058987,3.775115,0.702500,2.000000,3.774213
1272.000000,2.022501,3.767199,0.702222,2.000000,3.773958
1273.000000,2.037461,3.767710,0.701944,2.000000,3.773705
1274.000000,2.017528,3.768250,0.701667,2.000000,3.773455
1275.000000,2.030467,3.770986,0.701389,2.000000,3.773208
1276.000000,2.018005,3.777648,0.701111,2.000000,3.772964
1277.000000,2.062401,3.775614,0.700833,2.000000,3.772722
1278.000000,2.037274,3.775097,0.700556,2.000000,3.772482
1279.000000,2.025639,3.766750,0.700278,2.000000,3.772245
1280.000000,2.053872,3.769304,0.700000,2.000000,3.772010
1281.000000,1.986588,3.773165,0.699722,2.000000,3.771805
1282.000000,1.989718,3.768461,0.699444,2.000000,3.771603
1283.000000,2.045917,3.770010,0.699167,2.000000,3.771402
1284.000000,2.031209,3.773410,0.698889,2.000000,3.771204
1285.000000,2.035009,3.769263,0.698611,2.000000,3.771007
1286.000000,2.003472,3.771943,0.698333,2.000000,3.770812
1287.000000,2.029535,3.778583,0.698056,2.000000,3.770620
1288.000000,2.070070,3.769569,0.697778,2.000000,3.770429
1289.000000,2.046484,3.776136,0.697500,2.000000,3.770239
1290.000000,2.033394,3.772848,0.697222,2.000000,3.770051
1291.000000,2.021219,3.762529,0.696944,2.000000,3.769865
1292.000000,2.022109,3.764170,0.696667,2.000000,3.769681
1293.000000,1.987416,3.765330,0.696389,2.000000,3.769498
1294.000000,2.035153,3.765042,0.696111,2.000000,3.769316
1295.000000,2.046910,3.768684,0.695833,2.000000,3.769136
1296.000000,1.998488,3.772030,0.695556,2.000000,3.768957
1297.000000,2.016772,3.775055,0.695278,2.000000,3.768779
1298.000000,2.006851,3.770144,0.695000,2.000000,3.768603
1299.000000,2.010693,3.766200,0.694722,2.000000,3.768428
1300.000000,2.031070,3.757843,0.694444,2.000000,3.768254
1301.000000,1.988312,3.768434,0.694167,2.000000,3.768082
1302.000000,2.042285,3.768039,0.693889,2.000000,3.767910
1303.000000,2.045077,3.768654,0.693611,2.000000,3.767739
1304.000000,2.024978,3.778101,0.693333,2.000000,3.767570
1305.000000,1.980386,3.773604,0.693056,2.000000,3.767401
1306.000000,2.010072,3.771159,0.692778,2.000000,3.767234
1307.000000,2.054658,3.762257,0.692500,2.000000,3.767067
1308.000000,1.974440,3.764337,0.692222,2.000000,3.766902
1309.000000,2.023050,3.766263,0.691944,2.000000,3.766737
1310.000000,2.006400,3.762696,0.691667,2.000000,3.766573
1311.000000,2.046091,3.768912,0.691389,2.000000,3.766410
1312.000000,2.016498,3.768032,0.691111,2.000000,3.766247
1313.000000,2.038079,3.760644,0.690833,2.000000,3.766086
1314.000000,2.041309,3.771909,0.690556,2.000000,3.765925
1315.000000,2.066725,3.766276,0.690278,2.000000,3.765765
1316.000000,2.025941,3.756960,0.690000,2.000000,3.765605
1317.000000,2.037521,3.765190,0.689722,2.000000,3.765447
1318.000000,2.000299,3.766695,0.689444,2.000000,3.765289
1319.000000,2.053808,3.769995,0.689167,2.000000,3.765131
1320.000000,2.014790,3.763287,0.688889,2.000000,3.764974
1321.000000,2.018785,3.768958,0.688611,2.000000,3.764818
1322.000000,2.029555,3.765598,0.688333,2.000000,3.764662
1323.000000,1.998742,3.757932,0.688056,2.000000,3.764507
1324.000000,2.034575,3.757277,0.687778,2.000000,3.764353
1325.000000,2.049349,3.769811,0.687500,2.000000,3.764199
1326.000000,2.035859,3.770025,0.687222,2.000000,3.764045
1327.000000,1.998222,3.765506,0.686944,2.000000,3.763892
1328.000000,2.027524,3.771218,0.686667,2.000000,3.763739
1329.000000,2.044841,3.768870,0.686389,2.000000,3.763587
1330.000000,1.992440,3.766853,0.686111,2.000000,3.763435
1331.000000,2.008505,3.758727,0.685833,2.000000,3.763284
1332.000000,2.047531,3.771790,0.685556,2.000000,3.763133
1333.000000,2.035402,3.765664,0.685278,2.000000,3.762982
1334.000000,2.038239,3.760903,0.685000,2.000000,3.762832
1335.000000,2.067190,3.759341,0.684722,2.000000,3.762682
1336.000000,2.039371,3.763817,0.684444,2.000000,3.762533
1337.000000,2.043158,3.754029,0.684167,2.000000,3.762384
1338.000000,2.084215,3.765734,0.683889,2.000000,3.762235
1339.000000,2.025724,3.757319,0.683611,2.000000,3.762087
1340.000000,2.014042,3.763792,0.683333,2.000000,3.761939
1341.000000,2.038556,3.759183,0.683056,2.000000,3.761791
1342.000000,2.038780,3.760321,0.682778,2.000000,3.761643
1343.000000,2.019466,3.757712,0.682500,2.000000,3.761496
1344.000000,2.009352,3.760543,0.682222,2.000000,3.761349
1345.000000,2.076197,3.770649,0.681944,2.000000,3.761203
1346.000000,2.036537,3.767981,0.681667,2.000000,3.761056
1347.000000,2.015354,3.762682,0.681389,2.000000,3.760910
1348.000000,2.048319,3.760637,0.681111,2.000000,3.760764
1349.000000,2.027817,3.764839,0.680833,2.000000,3.760618
1350.000000,2.024942,3.766123,0.680556,2.000000,3.760473
1351.000000,2.041245,3.756178,0.680278,2.000000,3.760327
1352.000000,2.004162,3.759795,0.680000,2.000000,3.760182
1353.000000,2.037053,3.750928,0.679722,2.000000,3.760037
1354.000000,2.068259,3.765508,0.679444,2.000000,3.759893
1355.000000,2.039324,3.770073,0.679167,2.000000,3.759748
1356.000000,2.022476,3.760004,0.678889,2.000000,3.759604
1357.000000,2.019858,3.748835,0.678611,2.000000,3.759460
1358.000000,2.021793,3.762360,0.678333,2.000000,3.759316
1359.000000,2.024921,3.754652,0.678056,2.000000,3.759172
1360.000000,2.022444,3.755712,0.677778,2.000000,3.759029
1361.000000,2.048326,3.762018,0.677500,2.000000,3.758885
1362.000000,1.995336,3.760015,0.677222,2.000000,3.758742
1363.000000,2.047240,3.756158,0.676944,2.000000,3.758599
1364.000000,2.022406,3.755208,0.676667,2.000000,3.758456
1365.000000,2.037539,3.758942,0.676389,2.000000,3.758313
1366.000000,2.007460,3.756123,0.676111,2.000000,3.758170
1367.000000,2.056573,3.752481,0.675833,2.000000,3.758027
1368.000000,2.054913,3.756222,0.675556,2.000000,3.757885
1369.000000,2.049192,3.759440,0.675278,2.000000,3.757742
1370.000000,1.999705,3.756710,0.675000,2.000000,3.757600
1371.000000,2.046582,3.750390,0.674722,2.000000,3.757458
1372.000000,2.038097,3.762261,0.674444,2.000000,3.757316
1373.000000,1.997895,3.743480,0.674167,2.000000,3.757174
1374.000000,2.029514,3.754800,0.673889,2.000000,3.757032
1375.000000,2.037291,3.753789,0.673611,2.000000,3.756890
1376.000000,2.041122,3.757489,0.673333,2.000000,3.756749
1377.000000,2.033545,3.759415,0.673056,2.000000,3.756607
1378.000000,2.035825,3.762099,0.672778,2.000000,3.756466
1379.000000,2.059472,3.752762,0.672500,2.000000,3.756324
1380.000000,2.054521,3.759116,0.672222,2.000000,3.756183
1381.000000,1.972659,3.757021,0.671944,2.000000,3.756042
1382.000000,2.023651,3.747343,0.671667,2.000000,3.755900
1383.000000,2.026707,3.765262,0.671389,2.000000,3.755759
1384.000000,1.994958,3.748424,0.671111,2.000000,3.755618
1385.000000,2.031884,3.757575,0.670833,2.000000,3.755477
1386.000000,2.054975,3.757286,0.670556,2.000000,3.755336
1387.000000,2.008269,3.756574,0.670278,2.000000,3.755196
1388.000000,2.036728,3.752582,0.670000,2.000000,3.755055
1389.000000,2.011684,3.759050,0.669722,2.000000,3.754914
1390.000000,2.016562,3.746972,0.669444,2.000000,3.754774
1391.000000,2.059548,3.754304,0.669167,2.000000,3.754633
1392.000000,2.019149,3.751673,0.668889,2.000000,3.754493
1393.000000,2.039244,3.750966,0.668611,2.000000,3.754352
1394.000000,1.992576,3.756355,0.668333,2.000000,3.754212
1395.000000,2.067246,3.759459,0.668056,2.000000,3.754071
1396.000000,2.042053,3.752215,0.667778,2.000000,3.753931
1397.000000,2.026350,3.757694,0.667500,2.000000,3.753791
1398.000000,2.041511,3.753899,0.667222,2.000000,3.753650
1399.000000,2.001804,3.749047,0.666944,2.000000,3.753510
1400.000000,2.053651,3.752080,0.666667,2.000000,3.753370
1401.000000,2.023520,3.751733,0.666389,2.000000,3.753230
1402.000000,2.025919,3.749607,0.666111,2.000000,3.753090
1403.000000,2.020167,3.755092,0.665833,2.000000,3.752950
1404.000000,2.018387,3.753983,0.665556,2.000000,3.752810
1405.000000,2.043893,3.744717,0.665278,2.000000,3.752670
1406.000000,2.035118,3.744273,0.665000,2.000000,3.752530
1407.000000,2.043035,3.754514,0.664722,2.000000,3.752390
1408.000000,2.029824,3.748174,0.664444,2.000000,3.752250
1409.000000,2.040264,3.753621,0.664167,2.000000,3.752111
1410.000000,2.021623,3.755875,0.663889,2.000000,3.751971
1411.000000,2.074595,3.745476,0.663611,2.000000,3.751831
1412.000000,1.998641,3.744634,0.663333,2.000000,3.751691
1413.000000,2.055219,3.759924,0.663056,2.000000,3.751552
1414.000000,2.057358,3.753170,0.662778,2.000000,3.751412
1415.000000,2.012957,3.749176,0.662500,2.000000,3.751272
1416.000000,2.074585,3.746463,0.662222,2.000000,3.751133
1417.000000,2.049910,3.748441,0.661944,2.000000,3.750993
1418.000000,2.049423,3.744901,0.661667,2.000000,3.750854
1419.000000,2.030560,3.755131,0.661389,2.000000,3.750714
1420.000000,2.025655,3.746691,0.661111,2.000000,3.750574
1421.000000,2.025812,3.755903,0.660833,2.000000,3.750435
1422.000000,2.037811,3.748292,0.660556,2.000000,3.750295
1423.000000,2.058024,3.744939,0.660278,2.000000,3.750156
1424.000000,2.033626,3.747885,0.660000,2.000000,3.750017
1425.000000,2.011771,3.736756,0.659722,2.000000,3.749877
1426.000000,2.046489,3.749134,0.659444,2.000000,3.749738
1427.000000,2.048423,3.748748,0.659167,2.000000,3.749598
1428.000000,2.043093,3.753583,0.658889,2.000000,3.749459
1429.000000,2.044910,3.739888,0.658611,2.000000,3.749320
1430.000000,2.024581,3.754990,0.658333,2.000000,3.749180
1431.000000,2.011420,3.753144,0.658056,2.000000,3.749041
1432.000000,2.012636,3.755162,0.657778,2.000000,3.748902
1433.000000,1.997291,3.748499,0.657500,2.000000,3.748762
1434.000000,2.034739,3.753692,0.657222,2.000000,3.748623
1435.000000,2.028331,3.741127,0.656944,2.000000,3.748484
1436.000000,2.021200,3.751910,0.656667,2.000000,3.748344
1437.000000,1.970888,3.744349,0.656389,2.000000,3.748205
1438.000000,2.005054,3.739809,0.656111,2.000000,3.748066
1439.000000,2.052417,3.742306,0.655833,2.000000,3.747927
1440.000000,2.016707,3.747815,0.655556,2.000000,3.747787
1441.000000,2.037212,3.743527,0.655278,2.000000,3.747648
1442.000000,2.002186,3.749389,0.655000,2.000000,3.747509
1443.000000,2.058774,3.738329,0.654722,2.000000,3.747370
1444.000000,2.027119,3.736595,0.654444,2.000000,3.747231
1445.000000,2.035801,3.753953,0.654167,2.000000,3.747092
1446.000000,2.076516,3.751471,0.653889,2.000000,3.746952
1447.000000,2.060329,3.741567,0.653611,2.000000,3.746813
1448.000000,2.023869,3.746659,0.653333,2.000000,3.746674
1449.000000,2.018136,3.751633,0.653056,2.000000,3.746535
1450.000000,2.023489,3.748492,0.652778,2.000000,3.746396
1451.000000,2.040198,3.746998,0.652500,2.000000,3.746257
1452.000000,2.027896,3.751593,0.652222,2.000000,3.746118
1453.000000,2.022095,3.742325,0.651944,2.000000,3.745979
1454.000000,2.059344,3.745995,0.651667,2.000000,3.745839
1455.000000,2.027716,3.745611,0.651389,2.000000,3.745700
1456.000000,2.075992,3.744197,0.651111,2.000000,3.745561
1457.000000,2.031815,3.743473,0.650833,2.000000,3.745422
1458.000000,2.065706,3.745647,0.650556,2.000000,3.745283
1459.000000,2.037146,3.745316,0.650278,2.000000,3.745144
1460.000000,2.049259,3.739763,0.650000,2.000000,3.745005
1461.000000,2.015508,3.748875,0.649722,2.000000,3.744866
1462.000000,2.012925,3.739845,0.649444,2.000000,3.744727
1463.000000,2.039194,3.743497,0.649167,2.000000,3.744588
1464.000000,2.049771,3.742972,0.648889,2.000000,3.744449
1465.000000,2.030805,3.746100,0.648611,2.000000,3.744310
1466.000000,2.004272,3.733575,0.648333,2.000000,3.744171
1467.000000,2.002795,3.748486,0.648056,2.000000,3.744032
1468.000000,2.001457,3.740508,0.647778,2.000000,3.743893
1469.000000,1.994648,3.749854,0.647500,2.000000,3.743754
1470.000000,2.032190,3.741224,0.647222,2.000000,3.743615
1471.000000,2.052501,3.743231,0.646944,2.000000,3.743476
1472.000000,2.029732,3.752906,0.646667,2.000000,3.743337
1473.000000,1.984792,3.741811,0.646389,2.000000,3.743198
1474.000000,2.026185,3.749253,0.646111,2.000000,3.743059
1475.000000,2.026744,3.743115,0.645833,2.000000,3.742920
1476.000000,2.071920,3.744858,0.645556,2.000000,3.742781
1477.000000,2.000857,3.742992,0.645278,2.000000,3.742642
1478.000000,2.022186,3.746742,0.645000,2.000000,3.742503
1479.000000,2.064117,3.738936,0.644722,2.000000,3.742364
1480.000000,2.039000,3.737305,0.644444,2.000000,3.742225
1481.000000,2.041266,3.738893,0.644167,2.000000,3.742086
1482.000000,2.032292,3.742445,0.643889,2.000000,3.741947
1483.000000,2.036599,3.740704,0.643611,2.000000,3.741808
1484.000000,2.045552,3.745220,0.643333,2.000000,3.741669
1485.000000,2.013810,3.748054,0.643056,2.000000,3.741530
1486.000000,2.047561,3.736512,0.642778,2.000000,3.741391
1487.000000,2.002540,3.737582,0.642500,2.000000,3.741252
1488.000000,2.036567,3.733932,0.642222,2.000000,3.741113
1489.000000,2.033575,3.751126,0.641944,2.000000,3.740974
1490.000000,2.017674,3.742359,0.641667,2.000000,3.740835
1491.000000,2.029546,3.743095,0.641389,2.000000,3.740696
1492.000000,2.017549,3.733856,0.641111,2.000000,3.740557
1493.000000,2.008566,3.740412,0.640833,2.000000,3.740418
1494.000000,2.022928,3.742826,0.640556,2.000000,3.740279
1495.000000,2.007920,3.738877,0.640278,2.000000,3.740140
1496.000000,2.036456,3.745380,0.640000,2.000000,3.740002
1497.000000,2.006998,3.751422,0.639722,2.000000,3.739863
1498.000000,2.044240,3.734988,0.639444,2.000000,3.739724
1499.000000,2.006370,3.734474,0.639167,2.000000,3.739585
1500.000000,2.018674,3.735057,0.638889,2.000000,3.739446
1501.000000,2.017508,3.747338,0.638611,2.000000,3.739307
1502.000000,2.056503,3.744380,0.638333,2.000000,3.739168
1503.000000,2.036606,3.738351,0.638056,2.000000,3.739029
1504.000000,2.025765,3.739073,0.637778,2.000000,3.738890
1505.000000,2.039974,3.734668,0.637500,2.000000,3.738751
1506.000000,1.987856,3.743062,0.637222,2.000000,3.738612
1507.000000,2.029137,3.736574,0.636944,2.000000,3.738473
1508.000000,2.069950,3.737034,0.636667,2.000000,3.738334
1509.000000,2.032647,3.741239,0.636389,2.000000,3.738195
1510.000000,2.031358,3.737117,0.636111,2.000000,3.738056
1511.000000,2.040963,3.736743,0.635833,2.000000,3.737918
1512.000000,2.047912,3.737832,0.635556,2.000000,3.737779
1513.000000,1.990051,3.741617,0.635278,2.000000,3.737640
1514.000000,1.996353,3.745733,0.635000,2.000000,3.737501
1515.000000,2.034206,3.740289,0.634722,2.000000,3.737362
1516.000000,2.015702,3.741240,0.634444,2.000000,3.737223
1517.000000,2.056241,3.736085,0.634167,2.000000,3.737084
1518.000000,2.023697,3.733406,0.633889,2.000000,3.736945
1519.000000,1.991309,3.740076,0.633611,2.000000,3.736806
1520.000000,2.004640,3.737524,0.633333,2.000000,3.736667
1521.000000,1.975006,3.729415,0.633056,2.000000,3.736528
1522.000000,2.025317,3.734749,0.632778,2.000000,3.736390
1523.000000,2.026232,3.735836,0.632500,2.000000,3.736251
1524.000000,2.021511,3.733559,0.632222,2.000000,3.736112
1525.000000,2.051578,3.743381,0.631944,2.000000,3.735973
1526.000000,2.053970,3.738233,0.631667,2.000000,3.735834
1527.000000,2.026592,3.742561,0.631389,2.000000,3.735695
1528.000000,1.987306,3.736873,0.631111,2.000000,3.735556
1529.000000,2.042346,3.735824,0.630833,2.000000,3.735417
1530.000000,2.041107,3.730595,0.630556,2.000000,3.735278
1531.000000,2.036188,3.735199,0.630278,2.000000,3.735139
1532.000000,2.049630,3.735066,0.630000,2.000000,3.735000
1533.000000,2.006703,3.728026,0.629722,2.000000,3.734862
1534.000000,2.070175,3.732025,0.629444,2.000000,3.734723
1535.000000,2.010811,3.732967,0.629167,2.000000,3.734584
1536.000000,2.044984,3.736512,0.628889,2.000000,3.734445
1537.000000,1.996253,3.736613,0.628611,2.000000,3.734306
1538.000000,2.011395,3.731260,0.628333,2.000000,3.734167
1539.000000,2.060327,3.736372,0.628056,2.000000,3.734028
1540.000000,2.024782,3.732979,0.627778,2.000000,3.733889
1541.000000,2.046798,3.719402,0.627500,2.000000,3.733750
1542.000000,2.034739,3.731188,0.627222,2.000000,3.733611
1543.000000,2.027901,3.738867,0.626944,2.000000,3.733473
1544.000000,2.057277,3.724925,0.626667,2.000000,3.733334
1545.000000,2.025267,3.733758,0.626389,2.000000,3.733195
1546.000000,1.994385,3.740982,0.626111,2.000000,3.733056
1547.000000,2.013935,3.729114,0.625833,2.000000,3.732917
1548.000000,2.041024,3.732789,0.625556,2.000000,3.732778
1549.000000,2.037910,3.726119,0.625278,2.000000,3.732639
1550.000000,1.998659,3.740636,0.625000,2.000000,3.732500
1551.000000,2.015513,3.731945,0.624722,2.000000,3.732361
1552.000000,2.018366,3.732456,0.624444,2.000000,3.732222
1553.000000,2.022691,3.738855,0.624167,2.000000,3.732084
1554.000000,2.002482,3.735252,0.623889,2.000000,3.731945
1555.000000,2.017433,3.727428,0.623611,2.000000,3.731806
1556.000000,2.015428,3.728430,0.623333,2.000000,3.731667
1557.000000,2.045431,3.734003,0.623056,2.000000,3.731528
1558.000000,2.046182,3.728268,0.622778,2.000000,3.731389
1559.000000,2.027084,3.720664,0.622500,2.000000,3.731250
1560.000000,2.022159,3.730845,0.622222,2.000000,3.731111
1561.000000,2.032798,3.723571,0.621944,2.000000,3.730972
1562.000000,2.013668,3.738915,0.621667,2.000000,3.730833
1563.000000,2.007063,3.731579,0.621389,2.000000,3.730695
1564.000000,2.011196,3.726030,0.621111,2.000000,3.730556
1565.000000,2.017304,3.726924,0.620833,2.000000,3.730417
1566.000000,2.006731,3.720831,0.620556,2.000000,3.730278
1567.000000,2.033241,3.724642,0.620278,2.000000,3.730139
1568.000000,2.044594,3.735082,0.620000,2.000000,3.730000
1569.000000,1.998258,3.741020,0.619722,2.000000,3.729861
1570.000000,2.030503,3.733354,0.619444,2.000000,3.729722
1571.000000,2.025601,3.729123,0.619167,2.000000,3.729583
1572.000000,2.036830,3.727285,0.618889,2.000000,3.729445
1573.000000,2.029741,3.724523,0.618611,2.000000,3.729306
1574.000000,2.000928,3.739466,0.618333,2.000000,3.729167
1575.000000,2.004752,3.728084,0.618056,2.000000,3.729028
1576.000000,2.030588,3.739467,0.617778,2.000000,3.728889
1577.000000,2.050576,3.735718,0.617500,2.000000,3.728750
1578.000000,1.985716,3.719907,0.617222,2.000000,3.728611
1579.000000,2.036915,3.725143,0.616944,2.000000,3.728472
1580.000000,2.053792,3.724988,0.616667,2.000000,3.728333
1581.000000,2.026939,3.727795,0.616389,2.000000,3.728195
1582.000000,2.041004,3.727754,0.616111,2.000000,3.728056
1583.000000,2.015939,3.742898,0.615833,2.000000,3.727917
1584.000000,2.027613,3.722392,0.615556,2.000000,3.727778
1585.000000,1.997582,3.728784,0.615278,2.000000,3.727639
1586.000000,1.983113,3.730583,0.615000,2.000000,3.727500
1587.000000,2.048855,3.727353,0.614722,2.000000,3.727361
1588.000000,2.010300,3.727773,0.614444,2.000000,3.727222
1589.000000,2.020889,3.721859,0.614167,2.000000,3.727083
1590.000000,2.002271,3.727477,0.613889,2.000000,3.726945
1591.000000,2.001801,3.729363,0.613611,2.000000,3.726806
1592.000000,2.026523,3.728305,0.613333,2.000000,3.726667
1593.000000,2.015408,3.729379,0.613056,2.000000,3.726528
1594.000000,2.037559,3.733452,0.612778,2.000000,3.726389
1595.000000,2.039051,3.730935,0.612500,2.000000,3.726250
1596.000000,2.036417,3.726468,0.612222,2.000000,3.726111
1597.000000,2.034772,3.720113,0.611944,2.000000,3.725972
1598.000000,2.061555,3.722833,0.611667,2.000000,3.725833
1599.000000,2.008648,3.724596,0.611389,2.000000,3.725694
1600.000000,2.028901,3.726817,0.611111,2.000000,3.725556
1601.000000,2.052654,3.723025,0.610833,2.000000,3.725417
1602.000000,2.055291,3.720599,0.610556,2.000000,3.725278
1603.000000,2.001565,3.719198,0.610278,2.000000,3.725139
1604.000000,2.023753,3.716744,0.610000,2.000000,3.725000
1605.000000,2.057162,3.723686,0.609722,2.000000,3.724861
1606.000000,2.040162,3.717374,0.609444,2.000000,3.724722
1607.000000,2.033905,3.719581,0.609167,2.000000,3.724583
1608.000000,2.025646,3.722475,0.608889,2.000000,3.724444
1609.000000,2.022324,3.717626,0.608611,2.000000,3.724306
1610.000000,2.035764,3.726065,0.608333,2.000000,3.724167
1611.000000,2.024953,3.727729,0.608056,2.000000,3.724028
1612.000000,2.029148,3.721142,0.607778,2.000000,3.723889
1613.000000,2.031572,3.721565,0.607500,2.000000,3.723750
1614.000000,2.016439,3.726298,0.607222,2.000000,3.723611
1615.000000,2.040643,3.719902,0.606944,2.000000,3.723472
1616.000000,2.088285,3.719420,0.606667,2.000000,3.723333
1617.000000,1.994460,3.729177,0.606389,2.000000,3.723194
1618.000000,2.036480,3.727477,0.606111,2.000000,3.723056
1619.000000,2.014796,3.725924,0.605833,2.000000,3.722917
1620.000000,2.041548,3.727406,0.605556,2.000000,3.722778
1621.000000,2.030931,3.712753,0.605278,2.000000,3.722639
1622.000000,2.045237,3.729269,0.605000,2.000000,3.722500
1623.000000,2.053510,3.724321,0.604722,2.000000,3.722361
1624.000000,2.033848,3.727276,0.604444,2.000000,3.722222
1625.000000,2.052641,3.724019,0.604167,2.000000,3.722083
1626.000000,1.983114,3.722189,0.603889,2.000000,3.721944
1627.000000,2.061809,3.720429,0.603611,2.000000,3.721806
1628.000000,2.037501,3.723502,0.603333,2.000000,3.721667
1629.000000,2.051557,3.719969,0.603056,2.000000,3.721528
1630.000000,2.005602,3.725728,0.602778,2.000000,3.721389
1631.000000,2.013385,3.713318,0.602500,2.000000,3.721250
1632.000000,2.032919,3.718403,0.602222,2.000000,3.721111
1633.000000,2.029659,3.731196,0.601944,2.000000,3.720972
1634.000000,2.035661,3.717703,0.601667,2.000000,3.720833
1635.000000,2.051690,3.719501,0.601389,2.000000,3.720694
1636.000000,1.994696,3.716143,0.601111,2.000000,3.720556
1637.000000,2.049476,3.722096,0.600833,2.000000,3.720417
1638.000000,2.030166,3.716596,0.600556,2.000000,3.720278
1639.000000,2.025924,3.719211,0.600278,2.000000,3.720139
1640.000000,2.000578,3.724244,0.600000,2.000000,3.720000
1641.000000,2.040061,3.716367,0.599722,2.000000,3.719861
1642.000000,1.981718,3.723665,0.599444,2.000000,3.719722
1643.000000,2.042968,3.723694,0.599167,2.000000,3.719583
1644.000000,2.000158,3.724719,0.598889,2.000000,3.719444
1645.000000,2.031069,3.720008,0.598611,2.000000,3.719306
1646.000000,2.027617,3.735373,0.598333,2.000000,3.719167
1647.000000,2.053391,3.724300,0.598056,2.000000,3.719028
1648.000000,2.026427,3.720513,0.597778,2.000000,3.718889
1649.000000,2.016117,3.714370,0.597500,2.000000,3.718750
1650.000000,2.019868,3.718126,0.597222,2.000000,3.718611
1651.000000,2.055458,3.725604,0.596944,2.000000,3.718472
1652.000000,2.040726,3.726881,0.596667,2.000000,3.718333
1653.000000,2.022287,3.725586,0.596389,2.000000,3.718194
1654.000000,2.025271,3.721982,0.596111,2.000000,3.718056
1655.000000,1.998656,3.711638,0.595833,2.000000,3.717917
1656.000000,2.037769,3.720214,0.595556,2.000000,3.717778
1657.000000,1.994804,3.711432,0.595278,2.000000,3.717639
1658.000000,2.045036,3.710063,0.595000,2.000000,3.717500
1659.000000,2.032572,3.718557,0.594722,2.000000,3.717361
1660.000000,2.077739,3.719838,0.594444,2.000000,3.717222
1661.000000,2.007997,3.721600,0.594167,2.000000,3.717083
1662.000000,2.027947,3.719430,0.593889,2.000000,3.716944
1663.000000,2.065966,3.719463,0.593611,2.000000,3.716806
1664.000000,2.053828,3.711743,0.593333,2.000000,3.716667
1665.000000,2.016076,3.716003,0.593056,2.000000,3.716528
1666.000000,2.034479,3.708853,0.592778,2.000000,3.716389
1667.000000,2.030040,3.706233,0.592500,2.000000,3.716250
1668.000000,2.035639,3.719814,0.592222,2.000000,3.716111
1669.000000,2.016026,3.712207,0.591944,2.000000,3.715972
1670.000000,2.028214,3.720196,0.591667,2.000000,3.715833
1671.000000,1.998039,3.721236,0.591389,2.000000,3.715694
1672.000000,2.032702,3.712459,0.591111,2.000000,3.715556
1673.000000,2.039000,3.718368,0.590833,2.000000,3.715417
1674.000000,2.025452,3.711972,0.590556,2.000000,3.715278
1675.000000,1.997699,3.705909,0.590278,2.000000,3.715139
1676.000000,2.049771,3.715617,0.590000,2.000000,3.715000
1677.000000,2.037291,3.712507,0.589722,2.000000,3.714861
1678.000000,2.015480,3.712522,0.589444,2.000000,3.714722
1679.000000,2.024388,3.724460,0.589167,2.000000,3.714583
1680.000000,1.999987,3.706815,0.588889,2.000000,3.714444
1681.000000,2.009492,3.716220,0.588611,2.000000,3.714306
1682.000000,2.019244,3.709193,0.588333,2.000000,3.714167
1683.000000,2.054568,3.718569,0.588056,2.000000,3.714028
1684.000000,2.017210,3.715381,0.587778,2.000000,3.713889
1685.000000,2.042804,3.715647,0.587500,2.000000,3.713750
1686.000000,2.019234,3.708887,0.587222,2.000000,3.713611
1687.000000,2.034959,3.709644,0.586944,2.000000,3.713472
1688.000000,2.027172,3.717970,0.586667,2.000000,3.713333
1689.000000,2.047461,3.722048,0.586389,2.000000,3.713194
1690.000000,2.019304,3.715457,0.586111,2.000000,3.713056
1691.000000,1.998549,3.708430,0.585833,2.000000,3.712917
1692.000000,2.002361,3.714472,0.585556,2.000000,3.712778
1693.000000,2.019362,3.724776,0.585278,2.000000,3.712639
1694.000000,2.005019,3.713012,0.585000,2.000000,3.712500
1695.000000,2.038204,3.719670,0.584722,2.000000,3.712361
1696.000000,2.020685,3.708521,0.584444,2.000000,3.712222
1697.000000,2.077492,3.711873,0.584167,2.000000,3.712083
1698.000000,1.995246,3.715042,0.583889,2.000000,3.711944
1699.000000,2.034073,3.713792,0.583611,2.000000,3.711806
1700.000000,0.007441,3.727835,0.583333,0.000000,3.731667
1701.000000,0.020132,3.728603,0.583333,0.000000,3.732650
1702.000000,0.032828,3.738543,0.583333,0.000000,3.733601
1703.000000,-0.016507,3.740479,0.583333,0.000000,3.734522
1704.000000,0.034737,3.742972,0.583333,0.000000,3.735411
1705.000000,0.068058,3.745292,0.583333,0.000000,3.736272
1706.000000,0.020931,3.737778,0.583333,0.000000,3.737105
1707.000000,0.035196,3.736354,0.583333,0.000000,3.737910
1708.000000,0.050498,3.745444,0.583333,0.000000,3.738689
1709.000000,0.026721,3.743007,0.583333,0.000000,3.739442
1710.000000,0.018381,3.735258,0.583333,0.000000,3.740171
1711.000000,-0.015515,3.735707,0.583333,0.000000,3.740875
1712.000000,0.042820,3.744017,0.583333,0.000000,3.741557
1713.000000,0.027737,3.741330,0.583333,0.000000,3.742216
1714.000000,0.009746,3.742722,0.583333,0.000000,3.742854
1715.000000,0.032532,3.748833,0.583333,0.000000,3.743471
1716.000000,0.018326,3.747862,0.583333,0.000000,3.744067
1717.000000,0.019431,3.751294,0.583333,0.000000,3.744644
1718.000000,0.042126,3.735545,0.583333,0.000000,3.745202
1719.000000,0.003232,3.747009,0.583333,0.000000,3.745742
1720.000000,0.050946,3.749738,0.583333,0.000000,3.746264
1721.000000,0.002046,3.739136,0.583333,0.000000,3.746769
1722.000000,0.016746,3.743983,0.583333,0.000000,3.747258
1723.000000,0.068459,3.743527,0.583333,0.000000,3.747730
1724.000000,0.052547,3.748295,0.583333,0.000000,3.748187
1725.000000,0.031952,3.756768,0.583333,0.000000,3.748629
1726.000000,0.011189,3.759169,0.583333,0.000000,3.749056
1727.000000,0.019415,3.745398,0.583333,0.000000,3.749470
1728.000000,0.031466,3.752502,0.583333,0.000000,3.749869
1729.000000,0.030750,3.753050,0.583333,0.000000,3.750256
1730.000000,0.028183,3.752568,0.583333,0.000000,3.750630
1731.000000,0.029383,3.752987,0.583333,0.000000,3.750992
1732.000000,0.025712,3.752861,0.583333,0.000000,3.751342
1733.000000,0.001160,3.760118,0.583333,0.000000,3.751681
1734.000000,0.019670,3.757520,0.583333,0.000000,3.752008
1735.000000,0.048292,3.747024,0.583333,0.000000,3.752325
1736.000000,0.002633,3.756609,0.583333,0.000000,3.752631
1737.000000,0.026209,3.757389,0.583333,0.000000,3.752927
1738.000000,0.013605,3.754788,0.583333,0.000000,3.753214
1739.000000,0.032227,3.759148,0.583333,0.000000,3.753491
1740.000000,0.022227,3.754699,0.583333,0.000000,3.753759
1741.000000,0.059548,3.755020,0.583333,0.000000,3.754018
1742.000000,0.040132,3.754875,0.583333,0.000000,3.754269
1743.000000,0.003764,3.744420,0.583333,0.000000,3.754511
1744.000000,0.043425,3.754344,0.583333,0.000000,3.754746
1745.000000,0.014507,3.751632,0.583333,0.000000,3.754973
1746.000000,0.018460,3.749260,0.583333,0.000000,3.755192
1747.000000,0.036276,3.762575,0.583333,0.000000,3.755404
1748.000000,0.020165,3.758131,0.583333,0.000000,3.755610
1749.000000,0.047857,3.755659,0.583333,0.000000,3.755808
1750.000000,0.014510,3.753176,0.583333,0.000000,3.756000
1751.000000,0.017621,3.757667,0.583333,0.000000,3.756186
1752.000000,0.016873,3.761323,0.583333,0.000000,3.756366
1753.000000,0.018687,3.752405,0.583333,0.000000,3.756540
1754.000000,0.051984,3.756684,0.583333,0.000000,3.756708
1755.000000,0.042576,3.761211,0.583333,0.000000,3.756870
1756.000000,0.064199,3.747348,0.583333,0.000000,3.757028
1757.000000,0.075353,3.756892,0.583333,0.000000,3.757180
1758.000000,0.009386,3.755180,0.583333,0.000000,3.757327
1759.000000,0.031408,3.756800,0.583333,0.000000,3.757469
1760.000000,0.006476,3.755098,0.583333,0.000000,3.757607
1761.000000,0.014448,3.758428,0.583333,0.000000,3.757740
1762.000000,0.017398,3.767487,0.583333,0.000000,3.757868
1763.000000,0.008857,3.756373,0.583333,0.000000,3.757993
1764.000000,0.008962,3.759572,0.583333,0.000000,3.758113
1765.000000,0.027114,3.768204,0.583333,0.000000,3.758230
1766.000000,0.005666,3.755592,0.583333,0.000000,3.758343
1767.000000,0.046843,3.767525,0.583333,0.000000,3.758452
1768.000000,0.011645,3.758584,0.583333,0.000000,3.758557
1769.000000,0.086191,3.767568,0.583333,0.000000,3.758659
1770.000000,0.020972,3.762509,0.583333,0.000000,3.758758
1771.000000,0.031440,3.760388,0.583333,0.000000,3.758853
1772.000000,0.004093,3.758617,0.583333,0.000000,3.758945
1773.000000,0.064122,3.755914,0.583333,0.000000,3.759034
1774.000000,0.052390,3.759500,0.583333,0.000000,3.759121
1775.000000,0.035938,3.763691,0.583333,0.000000,3.759204
1776.000000,0.003064,3.759219,0.583333,0.000000,3.759285
1777.000000,0.034213,3.757780,0.583333,0.000000,3.759363
1778.000000,0.007571,3.758185,0.583333,0.000000,3.759438
1779.000000,0.059247,3.764474,0.583333,0.000000,3.759512
1780.000000,0.046184,3.765708,0.583333,0.000000,3.759582
1781.000000,0.031909,3.756315,0.583333,0.000000,3.759651
1782.000000,-0.018728,3.756374,0.583333,0.000000,3.759717
1783.000000,0.010332,3.761677,0.583333,0.000000,3.759781
1784.000000,0.043755,3.767480,0.583333,0.000000,3.759842
1785.000000,0.054258,3.765632,0.583333,0.000000,3.759902
1786.000000,0.052183,3.753701,0.583333,0.000000,3.759960
1787.000000,-0.001840,3.758696,0.583333,0.000000,3.760016
1788.000000,0.036031,3.755417,0.583333,0.000000,3.760070
1789.000000,0.050310,3.758785,0.583333,0.000000,3.760122
1790.000000,-0.003167,3.768195,0.583333,0.000000,3.760173
1791.000000,0.029842,3.753109,0.583333,0.000000,3.760222
1792.000000,0.035477,3.752175,0.583333,0.000000,3.760269
1793.000000,0.023985,3.756172,0.583333,0.000000,3.760315
1794.000000,-0.007043,3.761796,0.583333,0.000000,3.760359
1795.000000,0.023486,3.763506,0.583333,0.000000,3.760402
1796.000000,0.023454,3.762631,0.583333,0.000000,3.760444
1797.000000,0.027039,3.766362,0.583333,0.000000,3.760484
1798.000000,0.018731,3.751707,0.583333,0.000000,3.760523
1799.000000,0.021140,3.766502,0.583333,0.000000,3.760560
1800.000000,2.029206,3.739036,0.583333,2.000000,3.740596
1801.000000,2.038849,3.743167,0.583056,2.000000,3.739509
1802.000000,2.023911,3.731836,0.582778,2.000000,3.738453
1803.000000,2.021807,3.737452,0.582500,2.000000,3.737427
1804.000000,2.031847,3.737611,0.582222,2.000000,3.736430
1805.000000,1.991582,3.741240,0.581944,2.000000,3.735461
1806.000000,2.039541,3.726593,0.581667,2.000000,3.734519
1807.000000,2.029989,3.733757,0.581389,2.000000,3.733604
1808.000000,2.030794,3.727288,0.581111,2.000000,3.732714
1809.000000,2.049215,3.734376,0.580833,2.000000,3.731848
1810.000000,1.990944,3.734893,0.580556,2.000000,3.731007
1811.000000,1.990523,3.736624,0.580278,2.000000,3.730188
1812.000000,2.035476,3.726717,0.580000,2.000000,3.729392
1813.000000,2.029858,3.733254,0.579722,2.000000,3.728618
1814.000000,2.033404,3.734668,0.579444,2.000000,3.727864
1815.000000,2.020757,3.718914,0.579167,2.000000,3.727130
1816.000000,2.043287,3.729478,0.578889,2.000000,3.726416
1817.000000,2.048653,3.730513,0.578611,2.000000,3.725721
1818.000000,2.039680,3.723750,0.578333,2.000000,3.725044
1819.000000,2.024783,3.718330,0.578056,2.000000,3.724384
1820.000000,1.987846,3.728457,0.577778,2.000000,3.723742
1821.000000,2.045385,3.717119,0.577500,2.000000,3.723116
1822.000000,2.054435,3.721614,0.577222,2.000000,3.722506
1823.000000,2.042891,3.721711,0.576944,2.000000,3.721912
1824.000000,2.012407,3.724910,0.576667,2.000000,3.721332
1825.000000,2.043476,3.717634,0.576389,2.000000,3.720767
1826.000000,2.047211,3.716793,0.576111,2.000000,3.720216
1827.000000,2.061176,3.720173,0.575833,2.000000,3.719679
1828.000000,2.012478,3.724186,0.575556,2.000000,3.719154
1829.000000,2.025471,3.730080,0.575278,2.000000,3.718642
1830.000000,2.044945,3.710605,0.575000,2.000000,3.718143
1831.000000,2.031148,3.719232,0.574722,2.000000,3.717655
1832.000000,2.007653,3.711746,0.574444,2.000000,3.717179
1833.000000,2.038292,3.721807,0.574167,2.000000,3.716713
1834.000000,2.041573,3.711566,0.573889,2.000000,3.716259
1835.000000,2.031759,3.712441,0.573611,2.000000,3.715814
1836.000000,2.034392,3.712434,0.573333,2.000000,3.715380
1837.000000,2.024826,3.714575,0.573056,2.000000,3.714956
1838.000000,2.059566,3.716156,0.572778,2.000000,3.714540
1839.000000,2.011986,3.716553,0.572500,2.000000,3.714134
1840.000000,2.018254,3.713708,0.572222,2.000000,3.713737
1841.000000,2.030220,3.706699,0.571944,2.000000,3.713348
1842.000000,2.047579,3.716606,0.571667,2.000000,3.712967
1843.000000,2.000053,3.712330,0.571389,2.000000,3.712595
1844.000000,2.003794,3.718038,0.571111,2.000000,3.712229
1845.000000,1.989245,3.708333,0.570833,2.000000,3.711872
1846.000000,2.030654,3.703510,0.570556,2.000000,3.711521
1847.000000,2.007634,3.711008,0.570278,2.000000,3.711178
1848.000000,2.022309,3.717321,0.570000,2.000000,3.710841
1849.000000,2.043228,3.711315,0.569722,2.000000,3.710510
1850.000000,2.017169,3.709188,0.569444,2.000000,3.710186
1851.000000,2.034626,3.705517,0.569167,2.000000,3.709868
1852.000000,2.024013,3.718345,0.568889,2.000000,3.709556
1853.000000,2.043442,3.704102,0.568611,2.000000,3.709250
1854.000000,2.039503,3.705322,0.568333,2.000000,3.708949
1855.000000,2.016161,3.711503,0.568056,2.000000,3.708653
1856.000000,2.026627,3.699082,0.567778,2.000000,3.708363
1857.000000,2.050875,3.714450,0.567500,2.000000,3.708077
1858.000000,2.037868,3.710917,0.567222,2.000000,3.707796
1859.000000,2.002061,3.712016,0.566944,2.000000,3.707520
1860.000000,2.043112,3.710039,0.566667,2.000000,3.707249
1861.000000,2.008308,3.706176,0.566389,2.000000,3.706981
1862.000000,2.058250,3.701403,0.566111,2.000000,3.706718
1863.000000,2.050482,3.705759,0.565833,2.000000,3.706459
1864.000000,2.035798,3.701328,0.565556,2.000000,3.706204
1865.000000,2.033145,3.708384,0.565278,2.000000,3.705953
1866.000000,2.025819,3.709739,0.565000,2.000000,3.705706
1867.000000,2.043570,3.712846,0.564722,2.000000,3.705462
1868.000000,2.022584,3.707080,0.564444,2.000000,3.705221
1869.000000,2.034711,3.709607,0.564167,2.000000,3.704984
1870.000000,2.047439,3.703264,0.563889,2.000000,3.704750
1871.000000,2.018764,3.702128,0.563611,2.000000,3.704519
1872.000000,2.017676,3.706659,0.563333,2.000000,3.704291
1873.000000,2.006113,3.702134,0.563056,2.000000,3.704066
1874.000000,2.008711,3.705190,0.562778,2.000000,3.703844
1875.000000,1.993432,3.698319,0.562500,2.000000,3.703625
1876.000000,2.044597,3.699000,0.562222,2.000000,3.703408
1877.000000,2.066178,3.706371,0.561944,2.000000,3.703194
1878.000000,2.058507,3.707416,0.561667,2.000000,3.702982
1879.000000,1.997478,3.697844,0.561389,2.000000,3.702773
1880.000000,2.044497,3.705919,0.561111,2.000000,3.702566
1881.000000,2.058442,3.699697,0.560833,2.000000,3.702361
1882.000000,2.020864,3.702241,0.560556,2.000000,3.702158
1883.000000,2.032029,3.709042,0.560278,2.000000,3.701958
1884.000000,1.989842,3.705797,0.560000,2.000000,3.701759
1885.000000,2.035335,3.705542,0.559722,2.000000,3.701563
1886.000000,2.008729,3.710912,0.559444,2.000000,3.701368
1887.000000,2.033993,3.697656,0.559167,2.000000,3.701175
1888.000000,1.998776,3.696055,0.558889,2.000000,3.700984
1889.000000,2.040857,3.697184,0.558611,2.000000,3.700795
1890.000000,2.050490,3.699334,0.558333,2.000000,3.700607
1891.000000,2.014336,3.688648,0.558056,2.000000,3.700421
1892.000000,2.007262,3.699199,0.557778,2.000000,3.700236
1893.000000,1.986880,3.697330,0.557500,2.000000,3.700053
1894.000000,2.024672,3.703790,0.557222,2.000000,3.699872
1895.000000,2.018368,3.701454,0.556944,2.000000,3.699691
1896.000000,1.998980,3.696509,0.556667,2.000000,3.699513
1897.000000,2.039060,3.702285,0.556389,2.000000,3.699335
1898.000000,2.021001,3.702775,0.556111,2.000000,3.699159
1899.000000,2.008485,3.695141,0.555833,2.000000,3.698984
1900.000000,2.018909,3.696345,0.555556,2.000000,3.698810
1901.000000,2.051426,3.687510,0.555278,2.000000,3.698637
1902.000000,2.042059,3.693012,0.555000,2.000000,3.698465
1903.000000,2.027399,3.694583,0.554722,2.000000,3.698295
1904.000000,2.042382,3.698496,0.554444,2.000000,3.698125
1905.000000,2.006782,3.693230,0.554167,2.000000,3.697957
1906.000000,2.030647,3.695222,0.553889,2.000000,3.697789
1907.000000,2.032946,3.691496,0.553611,2.000000,3.697623
1908.000000,2.020603,3.698313,0.553333,2.000000,3.697457
1909.000000,2.038709,3.699421,0.553056,2.000000,3.697292
1910.000000,2.014391,3.699140,0.552778,2.000000,3.697128
1911.000000,2.040196,3.697027,0.552500,2.000000,3.696965
1912.000000,2.041037,3.689098,0.552222,2.000000,3.696803
1913.000000,1.971657,3.693542,0.551944,2.000000,3.696641
1914.000000,2.053806,3.694444,0.551667,2.000000,3.696481
1915.000000,1.969047,3.694304,0.551389,2.000000,3.696320
1916.000000,2.017679,3.696536,0.551111,2.000000,3.696161
1917.000000,2.050507,3.703130,0.550833,2.000000,3.696002
1918.000000,2.023654,3.699905,0.550556,2.000000,3.695844
1919.000000,2.000676,3.690749,0.550278,2.000000,3.695687
1920.000000,2.008125,3.698922,0.550000,2.000000,3.695530
1921.000000,2.050538,3.698575,0.549722,2.000000,3.695374
1922.000000,1.991570,3.691188,0.549444,2.000000,3.695218
1923.000000,2.052580,3.699307,0.549167,2.000000,3.695063
1924.000000,2.028898,3.694106,0.548889,2.000000,3.694908
1925.000000,2.006152,3.687704,0.548611,2.000000,3.694754
1926.000000,2.018338,3.696876,0.548333,2.000000,3.694600
1927.000000,2.009656,3.695532,0.548056,2.000000,3.694447
1928.000000,2.047325,3.693156,0.547778,2.000000,3.694295
1929.000000,2.044649,3.693955,0.547500,2.000000,3.694143
1930.000000,1.995617,3.690395,0.547222,2.000000,3.693991
1931.000000,2.021928,3.696890,0.546944,2.000000,3.693839
1932.000000,2.012736,3.693471,0.546667,2.000000,3.693689
1933.000000,2.055870,3.694370,0.546389,2.000000,3.693538
1934.000000,2.002998,3.695174,0.546111,2.000000,3.693388
1935.000000,2.062085,3.687465,0.545833,2.000000,3.693238
1936.000000,2.029334,3.688617,0.545556,2.000000,3.693089
1937.000000,2.006761,3.681890,0.545278,2.000000,3.692940
1938.000000,2.016455,3.695615,0.545000,2.000000,3.692791
1939.000000,2.013968,3.686581,0.544722,2.000000,3.692642
1940.000000,2.004508,3.693157,0.544444,2.000000,3.692494
1941.000000,2.031897,3.694201,0.544167,2.000000,3.692346
1942.000000,2.005442,3.695211,0.543889,2.000000,3.692199
1943.000000,1.986393,3.686032,0.543611,2.000000,3.692052
1944.000000,2.022406,3.691579,0.543333,2.000000,3.691905
1945.000000,1.993943,3.700109,0.543056,2.000000,3.691758
1946.000000,2.014957,3.700183,0.542778,2.000000,3.691612
1947.000000,2.011818,3.696402,0.542500,2.000000,3.691465
1948.000000,2.012576,3.693007,0.542222,2.000000,3.691319
1949.000000,2.070019,3.686148,0.541944,2.000000,3.691174
1950.000000,2.031128,3.694621,0.541667,2.000000,3.691028
1951.000000,2.034907,3.690093,0.541389,2.000000,3.690883
1952.000000,1.994472,3.693541,0.541111,2.000000,3.690738
1953.000000,2.016921,3.687429,0.540833,2.000000,3.690593
1954.000000,2.034306,3.689584,0.540556,2.000000,3.690448
1955.000000,2.009509,3.691125,0.540278,2.000000,3.690304
1956.000000,2.048161,3.691391,0.540000,2.000000,3.690160
1957.000000,2.005946,3.692484,0.539722,2.000000,3.690015
1958.000000,2.024273,3.686976,0.539444,2.000000,3.689872
1959.000000,2.018279,3.683011,0.539167,2.000000,3.689728
1960.000000,2.033286,3.697708,0.538889,2.000000,3.689584
1961.000000,2.017190,3.701887,0.538611,2.000000,3.689441
1962.000000,2.024582,3.691534,0.538333,2.000000,3.689297
1963.000000,2.025277,3.682534,0.538056,2.000000,3.689154
1964.000000,2.015312,3.685145,0.537778,2.000000,3.689011
1965.000000,2.039702,3.691414,0.537500,2.000000,3.688868
1966.000000,2.034768,3.695431,0.537222,2.000000,3.688725
1967.000000,2.028228,3.682518,0.536944,2.000000,3.688583
1968.000000,2.021391,3.687819,0.536667,2.000000,3.688440
1969.000000,2.045931,3.689278,0.536389,2.000000,3.688298
1970.000000,2.025283,3.692479,0.536111,2.000000,3.688156
1971.000000,2.023866,3.686295,0.535833,2.000000,3.688013
1972.000000,2.032094,3.680052,0.535556,2.000000,3.687871
1973.000000,2.063932,3.690835,0.535278,2.000000,3.687729
1974.000000,2.003193,3.693212,0.535000,2.000000,3.687588
1975.000000,2.045397,3.687033,0.534722,2.000000,3.687446
1976.000000,1.992137,3.689330,0.534444,2.000000,3.687304
1977.000000,2.034345,3.684790,0.534167,2.000000,3.687163
1978.000000,2.061502,3.682792,0.533889,2.000000,3.687021
1979.000000,2.039773,3.692012,0.533611,2.000000,3.686880
1980.000000,2.033413,3.688676,0.533333,2.000000,3.686738
1981.000000,2.018791,3.689049,0.533056,2.000000,3.686597
1982.000000,2.030621,3.693967,0.532778,2.000000,3.686456
1983.000000,2.024959,3.681041,0.532500,2.000000,3.686315
1984.000000,2.014280,3.683414,0.532222,2.000000,3.686174
1985.000000,2.024202,3.686823,0.531944,2.000000,3.686033
1986.000000,2.033968,3.683070,0.531667,2.000000,3.685892
1987.000000,2.014656,3.689667,0.531389,2.000000,3.685751
1988.000000,2.013874,3.684673,0.531111,2.000000,3.685610
1989.000000,2.002795,3.680507,0.530833,2.000000,3.685470
1990.000000,2.037815,3.685658,0.530556,2.000000,3.685329
1991.000000,2.040906,3.686040,0.530278,2.000000,3.685189
1992.000000,2.034633,3.689721,0.530000,2.000000,3.685048
1993.000000,2.049303,3.686873,0.529722,2.000000,3.684908
1994.000000,2.031757,3.687073,0.529444,2.000000,3.684767
1995.000000,2.037840,3.686228,0.529167,2.000000,3.684627
1996.000000,2.036077,3.683545,0.528889,2.000000,3.684487
1997.000000,2.028169,3.680765,0.528611,2.000000,3.684346
1998.000000,2.019384,3.685650,0.528333,2.000000,3.684206
1999.000000,2.074283,3.682400,0.528056,2.000000,3.684066
2000.000000,2.020961,3.692375,0.527778,2.000000,3.683926
2001.000000,2.016682,3.690497,0.527500,2.000000,3.683786
2002.000000,2.038680,3.686810,0.527222,2.000000,3.683646
2003.000000,2.035037,3.685398,0.526944,2.000000,3.683506
2004.000000,2.001904,3.682926,0.526667,2.000000,3.683366
2005.000000,2.052454,3.676920,0.526389,2.000000,3.683226
2006.000000,2.028116,3.682005,0.526111,2.000000,3.683086
2007.000000,2.007781,3.683453,0.525833,2.000000,3.682946
2008.000000,2.053776,3.683953,0.525556,2.000000,3.682806
2009.000000,2.042514,3.685014,0.525278,2.000000,3.682666
2010.000000,2.004709,3.687133,0.525000,2.000000,3.682526
2011.000000,2.065544,3.678926,0.524722,2.000000,3.682387
2012.000000,2.043176,3.678832,0.524444,2.000000,3.682247
2013.000000,2.029796,3.689361,0.524167,2.000000,3.682107
2014.000000,2.061804,3.685822,0.523889,2.000000,3.681968
2015.000000,2.033186,3.679874,0.523611,2.000000,3.681828
2016.000000,2.029438,3.681152,0.523333,2.000000,3.681688
2017.000000,2.016794,3.681035,0.523056,2.000000,3.681549
2018.000000,2.041637,3.681567,0.522778,2.000000,3.681409
2019.000000,2.039532,3.683633,0.522500,2.000000,3.681270
2020.000000,2.030294,3.693805,0.522222,2.000000,3.681130
2021.000000,2.014200,3.681939,0.521944,2.000000,3.680991
2022.000000,2.032599,3.684164,0.521667,2.000000,3.680851
2023.000000,2.028604,3.672279,0.521389,2.000000,3.680712
2024.000000,2.003331,3.678148,0.521111,2.000000,3.680572
2025.000000,2.000564,3.686577,0.520833,2.000000,3.680433
2026.000000,2.041303,3.682305,0.520556,2.000000,3.680293
2027.000000,1.977962,3.658208,0.520278,2.000000,3.680154
2028.000000,2.034108,3.683385,0.520000,2.000000,3.680014
2029.000000,2.020438,3.689466,0.519722,2.000000,3.679875
2030.000000,2.056165,3.669756,0.519444,2.000000,3.679736
2031.000000,2.020131,3.687193,0.519167,2.000000,3.679596
2032.000000,2.043190,3.665597,0.518889,2.000000,3.679457
2033.000000,2.022062,3.684008,0.518611,2.000000,3.679318
2034.000000,2.032275,3.679135,0.518333,2.000000,3.679179
2035.000000,2.044737,3.667289,0.518056,2.000000,3.679039
2036.000000,2.020749,3.681131,0.517778,2.000000,3.678900
2037.000000,2.049931,3.684515,0.517500,2.000000,3.678761
2038.000000,2.010126,3.680441,0.517222,2.000000,3.678621
2039.000000,2.035892,3.681406,0.516944,2.000000,3.678482
2040.000000,2.048453,3.676285,0.516667,2.000000,3.678343
2041.000000,2.043201,3.668897,0.516389,2.000000,3.678204
2042.000000,2.068329,3.681524,0.516111,2.000000,3.678065
2043.000000,2.014731,3.686674,0.515833,2.000000,3.677925
2044.000000,2.002417,3.683434,0.515556,2.000000,3.677786
2045.000000,2.010113,3.667708,0.515278,2.000000,3.677647
2046.000000,2.043209,3.669933,0.515000,2.000000,3.677508
2047.000000,2.039958,3.673139,0.514722,2.000000,3.677369
2048.000000,2.032045,3.669265,0.514444,2.000000,3.677230
2049.000000,2.007541,3.677311,0.514167,2.000000,3.677091
2050.000000,2.045337,3.678918,0.513889,2.000000,3.676951
2051.000000,2.005506,3.669661,0.513611,2.000000,3.676812
2052.000000,2.053179,3.680559,0.513333,2.000000,3.676673
2053.000000,2.087149,3.679540,0.513056,2.000000,3.676534
2054.000000,2.037329,3.673654,0.512778,2.000000,3.676395
2055.000000,2.041662,3.675393,0.512500,2.000000,3.676256
2056.000000,2.020143,3.666368,0.512222,2.000000,3.676117
2057.000000,1.993796,3.674316,0.511944,2.000000,3.675978
2058.000000,2.017946,3.675876,0.511667,2.000000,3.675839
2059.000000,2.008142,3.676543,0.511389,2.000000,3.675700
2060.000000,2.001060,3.677455,0.511111,2.000000,3.675561
2061.000000,2.064447,3.676643,0.510833,2.000000,3.675421
2062.000000,2.035457,3.673961,0.510556,2.000000,3.675282
2063.000000,2.037594,3.676574,0.510278,2.000000,3.675143
2064.000000,2.023820,3.680015,0.510000,2.000000,3.675004
2065.000000,2.026543,3.674388,0.509722,2.000000,3.674865
2066.000000,2.049291,3.676314,0.509444,2.000000,3.674726
2067.000000,2.029353,3.673656,0.509167,2.000000,3.674587
2068.000000,2.040614,3.671214,0.508889,2.000000,3.674448
2069.000000,2.026080,3.676924,0.508611,2.000000,3.674309
2070.000000,2.023157,3.671394,0.508333,2.000000,3.674170
2071.000000,2.001862,3.675962,0.508056,2.000000,3.674031
2072.000000,1.990445,3.674034,0.507778,2.000000,3.673892
2073.000000,2.024769,3.672234,0.507500,2.000000,3.673753
2074.000000,2.031130,3.671974,0.507222,2.000000,3.673614
2075.000000,2.004277,3.670935,0.506944,2.000000,3.673475
2076.000000,2.029311,3.665107,0.506667,2.000000,3.673336
2077.000000,2.031075,3.675112,0.506389,2.000000,3.673197
2078.000000,1.986880,3.674216,0.506111,2.000000,3.673058
2079.000000,2.011698,3.677168,0.505833,2.000000,3.672919
2080.000000,2.038145,3.670123,0.505556,2.000000,3.672780
2081.000000,2.037741,3.682118,0.505278,2.000000,3.672641
2082.000000,2.006927,3.670604,0.505000,2.000000,3.672502
2083.000000,2.033169,3.667988,0.504722,2.000000,3.672363
2084.000000,2.050448,3.667256,0.504444,2.000000,3.672224
2085.000000,2.045541,3.663416,0.504167,2.000000,3.672085
2086.000000,2.028094,3.679610,0.503889,2.000000,3.671947
2087.000000,2.020640,3.678663,0.503611,2.000000,3.671808
2088.000000,2.017413,3.674672,0.503333,2.000000,3.671669
2089.000000,2.039356,3.667049,0.503056,2.000000,3.671530
2090.000000,2.033902,3.680447,0.502778,2.000000,3.671391
2091.000000,2.042588,3.669493,0.502500,2.000000,3.671252
2092.000000,2.032637,3.669768,0.502222,2.000000,3.671113
2093.000000,2.046375,3.678160,0.501944,2.000000,3.670974
2094.000000,2.031892,3.674129,0.501667,2.000000,3.670835
2095.000000,2.045694,3.681702,0.501389,2.000000,3.670696
2096.000000,2.047416,3.671801,0.501111,2.000000,3.670557
2097.000000,2.013909,3.668433,0.500833,2.000000,3.670418
2098.000000,1.993837,3.667220,0.500556,2.000000,3.670279
2099.000000,2.060870,3.660905,0.500278,2.000000,3.670140
2100.000000,2.035133,3.668608,0.500000,2.000000,3.670001
2101.000000,1.995710,3.675613,0.499722,2.000000,3.669890
2102.000000,2.015724,3.672773,0.499444,2.000000,3.669779
2103.000000,2.045437,3.669769,0.499167,2.000000,3.669668
2104.000000,2.024406,3.664582,0.498889,2.000000,3.669557
2105.000000,2.019759,3.670580,0.498611,2.000000,3.669446
2106.000000,2.058018,3.674398,0.498333,2.000000,3.669334
2107.000000,2.009054,3.671377,0.498056,2.000000,3.669223
2108.000000,2.014037,3.669946,0.497778,2.000000,3.669112
2109.000000,2.034228,3.665016,0.497500,2.000000,3.669001
2110.000000,2.037809,3.673226,0.497222,2.000000,3.668890
2111.000000,2.039927,3.653119,0.496944,2.000000,3.668779
2112.000000,2.048225,3.670582,0.496667,2.000000,3.668668
2113.000000,2.033972,3.681408,0.496389,2.000000,3.668556
2114.000000,2.039788,3.660903,0.496111,2.000000,3.668445
2115.000000,2.024816,3.667127,0.495833,2.000000,3.668334
2116.000000,2.031254,3.668183,0.495556,2.000000,3.668223
2117.000000,2.032151,3.665799,0.495278,2.000000,3.668112
2118.000000,2.034302,3.673183,0.495000,2.000000,3.668001
2119.000000,2.045451,3.670252,0.494722,2.000000,3.667890
2120.000000,2.041103,3.668540,0.494444,2.000000,3.667778
2121.000000,2.030884,3.671654,0.494167,2.000000,3.667667
2122.000000,2.013817,3.667640,0.493889,2.000000,3.667556
2123.000000,2.031353,3.683344,0.493611,2.000000,3.667445
2124.000000,2.029440,3.668091,0.493333,2.000000,3.667334
2125.000000,2.033864,3.668199,0.493056,2.000000,3.667223
2126.000000,2.074131,3.658559,0.492778,2.000000,3.667112
2127.000000,2.019525,3.664283,0.492500,2.000000,3.667001
2128.000000,2.038446,3.672626,0.492222,2.000000,3.666889
2129.000000,2.051369,3.660101,0.491944,2.000000,3.666778
2130.000000,2.031960,3.655879,0.491667,2.000000,3.666667
2131.000000,2.076757,3.666718,0.491389,2.000000,3.666556
2132.000000,2.022439,3.673299,0.491111,2.000000,3.666445
2133.000000,2.036482,3.666546,0.490833,2.000000,3.666334
2134.000000,2.014024,3.664542,0.490556,2.000000,3.666223
2135.000000,2.022970,3.656819,0.490278,2.000000,3.666112
2136.000000,2.034979,3.668262,0.490000,2.000000,3.666000
2137.000000,2.046926,3.669196,0.489722,2.000000,3.665889
2138.000000,2.036382,3.656869,0.489444,2.000000,3.665778
2139.000000,2.055182,3.671340,0.489167,2.000000,3.665667
2140.000000,2.028101,3.669384,0.488889,2.000000,3.665556
2141.000000,2.023357,3.671106,0.488611,2.000000,3.665445
2142.000000,2.084080,3.668251,0.488333,2.000000,3.665334
2143.000000,2.037885,3.668491,0.488056,2.000000,3.665223
2144.000000,2.015610,3.667715,0.487778,2.000000,3.665111
2145.000000,2.016115,3.669343,0.487500,2.000000,3.665000
2146.000000,2.011146,3.655795,0.487222,2.000000,3.664889
2147.000000,2.048731,3.657273,0.486944,2.000000,3.664778
2148.000000,2.022712,3.660987,0.486667,2.000000,3.664667
2149.000000,2.032547,3.663907,0.486389,2.000000,3.664556
2150.000000,2.028730,3.666385,0.486111,2.000000,3.664445
2151.000000,2.044630,3.665957,0.485833,2.000000,3.664334
2152.000000,2.013065,3.669808,0.485556,2.000000,3.664222
2153.000000,2.008489,3.669854,0.485278,2.000000,3.664111
2154.000000,2.034486,3.659638,0.485000,2.000000,3.664000
2155.000000,2.042019,3.665082,0.484722,2.000000,3.663889
2156.000000,2.036651,3.659539,0.484444,2.000000,3.663778
2157.000000,2.013811,3.662726,0.484167,2.000000,3.663667
2158.000000,2.043550,3.665165,0.483889,2.000000,3.663556
2159.000000,2.015123,3.646401,0.483611,2.000000,3.663445
2160.000000,2.019569,3.675390,0.483333,2.000000,3.663334
2161.000000,2.011121,3.666054,0.483056,2.000000,3.663222
2162.000000,2.056023,3.660133,0.482778,2.000000,3.663111
2163.000000,2.042668,3.672637,0.482500,2.000000,3.663000
2164.000000,2.042100,3.661152,0.482222,2.000000,3.662889
2165.000000,2.054944,3.663441,0.481944,2.000000,3.662778
2166.000000,2.086253,3.660231,0.481667,2.000000,3.662667
2167.000000,1.995815,3.670816,0.481389,2.000000,3.662556
2168.000000,2.015232,3.661920,0.481111,2.000000,3.662445
2169.000000,2.017676,3.663081,0.480833,2.000000,3.662333
2170.000000,2.012984,3.668241,0.480556,2.000000,3.662222
2171.000000,2.008448,3.665037,0.480278,2.000000,3.662111
2172.000000,2.024007,3.661728,0.480000,2.000000,3.662000
2173.000000,2.005668,3.667441,0.479722,2.000000,3.661889
2174.000000,2.036701,3.674470,0.479444,2.000000,3.661778
2175.000000,2.031034,3.663254,0.479167,2.000000,3.661667
2176.000000,2.039621,3.662139,0.478889,2.000000,3.661556
2177.000000,2.040155,3.662298,0.478611,2.000000,3.661445
2178.000000,2.042060,3.667886,0.478333,2.000000,3.661333
2179.000000,2.022532,3.658226,0.478056,2.000000,3.661222
2180.000000,2.072423,3.659720,0.477778,2.000000,3.661111
2181.000000,2.034689,3.653313,0.477500,2.000000,3.661000
2182.000000,1.992750,3.654970,0.477222,2.000000,3.660889
2183.000000,2.009952,3.658189,0.476944,2.000000,3.660778
2184.000000,1.995190,3.660387,0.476667,2.000000,3.660667
2185.000000,2.030347,3.669401,0.476389,2.000000,3.660556
2186.000000,2.027564,3.663124,0.476111,2.000000,3.660445
2187.000000,2.020631,3.655773,0.475833,2.000000,3.660333
2188.000000,2.070219,3.656582,0.475556,2.000000,3.660222
2189.000000,2.040980,3.666985,0.475278,2.000000,3.660111
2190.000000,2.044522,3.665633,0.475000,2.000000,3.660000
2191.000000,2.011379,3.660030,0.474722,2.000000,3.659889
2192.000000,2.010017,3.657565,0.474444,2.000000,3.659778
2193.000000,2.030736,3.665291,0.474167,2.000000,3.659667
2194.000000,2.033460,3.654589,0.473889,2.000000,3.659556
2195.000000,1.992874,3.661405,0.473611,2.000000,3.659444
2196.000000,2.026394,3.670697,0.473333,2.000000,3.659333
2197.000000,2.030281,3.660249,0.473056,2.000000,3.659222
2198.000000,2.025697,3.655233,0.472778,2.000000,3.659111
2199.000000,2.013732,3.661052,0.472500,2.000000,3.659000
2200.000000,2.019209,3.656539,0.472222,2.000000,3.658889
2201.000000,2.026463,3.651807,0.471944,2.000000,3.658778
2202.000000,2.031816,3.662172,0.471667,2.000000,3.658667
2203.000000,2.042096,3.664145,0.471389,2.000000,3.658556
2204.000000,2.051617,3.656890,0.471111,2.000000,3.658444
2205.000000,2.024113,3.656447,0.470833,2.000000,3.658333
2206.000000,2.020877,3.653414,0.470556,2.000000,3.658222
2207.000000,2.038753,3.657361,0.470278,2.000000,3.658111
2208.000000,2.042217,3.655188,0.470000,2.000000,3.658000
2209.000000,2.021316,3.652834,0.469722,2.000000,3.657889
2210.000000,2.045808,3.667239,0.469444,2.000000,3.657778
2211.000000,2.049592,3.659999,0.469167,2.000000,3.657667
2212.000000,2.055834,3.660418,0.468889,2.000000,3.657556
2213.000000,2.065566,3.661861,0.468611,2.000000,3.657444
2214.000000,2.012672,3.661189,0.468333,2.000000,3.657333
2215.000000,2.030278,3.655157,0.468056,2.000000,3.657222
2216.000000,2.030226,3.658474,0.467778,2.000000,3.657111
2217.000000,2.028039,3.655655,0.467500,2.000000,3.657000
2218.000000,2.017015,3.659081,0.467222,2.000000,3.656889
2219.000000,2.000289,3.658486,0.466944,2.000000,3.656778
2220.000000,2.031854,3.654753,0.466667,2.000000,3.656667
2221.000000,2.014633,3.649909,0.466389,2.000000,3.656556
2222.000000,2.031720,3.657176,0.466111,2.000000,3.656444
2223.000000,2.014119,3.655312,0.465833,2.000000,3.656333
2224.000000,2.008007,3.646770,0.465556,2.000000,3.656222
2225.000000,2.034686,3.658649,0.465278,2.000000,3.656111
2226.000000,2.033018,3.660827,0.465000,2.000000,3.656000
2227.000000,2.041586,3.668531,0.464722,2.000000,3.655889
2228.000000,2.073717,3.653822,0.464444,2.000000,3.655778
2229.000000,2.035546,3.652973,0.464167,2.000000,3.655667
2230.000000,2.039702,3.650008,0.463889,2.000000,3.655556
2231.000000,2.008449,3.656488,0.463611,2.000000,3.655444
2232.000000,2.004262,3.656345,0.463333,2.000000,3.655333
2233.000000,2.061657,3.651166,0.463056,2.000000,3.655222
2234.000000,2.011530,3.654236,0.462778,2.000000,3.655111
2235.000000,2.009121,3.645107,0.462500,2.000000,3.655000
2236.000000,2.029218,3.659521,0.462222,2.000000,3.654889
2237.000000,2.028196,3.650924,0.461944,2.000000,3.654778
2238.000000,2.011950,3.654493,0.461667,2.000000,3.654667
2239.000000,2.023901,3.647422,0.461389,2.000000,3.654556
2240.000000,2.054588,3.651533,0.461111,2.000000,3.654444
2241.000000,2.013880,3.652935,0.460833,2.000000,3.654333
2242.000000,2.002127,3.654166,0.460556,2.000000,3.654222
2243.000000,2.048852,3.656510,0.460278,2.000000,3.654111
2244.000000,2.039846,3.661195,0.460000,2.000000,3.654000
2245.000000,2.017590,3.657552,0.459722,2.000000,3.653889
2246.000000,1.998357,3.658589,0.459444,2.000000,3.653778
2247.000000,2.015108,3.660897,0.459167,2.000000,3.653667
2248.000000,2.028906,3.656404,0.458889,2.000000,3.653556
2249.000000,2.053313,3.653261,0.458611,2.000000,3.653444
2250.000000,2.009268,3.658379,0.458333,2.000000,3.653333
2251.000000,2.028310,3.658587,0.458056,2.000000,3.653222
2252.000000,2.043503,3.656354,0.457778,2.000000,3.653111
2253.000000,1.982375,3.645727,0.457500,2.000000,3.653000
2254.000000,2.050676,3.648682,0.457222,2.000000,3.652889
2255.000000,2.006351,3.651404,0.456944,2.000000,3.652778
2256.000000,2.036640,3.656565,0.456667,2.000000,3.652667
2257.000000,2.034934,3.652449,0.456389,2.000000,3.652556
2258.000000,2.051692,3.658129,0.456111,2.000000,3.652444
2259.000000,2.041018,3.658910,0.455833,2.000000,3.652333
2260.000000,1.982454,3.658218,0.455556,2.000000,3.652222
2261.000000,2.014304,3.658139,0.455278,2.000000,3.652111
2262.000000,2.032764,3.646815,0.455000,2.000000,3.652000
2263.000000,2.026100,3.654302,0.454722,2.000000,3.651889
2264.000000,2.039552,3.648740,0.454444,2.000000,3.651778
2265.000000,2.045787,3.643421,0.454167,2.000000,3.651667
2266.000000,2.042169,3.650118,0.453889,2.000000,3.651556
2267.000000,2.025715,3.658068,0.453611,2.000000,3.651444
2268.000000,1.993073,3.653637,0.453333,2.000000,3.651333
2269.000000,2.020890,3.661311,0.453056,2.000000,3.651222
2270.000000,2.038327,3.651997,0.452778,2.000000,3.651111
2271.000000,2.008191,3.663239,0.452500,2.000000,3.651000
2272.000000,2.042625,3.651776,0.452222,2.000000,3.650889
2273.000000,2.048168,3.650890,0.451944,2.000000,3.650778
2274.000000,2.032537,3.644270,0.451667,2.000000,3.650667
2275.000000,1.968724,3.656108,0.451389,2.000000,3.650556
2276.000000,2.004438,3.647934,0.451111,2.000000,3.650444
2277.000000,2.067724,3.647098,0.450833,2.000000,3.650333
2278.000000,2.019069,3.656628,0.450556,2.000000,3.650222
2279.000000,1.990317,3.655902,0.450278,2.000000,3.650111
2280.000000,2.054705,3.655660,0.450000,2.000000,3.650000
2281.000000,2.030267,3.648078,0.449722,2.000000,3.649889
2282.000000,2.052099,3.649523,0.449444,2.000000,3.649778
2283.000000,2.035539,3.649367,0.449167,2.000000,3.649667
2284.000000,2.039171,3.653468,0.448889,2.000000,3.649556
2285.000000,2.037260,3.657212,0.448611,2.000000,3.649444
2286.000000,2.043950,3.651174,0.448333,2.000000,3.649333
2287.000000,2.075549,3.659097,0.448056,2.000000,3.649222
2288.000000,2.049420,3.653597,0.447778,2.000000,3.649111
2289.000000,1.998393,3.647826,0.447500,2.000000,3.649000
2290.000000,2.038933,3.653032,0.447222,2.000000,3.648889
2291.000000,2.052830,3.657307,0.446944,2.000000,3.648778
2292.000000,2.054054,3.658658,0.446667,2.000000,3.648667
2293.000000,2.021468,3.654490,0.446389,2.000000,3.648556
2294.000000,2.053299,3.648573,0.446111,2.000000,3.648444
2295.000000,2.048555,3.647250,0.445833,2.000000,3.648333
2296.000000,2.081450,3.651103,0.445556,2.000000,3.648222
2297.000000,2.015000,3.656481,0.445278,2.000000,3.648111
2298.000000,2.019852,3.650169,0.445000,2.000000,3.648000
2299.000000,2.023878,3.650162,0.444722,2.000000,3.647889
2300.000000,0.020196,3.668035,0.444444,0.000000,3.667778
2301.000000,0.012200,3.667122,0.444444,0.000000,3.668761
2302.000000,-0.025254,3.668902,0.444444,0.000000,3.669713
2303.000000,0.021306,3.671310,0.444444,0.000000,3.670633
2304.000000,0.037387,3.680113,0.444444,0.000000,3.671523
2305.000000,0.020136,3.671185,0.444444,0.000000,3.672383
2306.000000,0.068708,3.673479,0.444444,0.000000,3.673216
2307.000000,0.030268,3.669694,0.444444,0.000000,3.674021
2308.000000,0.055821,3.678383,0.444444,0.000000,3.674800
2309.000000,0.035228,3.682387,0.444444,0.000000,3.675553
2310.000000,0.046528,3.684404,0.444444,0.000000,3.676282
2311.000000,0.035585,3.678003,0.444444,0.000000,3.676987
2312.000000,0.057376,3.680540,0.444444,0.000000,3.677668
2313.000000,0.031119,3.677560,0.444444,0.000000,3.678327
2314.000000,0.039922,3.681605,0.444444,0.000000,3.678965
2315.000000,0.037327,3.681152,0.444444,0.000000,3.679582
2316.000000,0.024234,3.680470,0.444444,0.000000,3.680178
2317.000000,0.038100,3.681444,0.444444,0.000000,3.680755
2318.000000,0.074688,3.683573,0.444444,0.000000,3.681313
2319.000000,0.024592,3.680382,0.444444,0.000000,3.681853
2320.000000,0.038389,3.681163,0.444444,0.000000,3.682375
2321.000000,0.055156,3.691417,0.444444,0.000000,3.682880
2322.000000,0.052805,3.696921,0.444444,0.000000,3.683369
2323.000000,0.030234,3.677819,0.444444,0.000000,3.683841
2324.000000,-0.017668,3.678001,0.444444,0.000000,3.684298
2325.000000,0.040334,3.679954,0.444444,0.000000,3.684740
2326.000000,-0.014389,3.684651,0.444444,0.000000,3.685167
2327.000000,0.059399,3.690060,0.444444,0.000000,3.685581
2328.000000,0.033389,3.688937,0.444444,0.000000,3.685981
2329.000000,0.049993,3.687227,0.444444,0.000000,3.686367
2330.000000,0.011958,3.689386,0.444444,0.000000,3.686741
2331.000000,-0.001050,3.683643,0.444444,0.000000,3.687103
2332.000000,0.035215,3.686233,0.444444,0.000000,3.687453
2333.000000,0.029328,3.687691,0.444444,0.000000,3.687792
2334.000000,0.020169,3.680198,0.444444,0.000000,3.688119
2335.000000,0.031693,3.682629,0.444444,0.000000,3.688436
2336.000000,0.085349,3.683134,0.444444,0.000000,3.688742
2337.000000,0.046691,3.692859,0.444444,0.000000,3.689038
2338.000000,0.050990,3.690551,0.444444,0.000000,3.689325
2339.000000,0.046879,3.692657,0.444444,0.000000,3.689602
2340.000000,0.059589,3.680672,0.444444,0.000000,3.689870
2341.000000,0.026199,3.682711,0.444444,0.000000,3.690129
2342.000000,-0.011095,3.693696,0.444444,0.000000,3.690380
2343.000000,0.026228,3.676729,0.444444,0.000000,3.690622
2344.000000,0.046235,3.696980,0.444444,0.000000,3.690857
2345.000000,0.010604,3.681967,0.444444,0.000000,3.691084
2346.000000,0.026473,3.695520,0.444444,0.000000,3.691303
2347.000000,0.016165,3.687073,0.444444,0.000000,3.691516
2348.000000,0.060041,3.696965,0.444444,0.000000,3.691721
2349.000000,0.044989,3.707960,0.444444,0.000000,3.691919
2350.000000,0.043031,3.680746,0.444444,0.000000,3.692112
2351.000000,0.042432,3.695774,0.444444,0.000000,3.692297
2352.000000,0.029255,3.683436,0.444444,0.000000,3.692477
2353.000000,0.033951,3.694785,0.444444,0.000000,3.692651
2354.000000,0.006296,3.691785,0.444444,0.000000,3.692819
2355.000000,-0.013729,3.693630,0.444444,0.000000,3.692981
2356.000000,0.033002,3.688580,0.444444,0.000000,3.693139
2357.000000,0.036480,3.697193,0.444444,0.000000,3.693291
2358.000000,0.054185,3.686196,0.444444,0.000000,3.693438
2359.000000,0.061427,3.699788,0.444444,0.000000,3.693580
2360.000000,0.061400,3.691671,0.444444,0.000000,3.693718
2361.000000,0.010040,3.686837,0.444444,0.000000,3.693851
2362.000000,0.022955,3.701954,0.444444,0.000000,3.693980
2363.000000,0.039607,3.693767,0.444444,0.000000,3.694104
2364.000000,0.080638,3.703763,0.444444,0.000000,3.694225
2365.000000,0.059602,3.700448,0.444444,0.000000,3.694341
2366.000000,0.052388,3.690463,0.444444,0.000000,3.694454
2367.000000,0.022244,3.694138,0.444444,0.000000,3.694563
2368.000000,0.012336,3.695273,0.444444,0.000000,3.694668
2369.000000,0.045778,3.702402,0.444444,0.000000,3.694770
2370.000000,0.007987,3.697056,0.444444,0.000000,3.694869
2371.000000,0.025231,3.695845,0.444444,0.000000,3.694964
2372.000000,0.027704,3.694057,0.444444,0.000000,3.695056
2373.000000,0.061858,3.694893,0.444444,0.000000,3.695145
2374.000000,0.022906,3.701755,0.444444,0.000000,3.695232
2375.000000,-0.018785,3.695334,0.444444,0.000000,3.695315
2376.000000,0.040089,3.693421,0.444444,0.000000,3.695396
2377.000000,0.016020,3.692652,0.444444,0.000000,3.695474
2378.000000,0.030853,3.692781,0.444444,0.000000,3.695550
2379.000000,0.028266,3.688612,0.444444,0.000000,3.695623
2380.000000,0.024526,3.691941,0.444444,0.000000,3.695693
2381.000000,0.045807,3.703254,0.444444,0.000000,3.695762
2382.000000,-0.000657,3.694795,0.444444,0.000000,3.695828
2383.000000,0.019660,3.699414,0.444444,0.000000,3.695892
2384.000000,0.043681,3.683560,0.444444,0.000000,3.695953
2385.000000,0.017718,3.698855,0.444444,0.000000,3.696013
2386.000000,-0.002176,3.695264,0.444444,0.000000,3.696071
2387.000000,0.043371,3.693720,0.444444,0.000000,3.696127
2388.000000,0.052462,3.697086,0.444444,0.000000,3.696181
2389.000000,0.029100,3.693754,0.444444,0.000000,3.696234
2390.000000,-0.009217,3.685665,0.444444,0.000000,3.696284
2391.000000,0.044119,3.700944,0.444444,0.000000,3.696333
2392.000000,-0.003198,3.697596,0.444444,0.000000,3.696380
2393.000000,0.036176,3.694857,0.444444,0.000000,3.696426
2394.000000,0.012251,3.691640,0.444444,0.000000,3.696471
2395.000000,0.006803,3.689164,0.444444,0.000000,3.696513
2396.000000,0.021162,3.697674,0.444444,0.000000,3.696555
2397.000000,0.026334,3.704662,0.444444,0.000000,3.696595
2398.000000,0.017116,3.697650,0.444444,0.000000,3.696634
2399.000000,0.041774,3.689757,0.444444,0.000000,3.696671
2400.000000,2.021079,3.677833,0.444444,2.000000,3.676708
2401.000000,2.049604,3.675381,0.444167,2.000000,3.675648
2402.000000,2.035623,3.678940,0.443889,2.000000,3.674620
2403.000000,2.016049,3.676655,0.443611,2.000000,3.673621
2404.000000,2.012681,3.657723,0.443333,2.000000,3.672652
2405.000000,1.997050,3.674437,0.443056,2.000000,3.671711
2406.000000,2.035815,3.665779,0.442778,2.000000,3.670797
2407.000000,2.022908,3.662801,0.442500,2.000000,3.669909
2408.000000,1.982556,3.668105,0.442222,2.000000,3.669047
2409.000000,2.019286,3.670264,0.441944,2.000000,3.668209
2410.000000,2.011979,3.659192,0.441667,2.000000,3.667396
2411.000000,2.061514,3.670128,0.441389,2.000000,3.666605
2412.000000,1.995944,3.669653,0.441111,2.000000,3.665837
2413.000000,2.001173,3.665325,0.440833,2.000000,3.665090
2414.000000,2.052199,3.660026,0.440556,2.000000,3.664364
2415.000000,2.057135,3.658761,0.440278,2.000000,3.663658
2416.000000,2.015100,3.668101,0.440000,2.000000,3.662972
2417.000000,2.017358,3.654748,0.439722,2.000000,3.662304
2418.000000,2.042325,3.666977,0.439444,2.000000,3.661655
2419.000000,1.983458,3.660197,0.439167,2.000000,3.661023
2420.000000,1.992776,3.659929,0.438889,2.000000,3.660409
2421.000000,2.024385,3.651270,0.438611,2.000000,3.659811
2422.000000,2.060998,3.658495,0.438333,2.000000,3.659228
2423.000000,2.021285,3.661730,0.438056,2.000000,3.658662
2424.000000,2.032019,3.651428,0.437778,2.000000,3.658110
2425.000000,2.052676,3.660066,0.437500,2.000000,3.657573
2426.000000,2.072138,3.657495,0.437222,2.000000,3.657050
2427.000000,2.018463,3.653321,0.436944,2.000000,3.656540
2428.000000,2.029663,3.660316,0.436667,2.000000,3.656043
2429.000000,2.066441,3.644548,0.436389,2.000000,3.655559
2430.000000,1.999556,3.656821,0.436111,2.000000,3.655087
2431.000000,2.050552,3.662724,0.435833,2.000000,3.654627
2432.000000,2.009634,3.661378,0.435556,2.000000,3.654179
2433.000000,2.032049,3.655690,0.435278,2.000000,3.653741
2434.000000,2.025148,3.651806,0.435000,2.000000,3.653314
2435.000000,2.010840,3.649719,0.434722,2.000000,3.652898
2436.000000,2.010338,3.650977,0.434444,2.000000,3.652491
2437.000000,2.035528,3.654814,0.434167,2.000000,3.652094
2438.000000,2.049911,3.647671,0.433889,2.000000,3.651707
2439.000000,2.027405,3.655116,0.433611,2.000000,3.651329
2440.000000,2.031402,3.661625,0.433333,2.000000,3.650959
2441.000000,2.041423,3.650289,0.433056,2.000000,3.650598
2442.000000,2.010568,3.643523,0.432778,2.000000,3.650245
2443.000000,2.044794,3.643176,0.432500,2.000000,3.649900
2444.000000,2.046387,3.653446,0.432222,2.000000,3.649563
2445.000000,2.082073,3.648934,0.431944,2.000000,3.649233
2446.000000,2.022478,3.653294,0.431667,2.000000,3.648910
2447.000000,2.020838,3.645926,0.431389,2.000000,3.648594
2448.000000,2.045379,3.652438,0.431111,2.000000,3.648285
2449.000000,2.046382,3.647191,0.430833,2.000000,3.647983
2450.000000,2.019298,3.644024,0.430556,2.000000,3.647686
2451.000000,2.021937,3.645391,0.430278,2.000000,3.647396
2452.000000,2.040823,3.641126,0.430000,2.000000,3.647112
2453.000000,2.013448,3.656780,0.429722,2.000000,3.646833
2454.000000,2.021789,3.646078,0.429444,2.000000,3.646560
2455.000000,2.031792,3.649515,0.429167,2.000000,3.646292
2456.000000,2.049919,3.643345,0.428889,2.000000,3.646029
2457.000000,2.017908,3.640512,0.428611,2.000000,3.645771
2458.000000,1.993152,3.644349,0.428333,2.000000,3.645518
2459.000000,1.991668,3.650776,0.428056,2.000000,3.645270
2460.000000,2.004812,3.642423,0.427778,2.000000,3.645026
2461.000000,2.003737,3.640434,0.427500,2.000000,3.644787
2462.000000,2.026908,3.645329,0.427222,2.000000,3.644552
2463.000000,2.006222,3.646816,0.426944,2.000000,3.644320
2464.000000,2.015945,3.652307,0.426667,2.000000,3.644093
2465.000000,2.014518,3.645638,0.426389,2.000000,3.643870
2466.000000,2.021190,3.646870,0.426111,2.000000,3.643650
2467.000000,2.056450,3.647030,0.425833,2.000000,3.643434
2468.000000,2.043239,3.637456,0.425556,2.000000,3.643221
2469.000000,2.030323,3.638195,0.425278,2.000000,3.643012
2470.000000,2.020779,3.637386,0.425000,2.000000,3.642805
2471.000000,2.021335,3.635942,0.424722,2.000000,3.642602
2472.000000,2.036555,3.646380,0.424444,2.000000,3.642402
2473.000000,2.041683,3.643655,0.424167,2.000000,3.642205
2474.000000,2.011848,3.642408,0.423889,2.000000,3.642011
2475.000000,2.030730,3.628856,0.423611,2.000000,3.641819
2476.000000,1.989368,3.651908,0.423333,2.000000,3.641630
2477.000000,2.034234,3.636972,0.423056,2.000000,3.641444
2478.000000,2.045243,3.651519,0.422778,2.000000,3.641260
2479.000000,2.024399,3.633832,0.422500,2.000000,3.641078
2480.000000,2.066331,3.636837,0.422222,2.000000,3.640899
2481.000000,2.012375,3.629708,0.421944,2.000000,3.640722
2482.000000,2.034349,3.642358,0.421667,2.000000,3.640547
2483.000000,2.029284,3.634868,0.421389,2.000000,3.640374
2484.000000,2.027994,3.634839,0.421111,2.000000,3.640204
2485.000000,2.027714,3.633172,0.420833,2.000000,3.640035
2486.000000,2.032142,3.643755,0.420556,2.000000,3.639868
2487.000000,2.046959,3.643260,0.420278,2.000000,3.639703
2488.000000,2.057555,3.648600,0.420000,2.000000,3.639540
2489.000000,2.029955,3.635950,0.419722,2.000000,3.639378
2490.000000,2.046306,3.640312,0.419444,2.000000,3.639218
2491.000000,2.015965,3.632613,0.419167,2.000000,3.639060
2492.000000,2.045319,3.637228,0.418889,2.000000,3.638903
2493.000000,2.014760,3.636153,0.418611,2.000000,3.638748
2494.000000,2.051813,3.640916,0.418333,2.000000,3.638594
2495.000000,2.074213,3.643527,0.418056,2.000000,3.638441
2496.000000,2.027558,3.643246,0.417778,2.000000,3.638290
2497.000000,1.986149,3.633927,0.417500,2.000000,3.638141
2498.000000,2.019039,3.642984,0.417222,2.000000,3.637992
2499.000000,2.054638,3.637624,0.416944,2.000000,3.637845
2500.000000,2.041062,3.636076,0.416667,2.000000,3.637699
2501.000000,2.034978,3.634011,0.416389,2.000000,3.637554
2502.000000,2.050173,3.634610,0.416111,2.000000,3.637410
2503.000000,2.039689,3.645979,0.415833,2.000000,3.637267
2504.000000,2.054355,3.638662,0.415556,2.000000,3.637125
2505.000000,2.048388,3.637858,0.415278,2.000000,3.636985
2506.000000,2.060434,3.635534,0.415000,2.000000,3.636845
2507.000000,2.037176,3.648936,0.414722,2.000000,3.636706
2508.000000,2.048105,3.643093,0.414444,2.000000,3.636568
2509.000000,2.023857,3.632826,0.414167,2.000000,3.636431
2510.000000,2.017971,3.634927,0.413889,2.000000,3.636295
2511.000000,2.064135,3.635088,0.413611,2.000000,3.636160
2512.000000,2.034324,3.636754,0.413333,2.000000,3.636025
2513.000000,2.046098,3.632385,0.413056,2.000000,3.635891
2514.000000,2.032475,3.637952,0.412778,2.000000,3.635758
2515.000000,2.018270,3.642886,0.412500,2.000000,3.635626
2516.000000,2.030220,3.628926,0.412222,2.000000,3.635494
2517.000000,2.058720,3.629723,0.411944,2.000000,3.635363
2518.000000,2.041105,3.632817,0.411667,2.000000,3.635233
2519.000000,1.995771,3.632919,0.411389,2.000000,3.635103
2520.000000,2.025695,3.644967,0.411111,2.000000,3.634974
2521.000000,2.065646,3.639854,0.410833,2.000000,3.634846
2522.000000,2.025724,3.639440,0.410556,2.000000,3.634718
2523.000000,1.993990,3.633269,0.410278,2.000000,3.634591
2524.000000,2.067861,3.633032,0.410000,2.000000,3.634464
2525.000000,2.043648,3.627079,0.409722,2.000000,3.634337
2526.000000,2.028600,3.638120,0.409444,2.000000,3.634212
2527.000000,2.022572,3.636542,0.409167,2.000000,3.634086
2528.000000,2.051647,3.640391,0.408889,2.000000,3.633961
2529.000000,2.019160,3.632783,0.408611,2.000000,3.633837
2530.000000,2.052965,3.633004,0.408333,2.000000,3.633713
2531.000000,2.040844,3.634440,0.408056,2.000000,3.633589
2532.000000,2.034894,3.637926,0.407778,2.000000,3.633466
2533.000000,2.032910,3.625992,0.407500,2.000000,3.633344
2534.000000,2.026501,3.636901,0.407222,2.000000,3.633221
2535.000000,2.050913,3.632997,0.406944,2.000000,3.633099
2536.000000,2.012693,3.627684,0.406667,2.000000,3.632978
2537.000000,1.997561,3.622433,0.406389,2.000000,3.632856
2538.000000,2.042289,3.632053,0.406111,2.000000,3.632735
2539.000000,2.042625,3.639853,0.405833,2.000000,3.632615
2540.000000,2.039605,3.640868,0.405556,2.000000,3.632494
2541.000000,2.038155,3.634151,0.405278,2.000000,3.632374
2542.000000,2.023589,3.642065,0.405000,2.000000,3.632254
2543.000000,2.045750,3.631920,0.404722,2.000000,3.632135
2544.000000,2.029089,3.636782,0.404444,2.000000,3.632016
2545.000000,2.020258,3.629641,0.404167,2.000000,3.631897
2546.000000,2.023762,3.629205,0.403889,2.000000,3.631778
2547.000000,2.070413,3.628272,0.403611,2.000000,3.631660
2548.000000,1.995300,3.621239,0.403333,2.000000,3.631542
2549.000000,2.039996,3.637859,0.403056,2.000000,3.631424
2550.000000,1.996418,3.628098,0.402778,2.000000,3.631306
2551.000000,2.027835,3.627181,0.402500,2.000000,3.631189
2552.000000,2.021327,3.625171,0.402222,2.000000,3.631071
2553.000000,1.988299,3.629932,0.401944,2.000000,3.630954
2554.000000,2.037781,3.639655,0.401667,2.000000,3.630837
2555.000000,2.022399,3.641189,0.401389,2.000000,3.630721
2556.000000,1.988016,3.622300,0.401111,2.000000,3.630604
2557.000000,2.046791,3.628715,0.400833,2.000000,3.630488
2558.000000,2.058700,3.625200,0.400556,2.000000,3.630372
2559.000000,2.059802,3.635197,0.400278,2.000000,3.630256
2560.000000,2.037179,3.631573,0.400000,2.000000,3.630140
2561.000000,2.030921,3.626786,0.399722,2.000000,3.629968
2562.000000,2.056563,3.630160,0.399444,2.000000,3.629797
2563.000000,2.063648,3.627239,0.399167,2.000000,3.629626
2564.000000,2.052671,3.637527,0.398889,2.000000,3.629456
2565.000000,2.011169,3.632020,0.398611,2.000000,3.629285
2566.000000,2.034027,3.632463,0.398333,2.000000,3.629114
2567.000000,2.038790,3.615609,0.398056,2.000000,3.628944
2568.000000,1.993808,3.628440,0.397778,2.000000,3.628774
2569.000000,2.039387,3.639020,0.397500,2.000000,3.628603
2570.000000,2.075460,3.635064,0.397222,2.000000,3.628433
2571.000000,2.042799,3.619028,0.396944,2.000000,3.628263
2572.000000,2.059468,3.626526,0.396667,2.000000,3.628094
2573.000000,2.033658,3.621916,0.396389,2.000000,3.627924
2574.000000,2.028536,3.636310,0.396111,2.000000,3.627754
2575.000000,2.037625,3.628806,0.395833,2.000000,3.627585
2576.000000,2.013683,3.623576,0.395556,2.000000,3.627415
2577.000000,2.010724,3.627417,0.395278,2.000000,3.627246
2578.000000,2.055326,3.614040,0.395000,2.000000,3.627077
2579.000000,2.057447,3.621483,0.394722,2.000000,3.626907
2580.000000,2.010178,3.626921,0.394444,2.000000,3.626738
2581.000000,2.049360,3.630798,0.394167,2.000000,3.626569
2582.000000,2.028261,3.616694,0.393889,2.000000,3.626400
2583.000000,2.036796,3.624326,0.393611,2.000000,3.626232
2584.000000,2.039204,3.631111,0.393333,2.000000,3.626063
2585.000000,2.049887,3.618637,0.393056,2.000000,3.625894
2586.000000,2.031654,3.626871,0.392778,2.000000,3.625725
2587.000000,2.058203,3.625887,0.392500,2.000000,3.625557
2588.000000,2.036188,3.633960,0.392222,2.000000,3.625388
2589.000000,2.042484,3.624069,0.391944,2.000000,3.625220
2590.000000,2.013335,3.624193,0.391667,2.000000,3.625051
2591.000000,2.073173,3.629158,0.391389,2.000000,3.624883
2592.000000,2.039396,3.618083,0.391111,2.000000,3.624715
2593.000000,2.044260,3.623442,0.390833,2.000000,3.624546
2594.000000,1.997836,3.622100,0.390556,2.000000,3.624378
2595.000000,2.013546,3.623516,0.390278,2.000000,3.624210
2596.000000,2.054758,3.628284,0.390000,2.000000,3.624042
2597.000000,2.035738,3.626645,0.389722,2.000000,3.623874
2598.000000,1.991724,3.619963,0.389444,2.000000,3.623706
2599.000000,2.050766,3.624222,0.389167,2.000000,3.623538
2600.000000,2.019124,3.630822,0.388889,2.000000,3.623370
2601.000000,2.058226,3.619045,0.388611,2.000000,3.623202
2602.000000,2.028243,3.623760,0.388333,2.000000,3.623034
2603.000000,2.034094,3.621901,0.388056,2.000000,3.622867
2604.000000,2.053579,3.622384,0.387778,2.000000,3.622699
2605.000000,2.012050,3.614378,0.387500,2.000000,3.622531
2606.000000,2.010143,3.629417,0.387222,2.000000,3.622363
2607.000000,2.026070,3.618324,0.386944,2.000000,3.622196
2608.000000,2.046543,3.627159,0.386667,2.000000,3.622028
2609.000000,2.003382,3.618754,0.386389,2.000000,3.621861
2610.000000,1.996639,3.618566,0.386111,2.000000,3.621693
2611.000000,2.046474,3.627591,0.385833,2.000000,3.621526
2612.000000,2.017940,3.626327,0.385556,2.000000,3.621358
2613.000000,2.022155,3.622234,0.385278,2.000000,3.621191
2614.000000,1.992864,3.624829,0.385000,2.000000,3.621023
2615.000000,2.016420,3.619413,0.384722,2.000000,3.620856
2616.000000,2.029849,3.620646,0.384444,2.000000,3.620688
2617.000000,2.048608,3.617213,0.384167,2.000000,3.620521
2618.000000,2.014575,3.624874,0.383889,2.000000,3.620354
2619.000000,2.063148,3.616719,0.383611,2.000000,3.620186
2620.000000,2.016309,3.627445,0.383333,2.000000,3.620019
2621.000000,2.016338,3.618272,0.383056,2.000000,3.619852
2622.000000,2.060747,3.619787,0.382778,2.000000,3.619684
2623.000000,2.034229,3.623311,0.382500,2.000000,3.619517
2624.000000,2.018960,3.619469,0.382222,2.000000,3.619350
2625.000000,2.026897,3.617693,0.381944,2.000000,3.619183
2626.000000,2.057061,3.618865,0.381667,2.000000,3.619015
2627.000000,2.059324,3.623317,0.381389,2.000000,3.618848
2628.000000,2.013664,3.615367,0.381111,2.000000,3.618681
2629.000000,2.029151,3.617883,0.380833,2.000000,3.618514
2630.000000,2.031803,3.618398,0.380556,2.000000,3.618347
2631.000000,2.010275,3.622503,0.380278,2.000000,3.618180
2632.000000,2.028886,3.617513,0.380000,2.000000,3.618013
2633.000000,2.030106,3.626887,0.379722,2.000000,3.617846
2634.000000,2.052804,3.616896,0.379444,2.000000,3.617679
2635.000000,2.054149,3.616323,0.379167,2.000000,3.617511
2636.000000,2.023416,3.616489,0.378889,2.000000,3.617344
2637.000000,2.025721,3.610594,0.378611,2.000000,3.617177
2638.000000,2.043286,3.611827,0.378333,2.000000,3.617010
2639.000000,2.018296,3.614190,0.378056,2.000000,3.616843
2640.000000,2.041773,3.622356,0.377778,2.000000,3.616676
2641.000000,2.028242,3.616344,0.377500,2.000000,3.616509
2642.000000,2.010612,3.613919,0.377222,2.000000,3.616342
2643.000000,2.010863,3.622308,0.376944,2.000000,3.616175
2644.000000,2.058941,3.623764,0.376667,2.000000,3.616008
2645.000000,2.026872,3.622118,0.376389,2.000000,3.615842
2646.000000,2.062807,3.611409,0.376111,2.000000,3.615675
2647.000000,2.019727,3.613031,0.375833,2.000000,3.615508
2648.000000,2.035824,3.624409,0.375556,2.000000,3.615341
2649.000000,2.077854,3.616380,0.375278,2.000000,3.615174
2650.000000,2.008852,3.613669,0.375000,2.000000,3.615007
2651.000000,1.992044,3.618432,0.374722,2.000000,3.614840
2652.000000,2.055732,3.619710,0.374444,2.000000,3.614673
2653.000000,2.013464,3.611649,0.374167,2.000000,3.614506
2654.000000,2.029586,3.615437,0.373889,2.000000,3.614339
2655.000000,2.018282,3.618805,0.373611,2.000000,3.614173
2656.000000,2.035363,3.608204,0.373333,2.000000,3.614006
2657.000000,2.010989,3.613901,0.373056,2.000000,3.613839
2658.000000,2.026401,3.608100,0.372778,2.000000,3.613672
2659.000000,2.038996,3.608587,0.372500,2.000000,3.613505
2660.000000,2.009834,3.610523,0.372222,2.000000,3.613338
2661.000000,2.015998,3.615557,0.371944,2.000000,3.613171
2662.000000,2.023052,3.611395,0.371667,2.000000,3.613005
2663.000000,2.001424,3.609596,0.371389,2.000000,3.612838
2664.000000,2.021549,3.612929,0.371111,2.000000,3.612671
2665.000000,2.032376,3.606769,0.370833,2.000000,3.612504
2666.000000,2.022009,3.614481,0.370556,2.000000,3.612337
2667.000000,2.024572,3.617828,0.370278,2.000000,3.612171
2668.000000,2.029602,3.611608,0.370000,2.000000,3.612004
2669.000000,2.016885,3.610824,0.369722,2.000000,3.611837
2670.000000,2.043821,3.613537,0.369444,2.000000,3.611670
2671.000000,2.058720,3.601361,0.369167,2.000000,3.611503
2672.000000,2.020712,3.614021,0.368889,2.000000,3.611337
2673.000000,2.039704,3.626679,0.368611,2.000000,3.611170
2674.000000,2.025208,3.610390,0.368333,2.000000,3.611003
2675.000000,2.037310,3.610241,0.368056,2.000000,3.610836
2676.000000,2.061316,3.614388,0.367778,2.000000,3.610670
2677.000000,2.040173,3.618729,0.367500,2.000000,3.610503
2678.000000,1.994532,3.615211,0.367222,2.000000,3.610336
2679.000000,2.039080,3.599391,0.366944,2.000000,3.610169
2680.000000,2.054657,3.612820,0.366667,2.000000,3.610003
2681.000000,2.025568,3.622695,0.366389,2.000000,3.609836
2682.000000,2.049913,3.612781,0.366111,2.000000,3.609669
2683.000000,2.016198,3.603729,0.365833,2.000000,3.609502
2684.000000,2.000289,3.610745,0.365556,2.000000,3.609336
2685.000000,2.032823,3.602765,0.365278,2.000000,3.609169
2686.000000,1.994870,3.615166,0.365000,2.000000,3.609002
2687.000000,2.025205,3.604056,0.364722,2.000000,3.608835
2688.000000,2.055737,3.609040,0.364444,2.000000,3.608669
2689.000000,1.991805,3.604213,0.364167,2.000000,3.608502
2690.000000,2.004410,3.605603,0.363889,2.000000,3.608335
2691.000000,2.009359,3.615599,0.363611,2.000000,3.608168
2692.000000,2.028734,3.608519,0.363333,2.000000,3.608002
2693.000000,2.022686,3.605039,0.363056,2.000000,3.607835
2694.000000,2.057983,3.601942,0.362778,2.000000,3.607668
2695.000000,2.049087,3.598143,0.362500,2.000000,3.607502
2696.000000,2.039905,3.601078,0.362222,2.000000,3.607335
2697.000000,2.032913,3.607728,0.361944,2.000000,3.607168
2698.000000,2.037865,3.611903,0.361667,2.000000,3.607001
2699.000000,2.012760,3.604033,0.361389,2.000000,3.606835
2700.000000,2.047144,3.614521,0.361111,2.000000,3.606668
2701.000000,2.007759,3.602914,0.360833,2.000000,3.606501
2702.000000,2.046708,3.605145,0.360556,2.000000,3.606335
2703.000000,2.053723,3.600770,0.360278,2.000000,3.606168
2704.000000,2.034217,3.610955,0.360000,2.000000,3.606001
2705.000000,2.026476,3.616322,0.359722,2.000000,3.605834
2706.000000,2.038006,3.596859,0.359444,2.000000,3.605668
2707.000000,1.972770,3.603770,0.359167,2.000000,3.605501
2708.000000,2.036045,3.611658,0.358889,2.000000,3.605334
2709.000000,2.027733,3.597933,0.358611,2.000000,3.605168
2710.000000,2.028987,3.607834,0.358333,2.000000,3.605001
2711.000000,2.044131,3.610942,0.358056,2.000000,3.604834
2712.000000,2.028505,3.605059,0.357778,2.000000,3.604668
2713.000000,2.007196,3.607252,0.357500,2.000000,3.604501
2714.000000,2.027172,3.613139,0.357222,2.000000,3.604334
2715.000000,2.031351,3.613910,0.356944,2.000000,3.604167
2716.000000,2.032299,3.603691,0.356667,2.000000,3.604001
2717.000000,2.033238,3.601172,0.356389,2.000000,3.603834
2718.000000,2.050787,3.599067,0.356111,2.000000,3.603667
2719.000000,2.008279,3.608386,0.355833,2.000000,3.603501
2720.000000,2.033514,3.596475,0.355556,2.000000,3.603334
2721.000000,2.055799,3.601904,0.355278,2.000000,3.603167
2722.000000,1.995308,3.603514,0.355000,2.000000,3.603001
2723.000000,2.033593,3.600319,0.354722,2.000000,3.602834
2724.000000,2.018292,3.604066,0.354444,2.000000,3.602667
2725.000000,2.022586,3.615323,0.354167,2.000000,3.602501
2726.000000,2.011904,3.601726,0.353889,2.000000,3.602334
2727.000000,2.026609,3.599990,0.353611,2.000000,3.602167
2728.000000,2.066825,3.607077,0.353333,2.000000,3.602001
2729.000000,2.004711,3.603032,0.353056,2.000000,3.601834
2730.000000,2.006608,3.608864,0.352778,2.000000,3.601667
2731.000000,2.003961,3.602324,0.352500,2.000000,3.601500
2732.000000,2.064548,3.600092,0.352222,2.000000,3.601334
2733.000000,2.020753,3.592248,0.351944,2.000000,3.601167
2734.000000,2.029487,3.592902,0.351667,2.000000,3.601000
2735.000000,2.021944,3.591655,0.351389,2.000000,3.600834
2736.000000,2.011112,3.602564,0.351111,2.000000,3.600667
2737.000000,2.025297,3.593689,0.350833,2.000000,3.600500
2738.000000,2.079165,3.606612,0.350556,2.000000,3.600334
2739.000000,2.057841,3.600318,0.350278,2.000000,3.600167
2740.000000,2.012941,3.598779,0.350000,2.000000,3.600000
2741.000000,2.042951,3.595614,0.349722,2.000000,3.599834
2742.000000,2.013370,3.602778,0.349444,2.000000,3.599667
2743.000000,1.994473,3.595478,0.349167,2.000000,3.599500
2744.000000,2.050390,3.594407,0.348889,2.000000,3.599334
2745.000000,2.053202,3.605109,0.348611,2.000000,3.599167
2746.000000,2.050921,3.600773,0.348333,2.000000,3.599000
2747.000000,2.020603,3.597659,0.348056,2.000000,3.598834
2748.000000,2.026664,3.601874,0.347778,2.000000,3.598667
2749.000000,2.044995,3.598545,0.347500,2.000000,3.598500
2750.000000,2.037830,3.600249,0.347222,2.000000,3.598334
2751.000000,2.022127,3.594083,0.346944,2.000000,3.598167
2752.000000,1.997619,3.608352,0.346667,2.000000,3.598000
2753.000000,2.032278,3.594935,0.346389,2.000000,3.597834
2754.000000,2.051580,3.605447,0.346111,2.000000,3.597667
2755.000000,2.006048,3.596556,0.345833,2.000000,3.597500
2756.000000,2.042775,3.601369,0.345556,2.000000,3.597334
2757.000000,2.036631,3.600838,0.345278,2.000000,3.597167
2758.000000,2.045003,3.602734,0.345000,2.000000,3.597000
2759.000000,2.047440,3.592630,0.344722,2.000000,3.596834
2760.000000,2.016111,3.602045,0.344444,2.000000,3.596667
2761.000000,1.997661,3.605732,0.344167,2.000000,3.596500
2762.000000,2.019330,3.595040,0.343889,2.000000,3.596333
2763.000000,2.047783,3.596340,0.343611,2.000000,3.596167
2764.000000,2.019160,3.593383,0.343333,2.000000,3.596000
2765.000000,2.016119,3.594101,0.343056,2.000000,3.595833
2766.000000,1.993573,3.604224,0.342778,2.000000,3.595667
2767.000000,2.065053,3.590479,0.342500,2.000000,3.595500
2768.000000,2.046514,3.590623,0.342222,2.000000,3.595333
2769.000000,2.045398,3.603221,0.341944,2.000000,3.595167
2770.000000,2.049355,3.598123,0.341667,2.000000,3.595000
2771.000000,2.041534,3.605435,0.341389,2.000000,3.594833
2772.000000,2.025113,3.592415,0.341111,2.000000,3.594667
2773.000000,2.026725,3.595132,0.340833,2.000000,3.594500
2774.000000,2.021449,3.591030,0.340556,2.000000,3.594333
2775.000000,2.082695,3.594883,0.340278,2.000000,3.594167
2776.000000,2.041118,3.585130,0.340000,2.000000,3.594000
2777.000000,2.020724,3.597258,0.339722,2.000000,3.593833
2778.000000,2.039310,3.595284,0.339444,2.000000,3.593667
2779.000000,2.009783,3.593212,0.339167,2.000000,3.593500
2780.000000,2.060090,3.591382,0.338889,2.000000,3.593333
2781.000000,2.016779,3.588693,0.338611,2.000000,3.593167
2782.000000,2.040022,3.596639,0.338333,2.000000,3.593000
2783.000000,2.051320,3.586978,0.338056,2.000000,3.592833
2784.000000,2.037695,3.595226,0.337778,2.000000,3.592667
2785.000000,2.031889,3.602872,0.337500,2.000000,3.592500
2786.000000,2.030216,3.599761,0.337222,2.000000,3.592333
2787.000000,2.028871,3.584641,0.336944,2.000000,3.592167
2788.000000,2.018466,3.589316,0.336667,2.000000,3.592000
2789.000000,2.021010,3.593941,0.336389,2.000000,3.591833
2790.000000,2.059592,3.591315,0.336111,2.000000,3.591667
2791.000000,2.027829,3.584503,0.335833,2.000000,3.591500
2792.000000,2.014284,3.593260,0.335556,2.000000,3.591333
2793.000000,2.019674,3.591117,0.335278,2.000000,3.591167
2794.000000,2.052007,3.600572,0.335000,2.000000,3.591000
2795.000000,2.043512,3.589567,0.334722,2.000000,3.590833
2796.000000,2.041207,3.596507,0.334444,2.000000,3.590667
2797.000000,2.024850,3.584165,0.334167,2.000000,3.590500
2798.000000,2.041467,3.585193,0.333889,2.000000,3.590333
2799.000000,2.017129,3.593775,0.333611,2.000000,3.590167
2800.000000,2.024808,3.595419,0.333333,2.000000,3.590000
2801.000000,2.049396,3.585046,0.333056,2.000000,3.589833
2802.000000,2.047486,3.589787,0.332778,2.000000,3.589667
2803.000000,2.010362,3.582592,0.332500,2.000000,3.589500
2804.000000,2.012889,3.588427,0.332222,2.000000,3.589333
2805.000000,2.032174,3.593351,0.331944,2.000000,3.589167
2806.000000,2.064523,3.586825,0.331667,2.000000,3.589000
2807.000000,1.991689,3.587588,0.331389,2.000000,3.588833
2808.000000,2.035567,3.583018,0.331111,2.000000,3.588667
2809.000000,2.002479,3.585258,0.330833,2.000000,3.588500
2810.000000,2.017313,3.597124,0.330556,2.000000,3.588333
2811.000000,2.022711,3.588531,0.330278,2.000000,3.588167
2812.000000,2.021590,3.582988,0.330000,2.000000,3.588000
2813.000000,2.019324,3.586260,0.329722,2.000000,3.587833
2814.000000,2.030144,3.579680,0.329444,2.000000,3.587667
2815.000000,2.019295,3.582429,0.329167,2.000000,3.587500
2816.000000,2.000751,3.594135,0.328889,2.000000,3.587333
2817.000000,2.045597,3.586454,0.328611,2.000000,3.587167
2818.000000,2.045057,3.596454,0.328333,2.000000,3.587000
2819.000000,2.046863,3.586357,0.328056,2.000000,3.586833
2820.000000,1.999185,3.586487,0.327778,2.000000,3.586667
2821.000000,2.035978,3.589704,0.327500,2.000000,3.586500
2822.000000,2.043520,3.572970,0.327222,2.000000,3.586333
2823.000000,2.009376,3.587191,0.326944,2.000000,3.586167
2824.000000,2.030183,3.585755,0.326667,2.000000,3.586000
2825.000000,2.027675,3.593264,0.326389,2.000000,3.585833
2826.000000,2.066843,3.590490,0.326111,2.000000,3.585667
2827.000000,2.068490,3.579832,0.325833,2.000000,3.585500
2828.000000,1.996713,3.591544,0.325556,2.000000,3.585333
2829.000000,2.079879,3.583855,0.325278,2.000000,3.585167
2830.000000,2.011695,3.580478,0.325000,2.000000,3.585000
2831.000000,2.049613,3.585819,0.324722,2.000000,3.584833
2832.000000,2.049410,3.583653,0.324444,2.000000,3.584667
2833.000000,2.010086,3.592192,0.324167,2.000000,3.584500
2834.000000,2.039865,3.586036,0.323889,2.000000,3.584333
2835.000000,2.027849,3.585195,0.323611,2.000000,3.584167
2836.000000,2.041087,3.588503,0.323333,2.000000,3.584000
2837.000000,2.034613,3.589298,0.323056,2.000000,3.583833
2838.000000,2.053927,3.587585,0.322778,2.000000,3.583667
2839.000000,2.031508,3.590597,0.322500,2.000000,3.583500
2840.000000,2.026643,3.586377,0.322222,2.000000,3.583333
2841.000000,2.051921,3.584005,0.321944,2.000000,3.583167
2842.000000,2.041608,3.589196,0.321667,2.000000,3.583000
2843.000000,2.044636,3.582379,0.321389,2.000000,3.582833
2844.000000,2.016708,3.582833,0.321111,2.000000,3.582667
2845.000000,2.009095,3.591108,0.320833,2.000000,3.582500
2846.000000,2.018646,3.590443,0.320556,2.000000,3.582333
2847.000000,2.017584,3.582126,0.320278,2.000000,3.582167
2848.000000,2.045724,3.579732,0.320000,2.000000,3.582000
2849.000000,2.049520,3.589149,0.319722,2.000000,3.581833
2850.000000,2.026897,3.585669,0.319444,2.000000,3.581667
2851.000000,2.058618,3.583078,0.319167,2.000000,3.581500
2852.000000,2.057369,3.579724,0.318889,2.000000,3.581333
2853.000000,2.034868,3.582825,0.318611,2.000000,3.581167
2854.000000,2.013562,3.580891,0.318333,2.000000,3.581000
2855.000000,2.061508,3.577512,0.318056,2.000000,3.580833
2856.000000,2.028780,3.581312,0.317778,2.000000,3.580667
2857.000000,2.032523,3.581827,0.317500,2.000000,3.580500
2858.000000,2.023208,3.578456,0.317222,2.000000,3.580333
2859.000000,2.012204,3.584686,0.316944,2.000000,3.580167
2860.000000,2.000627,3.586444,0.316667,2.000000,3.580000
2861.000000,2.042657,3.584683,0.316389,2.000000,3.579833
2862.000000,2.014332,3.578285,0.316111,2.000000,3.579667
2863.000000,2.091191,3.583279,0.315833,2.000000,3.579500
2864.000000,2.008279,3.579723,0.315556,2.000000,3.579333
2865.000000,2.004852,3.572988,0.315278,2.000000,3.579167
2866.000000,2.040203,3.582364,0.315000,2.000000,3.579000
2867.000000,2.060586,3.579564,0.314722,2.000000,3.578833
2868.000000,2.031292,3.591634,0.314444,2.000000,3.578667
2869.000000,2.041445,3.585786,0.314167,2.000000,3.578500
2870.000000,1.993129,3.581889,0.313889,2.000000,3.578333
2871.000000,2.016450,3.579413,0.313611,2.000000,3.578167
2872.000000,2.008528,3.578819,0.313333,2.000000,3.578000
2873.000000,1.992099,3.572815,0.313056,2.000000,3.577833
2874.000000,2.032340,3.568972,0.312778,2.000000,3.577667
2875.000000,1.985143,3.573137,0.312500,2.000000,3.577500
2876.000000,2.003556,3.577095,0.312222,2.000000,3.577333
2877.000000,2.019256,3.566639,0.311944,2.000000,3.577167
2878.000000,2.013374,3.574278,0.311667,2.000000,3.577000
2879.000000,2.037928,3.575595,0.311389,2.000000,3.576833
2880.000000,2.036112,3.575590,0.311111,2.000000,3.576667
2881.000000,2.047876,3.573191,0.310833,2.000000,3.576500
2882.000000,2.045048,3.574626,0.310556,2.000000,3.576333
2883.000000,2.052816,3.584786,0.310278,2.000000,3.576167
2884.000000,2.029962,3.579311,0.310000,2.000000,3.576000
2885.000000,2.036069,3.573032,0.309722,2.000000,3.575833
2886.000000,2.040230,3.575325,0.309444,2.000000,3.575667
2887.000000,2.032833,3.575358,0.309167,2.000000,3.575500
2888.000000,2.022056,3.571494,0.308889,2.000000,3.575333
2889.000000,2.023351,3.571321,0.308611,2.000000,3.575167
2890.000000,2.013649,3.580053,0.308333,2.000000,3.575000
2891.000000,2.038432,3.572734,0.308056,2.000000,3.574833
2892.000000,2.028120,3.569193,0.307778,2.000000,3.574667
2893.000000,2.016737,3.574284,0.307500,2.000000,3.574500
2894.000000,2.016755,3.574923,0.307222,2.000000,3.574333
2895.000000,2.005792,3.564303,0.306944,2.000000,3.574167
2896.000000,2.049577,3.573796,0.306667,2.000000,3.574000
2897.000000,2.031572,3.578173,0.306389,2.000000,3.573833
2898.000000,2.012744,3.575923,0.306111,2.000000,3.573667
2899.000000,2.046171,3.584649,0.305833,2.000000,3.573500
2900.000000,0.018791,3.599589,0.305556,0.000000,3.593333
2901.000000,0.001870,3.601562,0.305556,0.000000,3.594317
2902.000000,0.050424,3.609269,0.305556,0.000000,3.595268
2903.000000,0.019258,3.599979,0.305556,0.000000,3.596188
2904.000000,0.021822,3.597893,0.305556,0.000000,3.597078
2905.000000,0.030824,3.602808,0.305556,0.000000,3.597939
2906.000000,0.052852,3.595975,0.305556,0.000000,3.598771
2907.000000,0.030401,3.600115,0.305556,0.000000,3.599577
2908.000000,0.006018,3.597117,0.305556,0.000000,3.600355
2909.000000,0.040878,3.603099,0.305556,0.000000,3.601109
2910.000000,0.020300,3.598578,0.305556,0.000000,3.601837
2911.000000,0.067758,3.599107,0.305556,0.000000,3.602542
2912.000000,0.029978,3.605291,0.305556,0.000000,3.603224
2913.000000,-0.014701,3.603194,0.305556,0.000000,3.603883
2914.000000,0.037147,3.594883,0.305556,0.000000,3.604521
2915.000000,0.068892,3.597860,0.305556,0.000000,3.605137
2916.000000,0.061518,3.599998,0.305556,0.000000,3.605734
2917.000000,0.066619,3.601896,0.305556,0.000000,3.606311
2918.000000,0.009605,3.608941,0.305556,0.000000,3.606869
2919.000000,0.048243,3.608503,0.305556,0.000000,3.607409
2920.000000,0.015560,3.613257,0.305556,0.000000,3.607931
2921.000000,0.034486,3.612200,0.305556,0.000000,3.608436
2922.000000,0.004541,3.614284,0.305556,0.000000,3.608924
2923.000000,0.017111,3.612439,0.305556,0.000000,3.609397
2924.000000,0.016475,3.610902,0.305556,0.000000,3.609853
2925.000000,0.047971,3.615792,0.305556,0.000000,3.610295
2926.000000,0.046014,3.615320,0.305556,0.000000,3.610723
2927.000000,0.035536,3.613017,0.305556,0.000000,3.611136
2928.000000,0.002992,3.617891,0.305556,0.000000,3.611536
2929.000000,0.023767,3.600194,0.305556,0.000000,3.611923
2930.000000,0.015078,3.610845,0.305556,0.000000,3.612297
2931.000000,0.047394,3.611130,0.305556,0.000000,3.612659
2932.000000,0.053564,3.618772,0.305556,0.000000,3.613009
2933.000000,0.051128,3.621204,0.305556,0.000000,3.613347
2934.000000,0.014896,3.606424,0.305556,0.000000,3.613675
2935.000000,-0.024791,3.621047,0.305556,0.000000,3.613991
2936.000000,-0.005339,3.608440,0.305556,0.000000,3.614298
2937.000000,0.058433,3.608888,0.305556,0.000000,3.614594
2938.000000,0.021975,3.613709,0.305556,0.000000,3.614880
2939.000000,0.014986,3.613566,0.305556,0.000000,3.615157
2940.000000,0.062853,3.607633,0.305556,0.000000,3.615425
2941.000000,0.055303,3.618934,0.305556,0.000000,3.615685
2942.000000,0.030489,3.619332,0.305556,0.000000,3.615935
2943.000000,0.024132,3.621448,0.305556,0.000000,3.616178
2944.000000,0.027358,3.614245,0.305556,0.000000,3.616413
2945.000000,0.034543,3.616442,0.305556,0.000000,3.616639
2946.000000,0.062001,3.616707,0.305556,0.000000,3.616859
2947.000000,0.038449,3.625511,0.305556,0.000000,3.617071
2948.000000,0.044521,3.603105,0.305556,0.000000,3.617276
2949.000000,0.053385,3.612690,0.305556,0.000000,3.617475
2950.000000,0.006606,3.617695,0.305556,0.000000,3.617667
2951.000000,0.045097,3.612425,0.305556,0.000000,3.617853
2952.000000,0.024109,3.616741,0.305556,0.000000,3.618033
2953.000000,-0.020322,3.617576,0.305556,0.000000,3.618206
2954.000000,-0.012563,3.615086,0.305556,0.000000,3.618374
2955.000000,0.009638,3.618859,0.305556,0.000000,3.618537
2956.000000,0.040624,3.621835,0.305556,0.000000,3.618694
2957.000000,0.032276,3.617665,0.305556,0.000000,3.618846
2958.000000,0.033687,3.616727,0.305556,0.000000,3.618993
2959.000000,0.069019,3.618307,0.305556,0.000000,3.619136
2960.000000,0.004618,3.619236,0.305556,0.000000,3.619273
2961.000000,0.029451,3.610705,0.305556,0.000000,3.619406
2962.000000,0.036089,3.621843,0.305556,0.000000,3.619535
2963.000000,0.015275,3.617405,0.305556,0.000000,3.619660
2964.000000,0.030567,3.626088,0.305556,0.000000,3.619780
2965.000000,-0.001999,3.622852,0.305556,0.000000,3.619897
2966.000000,0.058198,3.625860,0.305556,0.000000,3.620009
2967.000000,0.016368,3.615063,0.305556,0.000000,3.620118
2968.000000,0.070628,3.618367,0.305556,0.000000,3.620224
2969.000000,0.029351,3.614113,0.305556,0.000000,3.620326
2970.000000,0.050561,3.616898,0.305556,0.000000,3.620424
2971.000000,0.028934,3.626780,0.305556,0.000000,3.620520
2972.000000,0.029385,3.628049,0.305556,0.000000,3.620612
2973.000000,0.018319,3.614960,0.305556,0.000000,3.620701
2974.000000,0.032382,3.618496,0.305556,0.000000,3.620787
2975.000000,0.036360,3.620490,0.305556,0.000000,3.620871
2976.000000,0.014315,3.623880,0.305556,0.000000,3.620952
2977.000000,0.027499,3.612231,0.305556,0.000000,3.621030
2978.000000,0.017798,3.613090,0.305556,0.000000,3.621105
2979.000000,0.075993,3.623626,0.305556,0.000000,3.621178
2980.000000,0.028205,3.611504,0.305556,0.000000,3.621249
2981.000000,0.060905,3.619083,0.305556,0.000000,3.621317
2982.000000,0.026088,3.622194,0.305556,0.000000,3.621383
2983.000000,0.035186,3.623526,0.305556,0.000000,3.621447
2984.000000,0.003573,3.620800,0.305556,0.000000,3.621509
2985.000000,0.021059,3.619740,0.305556,0.000000,3.621569
2986.000000,0.034211,3.625850,0.305556,0.000000,3.621627
2987.000000,0.061720,3.623109,0.305556,0.000000,3.621683
2988.000000,0.034440,3.618502,0.305556,0.000000,3.621737
2989.000000,0.057674,3.621978,0.305556,0.000000,3.621789
2990.000000,0.042815,3.623756,0.305556,0.000000,3.621840
2991.000000,0.062548,3.630480,0.305556,0.000000,3.621889
2992.000000,0.028819,3.625868,0.305556,0.000000,3.621936
2993.000000,0.077804,3.628055,0.305556,0.000000,3.621982
2994.000000,0.020292,3.618973,0.305556,0.000000,3.622026
2995.000000,0.014671,3.619448,0.305556,0.000000,3.622069
2996.000000,0.005799,3.620934,0.305556,0.000000,3.622110
2997.000000,0.076620,3.621433,0.305556,0.000000,3.622151
2998.000000,0.046389,3.617149,0.305556,0.000000,3.622189
2999.000000,0.023318,3.628557,0.305556,0.000000,3.622227
3000.000000,2.054980,3.606680,0.305556,2.000000,3.602263
3001.000000,2.043754,3.599620,0.305278,2.000000,3.601148
3002.000000,2.069323,3.603273,0.305000,2.000000,3.600064
3003.000000,1.999043,3.600125,0.304722,2.000000,3.599010
3004.000000,2.024693,3.601584,0.304444,2.000000,3.597985
3005.000000,2.020750,3.590267,0.304167,2.000000,3.596989
3006.000000,1.990526,3.595291,0.303889,2.000000,3.596019
3007.000000,2.051207,3.594786,0.303611,2.000000,3.595076
3008.000000,2.024592,3.597276,0.303333,2.000000,3.594158
3009.000000,2.044793,3.590123,0.303056,2.000000,3.593265
3010.000000,2.077195,3.579896,0.302778,2.000000,3.592396
3011.000000,2.022935,3.586141,0.302500,2.000000,3.591550
3012.000000,2.021577,3.590420,0.302222,2.000000,3.590726
3013.000000,2.032373,3.590243,0.301944,2.000000,3.589923
3014.000000,2.049745,3.597560,0.301667,2.000000,3.589142
3015.000000,2.018666,3.591294,0.301389,2.000000,3.588380
3016.000000,2.017381,3.588046,0.301111,2.000000,3.587638
3017.000000,2.051144,3.586753,0.300833,2.000000,3.586915
3018.000000,2.037573,3.591731,0.300556,2.000000,3.586210
3019.000000,1.989105,3.582573,0.300278,2.000000,3.585523
3020.000000,2.005492,3.584152,0.300000,2.000000,3.584853
3021.000000,2.060025,3.578725,0.299722,2.000000,3.584172
3022.000000,2.038039,3.590601,0.299444,2.000000,3.583506
3023.000000,2.014756,3.584819,0.299167,2.000000,3.582856
3024.000000,2.026592,3.578684,0.298889,2.000000,3.582221
3025.000000,2.030265,3.581028,0.298611,2.000000,3.581601
3026.000000,2.044715,3.583542,0.298333,2.000000,3.580994
3027.000000,2.002835,3.579147,0.298056,2.000000,3.580401
3028.000000,2.013181,3.577148,0.297778,2.000000,3.579821
3029.000000,2.035459,3.575982,0.297500,2.000000,3.579253
3030.000000,2.028003,3.580393,0.297222,2.000000,3.578698
3031.000000,2.041437,3.576365,0.296944,2.000000,3.578155
3032.000000,2.005410,3.575354,0.296667,2.000000,3.577623
3033.000000,2.037143,3.570422,0.296389,2.000000,3.577102
3034.000000,2.051832,3.576980,0.296111,2.000000,3.576592
3035.000000,2.039736,3.575186,0.295833,2.000000,3.576092
3036.000000,2.032782,3.573994,0.295556,2.000000,3.575602
3037.000000,2.028082,3.576116,0.295278,2.000000,3.575122
3038.000000,2.013303,3.578392,0.295000,2.000000,3.574652
3039.000000,2.028560,3.577698,0.294722,2.000000,3.574190
3040.000000,2.055194,3.576501,0.294444,2.000000,3.573737
3041.000000,2.027619,3.572089,0.294167,2.000000,3.573292
3042.000000,2.012204,3.570021,0.293889,2.000000,3.572856
3043.000000,2.020155,3.567208,0.293611,2.000000,3.572428
3044.000000,2.034017,3.569041,0.293333,2.000000,3.572007
3045.000000,2.022530,3.571692,0.293056,2.000000,3.571594
3046.000000,2.039706,3.567256,0.292778,2.000000,3.571188
3047.000000,2.040457,3.571269,0.292500,2.000000,3.570789
3048.000000,2.047780,3.565569,0.292222,2.000000,3.570396
3049.000000,2.058471,3.561705,0.291944,2.000000,3.570010
3050.000000,2.049917,3.573728,0.291667,2.000000,3.569631
3051.000000,2.011315,3.566885,0.291389,2.000000,3.569257
3052.000000,2.011929,3.564704,0.291111,2.000000,3.568890
3053.000000,2.028485,3.563058,0.290833,2.000000,3.568527
3054.000000,2.020976,3.570286,0.290556,2.000000,3.568171
3055.000000,2.007233,3.574694,0.290278,2.000000,3.567820
3056.000000,2.021166,3.565458,0.290000,2.000000,3.567474
3057.000000,2.020510,3.566055,0.289722,2.000000,3.567133
3058.000000,2.016563,3.572154,0.289444,2.000000,3.566796
3059.000000,2.023684,3.557412,0.289167,2.000000,3.566465
3060.000000,2.053569,3.575972,0.288889,2.000000,3.566137
3061.000000,2.033985,3.578035,0.288611,2.000000,3.565815
3062.000000,2.079436,3.551964,0.288333,2.000000,3.565496
3063.000000,2.033410,3.564694,0.288056,2.000000,3.565182
3064.000000,2.024199,3.561276,0.287778,2.000000,3.564871
3065.000000,2.030083,3.563240,0.287500,2.000000,3.564564
3066.000000,2.035130,3.562169,0.287222,2.000000,3.564261
3067.000000,2.038705,3.568020,0.286944,2.000000,3.563962
3068.000000,2.071534,3.563103,0.286667,2.000000,3.563665
3069.000000,2.013094,3.558818,0.286389,2.000000,3.563373
3070.000000,2.047181,3.562222,0.286111,2.000000,3.563083
3071.000000,2.034155,3.565371,0.285833,2.000000,3.562797
3072.000000,1.998578,3.556595,0.285556,2.000000,3.562513
3073.000000,2.045414,3.554002,0.285278,2.000000,3.562233
3074.000000,2.055352,3.571919,0.285000,2.000000,3.561955
3075.000000,2.012856,3.558468,0.284722,2.000000,3.561680
3076.000000,2.029821,3.560721,0.284444,2.000000,3.561408
3077.000000,1.995493,3.559149,0.284167,2.000000,3.561138
3078.000000,2.004824,3.563611,0.283889,2.000000,3.560871
3079.000000,2.050961,3.569470,0.283611,2.000000,3.560606
3080.000000,2.020672,3.563243,0.283333,2.000000,3.560343
3081.000000,2.007824,3.552491,0.283056,2.000000,3.560083
3082.000000,2.034589,3.552904,0.282778,2.000000,3.559825
3083.000000,2.019552,3.557574,0.282500,2.000000,3.559569
3084.000000,2.020584,3.557974,0.282222,2.000000,3.559315
3085.000000,2.044787,3.550453,0.281944,2.000000,3.559063
3086.000000,2.006765,3.562909,0.281667,2.000000,3.558812
3087.000000,2.011893,3.553132,0.281389,2.000000,3.558564
3088.000000,2.033082,3.565784,0.281111,2.000000,3.558317
3089.000000,2.049388,3.567176,0.280833,2.000000,3.558072
3090.000000,2.054763,3.556588,0.280556,2.000000,3.557829
3091.000000,2.016699,3.559782,0.280278,2.000000,3.557588
3092.000000,2.048748,3.551188,0.280000,2.000000,3.557347
3093.000000,2.014317,3.560227,0.279722,2.000000,3.557109
3094.000000,2.066524,3.554381,0.279444,2.000000,3.556872
3095.000000,2.007325,3.551200,0.279167,2.000000,3.556636
3096.000000,2.056570,3.554955,0.278889,2.000000,3.556401
3097.000000,2.016870,3.553840,0.278611,2.000000,3.556168
3098.000000,2.070265,3.554311,0.278333,2.000000,3.555937
3099.000000,2.041826,3.560454,0.278056,2.000000,3.555706
3100.000000,2.009680,3.551550,0.277778,2.000000,3.555476
3101.000000,2.019555,3.563923,0.277500,2.000000,3.555248
3102.000000,2.045624,3.548396,0.277222,2.000000,3.555021
3103.000000,2.051053,3.562872,0.276944,2.000000,3.554795
3104.000000,2.028586,3.549487,0.276667,2.000000,3.554570
3105.000000,2.030893,3.554341,0.276389,2.000000,3.554346
3106.000000,2.045167,3.551672,0.276111,2.000000,3.554123
3107.000000,2.032636,3.552182,0.275833,2.000000,3.553901
3108.000000,2.004130,3.557686,0.275556,2.000000,3.553679
3109.000000,2.013741,3.560958,0.275278,2.000000,3.553459
3110.000000,2.034702,3.559192,0.275000,2.000000,3.553239
3111.000000,2.054310,3.550997,0.274722,2.000000,3.553021
3112.000000,2.062320,3.553724,0.274444,2.000000,3.552803
3113.000000,2.045591,3.548675,0.274167,2.000000,3.552586
3114.000000,2.035746,3.547412,0.273889,2.000000,3.552369
3115.000000,2.044976,3.546422,0.273611,2.000000,3.552154
3116.000000,2.016665,3.549751,0.273333,2.000000,3.551939
3117.000000,2.026935,3.552973,0.273056,2.000000,3.551724
3118.000000,2.013517,3.541952,0.272778,2.000000,3.551511
3119.000000,2.005025,3.551066,0.272500,2.000000,3.551298
3120.000000,2.036671,3.558666,0.272222,2.000000,3.551085
3121.000000,2.033710,3.556483,0.271944,2.000000,3.550874
3122.000000,2.043753,3.547736,0.271667,2.000000,3.550662
3123.000000,2.040922,3.543467,0.271389,2.000000,3.550452
3124.000000,2.034853,3.552541,0.271111,2.000000,3.550242
3125.000000,2.041132,3.538445,0.270833,2.000000,3.550032
3126.000000,2.029146,3.555373,0.270556,2.000000,3.549823
3127.000000,2.038258,3.548546,0.270278,2.000000,3.549614
3128.000000,2.015477,3.558562,0.270000,2.000000,3.549406
3129.000000,2.037394,3.540563,0.269722,2.000000,3.549198
3130.000000,2.043368,3.553582,0.269444,2.000000,3.548991
3131.000000,2.016606,3.548281,0.269167,2.000000,3.548784
3132.000000,2.031037,3.546922,0.268889,2.000000,3.548577
3133.000000,2.017528,3.541522,0.268611,2.000000,3.548371
3134.000000,2.019470,3.551144,0.268333,2.000000,3.548166
3135.000000,2.007501,3.551341,0.268056,2.000000,3.547960
3136.000000,2.055315,3.556681,0.267778,2.000000,3.547755
3137.000000,2.051314,3.552591,0.267500,2.000000,3.547551
3138.000000,2.040749,3.544377,0.267222,2.000000,3.547346
3139.000000,2.069444,3.542123,0.266944,2.000000,3.547142
3140.000000,2.026215,3.540096,0.266667,2.000000,3.546939
3141.000000,2.090635,3.554101,0.266389,2.000000,3.546735
3142.000000,2.025449,3.542641,0.266111,2.000000,3.546532
3143.000000,2.035104,3.553731,0.265833,2.000000,3.546329
3144.000000,2.022044,3.548752,0.265556,2.000000,3.546127
3145.000000,2.037447,3.547574,0.265278,2.000000,3.545925
3146.000000,2.046712,3.544188,0.265000,2.000000,3.545723
3147.000000,2.027722,3.548824,0.264722,2.000000,3.545521
3148.000000,2.065534,3.545242,0.264444,2.000000,3.545319
3149.000000,2.034783,3.543272,0.264167,2.000000,3.545118
3150.000000,2.035410,3.548397,0.263889,2.000000,3.544917
3151.000000,2.011820,3.543996,0.263611,2.000000,3.544716
3152.000000,2.038370,3.540524,0.263333,2.000000,3.544516
3153.000000,2.027319,3.547314,0.263056,2.000000,3.544315
3154.000000,2.017835,3.543795,0.262778,2.000000,3.544115
3155.000000,2.014471,3.546360,0.262500,2.000000,3.543915
3156.000000,2.083435,3.541446,0.262222,2.000000,3.543715
3157.000000,2.024730,3.537470,0.261944,2.000000,3.543515
3158.000000,2.000860,3.551991,0.261667,2.000000,3.543316
3159.000000,2.016036,3.550850,0.261389,2.000000,3.543117
3160.000000,2.028969,3.547336,0.261111,2.000000,3.542917
3161.000000,2.040933,3.540779,0.260833,2.000000,3.542718
3162.000000,2.041096,3.541018,0.260556,2.000000,3.542520
3163.000000,2.043532,3.549232,0.260278,2.000000,3.542321
3164.000000,2.017103,3.540353,0.260000,2.000000,3.542122
3165.000000,2.036809,3.538761,0.259722,2.000000,3.541924
3166.000000,2.012479,3.551087,0.259444,2.000000,3.541725
3167.000000,2.017607,3.541289,0.259167,2.000000,3.541527
3168.000000,2.011646,3.550171,0.258889,2.000000,3.541329
3169.000000,2.006232,3.534139,0.258611,2.000000,3.541131
3170.000000,2.051284,3.543524,0.258333,2.000000,3.540933
3171.000000,2.043772,3.551091,0.258056,2.000000,3.540736
3172.000000,2.049533,3.540687,0.257778,2.000000,3.540538
3173.000000,2.030786,3.539021,0.257500,2.000000,3.540341
3174.000000,2.045536,3.534304,0.257222,2.000000,3.540143
3175.000000,1.994774,3.545358,0.256944,2.000000,3.539946
3176.000000,2.047262,3.535898,0.256667,2.000000,3.539749
3177.000000,2.033542,3.539077,0.256389,2.000000,3.539551
3178.000000,2.042542,3.533182,0.256111,2.000000,3.539354
3179.000000,2.037600,3.546942,0.255833,2.000000,3.539157
3180.000000,2.010259,3.544735,0.255556,2.000000,3.538961
3181.000000,2.000039,3.538606,0.255278,2.000000,3.538764
3182.000000,2.015759,3.532796,0.255000,2.000000,3.538567
3183.000000,2.041298,3.546050,0.254722,2.000000,3.538370
3184.000000,2.043802,3.536344,0.254444,2.000000,3.538174
3185.000000,2.002641,3.532451,0.254167,2.000000,3.537977
3186.000000,2.010378,3.528970,0.253889,2.000000,3.537781
3187.000000,2.015535,3.534355,0.253611,2.000000,3.537585
3188.000000,2.022854,3.530115,0.253333,2.000000,3.537388
3189.000000,2.002759,3.534078,0.253056,2.000000,3.537192
3190.000000,2.001559,3.540718,0.252778,2.000000,3.536996
3191.000000,2.013563,3.534923,0.252500,2.000000,3.536800
3192.000000,2.031725,3.538382,0.252222,2.000000,3.536604
3193.000000,2.006388,3.532791,0.251944,2.000000,3.536408
3194.000000,2.027684,3.536537,0.251667,2.000000,3.536212
3195.000000,2.051171,3.545620,0.251389,2.000000,3.536016
3196.000000,2.003964,3.534077,0.251111,2.000000,3.535820
3197.000000,2.025871,3.537546,0.250833,2.000000,3.535624
3198.000000,2.050495,3.527601,0.250556,2.000000,3.535428
3199.000000,2.021635,3.542833,0.250278,2.000000,3.535233
3200.000000,2.018527,3.532651,0.250000,2.000000,3.535037
3201.000000,2.053270,3.540094,0.249722,2.000000,3.534841
3202.000000,2.023876,3.534030,0.249444,2.000000,3.534646
3203.000000,2.052090,3.537508,0.249167,2.000000,3.534450
3204.000000,2.038579,3.537610,0.248889,2.000000,3.534254
3205.000000,2.023143,3.531797,0.248611,2.000000,3.534059
3206.000000,2.039594,3.539323,0.248333,2.000000,3.533863
3207.000000,2.036409,3.529873,0.248056,2.000000,3.533668
3208.000000,2.050418,3.537362,0.247778,2.000000,3.533473
3209.000000,2.019033,3.531326,0.247500,2.000000,3.533277
3210.000000,2.030824,3.534830,0.247222,2.000000,3.533082
3211.000000,2.028770,3.530577,0.246944,2.000000,3.532887
3212.000000,2.044083,3.532941,0.246667,2.000000,3.532691
3213.000000,2.009496,3.527123,0.246389,2.000000,3.532496
3214.000000,2.050340,3.533539,0.246111,2.000000,3.532301
3215.000000,2.039327,3.532327,0.245833,2.000000,3.532106
3216.000000,2.003661,3.529210,0.245556,2.000000,3.531910
3217.000000,2.054165,3.531440,0.245278,2.000000,3.531715
3218.000000,2.074682,3.532190,0.245000,2.000000,3.531520
3219.000000,2.050037,3.528243,0.244722,2.000000,3.531325
3220.000000,2.058540,3.530486,0.244444,2.000000,3.531130
3221.000000,2.031707,3.525907,0.244167,2.000000,3.530935
3222.000000,1.996770,3.542469,0.243889,2.000000,3.530740
3223.000000,1.993118,3.535840,0.243611,2.000000,3.530545
3224.000000,2.035102,3.531715,0.243333,2.000000,3.530350
3225.000000,2.018160,3.536015,0.243056,2.000000,3.530155
3226.000000,2.011708,3.520064,0.242778,2.000000,3.529960
3227.000000,2.028745,3.516977,0.242500,2.000000,3.529765
3228.000000,2.042312,3.527574,0.242222,2.000000,3.529570
3229.000000,2.000945,3.522482,0.241944,2.000000,3.529375
3230.000000,2.021022,3.527997,0.241667,2.000000,3.529180
3231.000000,2.060197,3.530014,0.241389,2.000000,3.528985
3232.000000,2.008494,3.533393,0.241111,2.000000,3.528790
3233.000000,2.047395,3.522904,0.240833,2.000000,3.528596
3234.000000,2.020305,3.530399,0.240556,2.000000,3.528401
3235.000000,2.040916,3.528278,0.240278,2.000000,3.528206
3236.000000,2.051947,3.529749,0.240000,2.000000,3.528011
3237.000000,2.044826,3.525217,0.239722,2.000000,3.527816
3238.000000,2.048183,3.534537,0.239444,2.000000,3.527621
3239.000000,2.006968,3.526909,0.239167,2.000000,3.527427
3240.000000,2.052273,3.536103,0.238889,2.000000,3.527232
3241.000000,2.012946,3.523085,0.238611,2.000000,3.527037
3242.000000,2.035191,3.530557,0.238333,2.000000,3.526842
3243.000000,2.035165,3.526349,0.238056,2.000000,3.526648
3244.000000,2.039702,3.524814,0.237778,2.000000,3.526453
3245.000000,2.036739,3.529420,0.237500,2.000000,3.526258
3246.000000,2.013124,3.524568,0.237222,2.000000,3.526064
3247.000000,2.003003,3.512559,0.236944,2.000000,3.525869
3248.000000,2.047447,3.510360,0.236667,2.000000,3.525674
3249.000000,2.033717,3.531842,0.236389,2.000000,3.525479
3250.000000,2.052988,3.531436,0.236111,2.000000,3.525285
3251.000000,2.029105,3.534527,0.235833,2.000000,3.525090
3252.000000,2.001897,3.524808,0.235556,2.000000,3.524895
3253.000000,2.049323,3.518238,0.235278,2.000000,3.524701
3254.000000,2.022593,3.522408,0.235000,2.000000,3.524506
3255.000000,2.036840,3.524369,0.234722,2.000000,3.524311
3256.000000,2.017051,3.519082,0.234444,2.000000,3.524117
3257.000000,2.062886,3.532165,0.234167,2.000000,3.523922
3258.000000,2.012469,3.534925,0.233889,2.000000,3.523728
3259.000000,2.023251,3.525924,0.233611,2.000000,3.523533
3260.000000,2.032149,3.523284,0.233333,2.000000,3.523338
3261.000000,2.008156,3.516669,0.233056,2.000000,3.523144
3262.000000,2.036610,3.530681,0.232778,2.000000,3.522949
3263.000000,2.062238,3.523136,0.232500,2.000000,3.522755
3264.000000,2.020191,3.521114,0.232222,2.000000,3.522560
3265.000000,2.037903,3.524771,0.231944,2.000000,3.522365
3266.000000,1.975011,3.519242,0.231667,2.000000,3.522171
3267.000000,2.029221,3.522711,0.231389,2.000000,3.521976
3268.000000,2.023739,3.514569,0.231111,2.000000,3.521782
3269.000000,2.013630,3.527022,0.230833,2.000000,3.521587
3270.000000,2.051629,3.520870,0.230556,2.000000,3.521392
3271.000000,2.023475,3.526992,0.230278,2.000000,3.521198
3272.000000,2.026450,3.519998,0.230000,2.000000,3.521003
3273.000000,2.022456,3.520128,0.229722,2.000000,3.520809
3274.000000,1.991664,3.514553,0.229444,2.000000,3.520614
3275.000000,2.007360,3.524218,0.229167,2.000000,3.520420
3276.000000,2.049222,3.515846,0.228889,2.000000,3.520225
3277.000000,1.987801,3.517598,0.228611,2.000000,3.520031
3278.000000,2.014674,3.519841,0.228333,2.000000,3.519836
3279.000000,2.022006,3.520248,0.228056,2.000000,3.519642
3280.000000,2.064872,3.510917,0.227778,2.000000,3.519447
3281.000000,2.045372,3.518098,0.227500,2.000000,3.519252
3282.000000,2.018857,3.523034,0.227222,2.000000,3.519058
3283.000000,2.056090,3.516972,0.226944,2.000000,3.518863
3284.000000,2.015190,3.517545,0.226667,2.000000,3.518669
3285.000000,2.050182,3.519286,0.226389,2.000000,3.518474
3286.000000,2.002822,3.517650,0.226111,2.000000,3.518280
3287.000000,2.051465,3.512933,0.225833,2.000000,3.518085
3288.000000,2.021877,3.517709,0.225556,2.000000,3.517891
3289.000000,2.009430,3.522667,0.225278,2.000000,3.517696
3290.000000,2.025657,3.512246,0.225000,2.000000,3.517502
3291.000000,2.035547,3.515435,0.224722,2.000000,3.517307
3292.000000,2.020105,3.510205,0.224444,2.000000,3.517113
3293.000000,2.041079,3.521625,0.224167,2.000000,3.516918
3294.000000,2.018340,3.516262,0.223889,2.000000,3.516724
3295.000000,2.042407,3.512278,0.223611,2.000000,3.516529
3296.000000,2.038844,3.516796,0.223333,2.000000,3.516335
3297.000000,2.028782,3.510122,0.223056,2.000000,3.516140
3298.000000,2.021172,3.510778,0.222778,2.000000,3.515946
3299.000000,2.033031,3.508451,0.222500,2.000000,3.515751
3300.000000,2.041005,3.510223,0.222222,2.000000,3.515557
3301.000000,2.071236,3.522149,0.221944,2.000000,3.515362
3302.000000,2.048788,3.511502,0.221667,2.000000,3.515168
3303.000000,2.049520,3.517305,0.221389,2.000000,3.514973
3304.000000,2.091770,3.510597,0.221111,2.000000,3.514779
3305.000000,2.040319,3.518382,0.220833,2.000000,3.514584
3306.000000,2.039693,3.509260,0.220556,2.000000,3.514390
3307.000000,2.044080,3.514392,0.220278,2.000000,3.514195
3308.000000,2.009821,3.514265,0.220000,2.000000,3.514001
3309.000000,2.021122,3.525446,0.219722,2.000000,3.513807
3310.000000,2.019877,3.516764,0.219444,2.000000,3.513612
3311.000000,2.042952,3.510453,0.219167,2.000000,3.513418
3312.000000,2.026517,3.516648,0.218889,2.000000,3.513223
3313.000000,2.032764,3.523720,0.218611,2.000000,3.513029
3314.000000,2.051749,3.504686,0.218333,2.000000,3.512834
3315.000000,2.047263,3.508427,0.218056,2.000000,3.512640
3316.000000,2.026766,3.511261,0.217778,2.000000,3.512445
3317.000000,2.016600,3.510165,0.217500,2.000000,3.512251
3318.000000,2.052705,3.510392,0.217222,2.000000,3.512056
3319.000000,2.045478,3.505341,0.216944,2.000000,3.511862
3320.000000,1.997875,3.518687,0.216667,2.000000,3.511667
3321.000000,2.023737,3.504360,0.216389,2.000000,3.511473
3322.000000,2.033310,3.510277,0.216111,2.000000,3.511278
3323.000000,2.045577,3.516313,0.215833,2.000000,3.511084
3324.000000,2.048202,3.510739,0.215556,2.000000,3.510889
3325.000000,2.035678,3.505798,0.215278,2.000000,3.510695
3326.000000,2.041705,3.503757,0.215000,2.000000,3.510501
3327.000000,2.031283,3.509156,0.214722,2.000000,3.510306
3328.000000,2.016523,3.506326,0.214444,2.000000,3.510112
3329.000000,2.024775,3.510943,0.214167,2.000000,3.509917
3330.000000,2.030380,3.502715,0.213889,2.000000,3.509723
3331.000000,2.029306,3.513593,0.213611,2.000000,3.509528
3332.000000,1.992289,3.509912,0.213333,2.000000,3.509334
3333.000000,2.022050,3.510089,0.213056,2.000000,3.509139
3334.000000,2.031124,3.516150,0.212778,2.000000,3.508945
3335.000000,2.024373,3.506561,0.212500,2.000000,3.508750
3336.000000,2.025064,3.504927,0.212222,2.000000,3.508556
3337.000000,2.039760,3.505623,0.211944,2.000000,3.508361
3338.000000,2.008421,3.507204,0.211667,2.000000,3.508167
3339.000000,1.997439,3.507518,0.211389,2.000000,3.507973
3340.000000,2.023037,3.503625,0.211111,2.000000,3.507778
3341.000000,2.045282,3.497468,0.210833,2.000000,3.507584
3342.000000,2.063751,3.504585,0.210556,2.000000,3.507389
3343.000000,2.045643,3.508994,0.210278,2.000000,3.507195
3344.000000,2.000635,3.507682,0.210000,2.000000,3.507000
3345.000000,2.025353,3.512804,0.209722,2.000000,3.506806
3346.000000,2.035133,3.516389,0.209444,2.000000,3.506611
3347.000000,2.033552,3.510214,0.209167,2.000000,3.506417
3348.000000,2.040786,3.513135,0.208889,2.000000,3.506222
3349.000000,2.011659,3.509862,0.208611,2.000000,3.506028
3350.000000,2.031299,3.514383,0.208333,2.000000,3.505834
3351.000000,2.038406,3.514893,0.208056,2.000000,3.505639
3352.000000,2.046513,3.510201,0.207778,2.000000,3.505445
3353.000000,2.013886,3.508782,0.207500,2.000000,3.505250
3354.000000,2.023097,3.504030,0.207222,2.000000,3.505056
3355.000000,1.975924,3.504655,0.206944,2.000000,3.504861
3356.000000,2.017571,3.502978,0.206667,2.000000,3.504667
3357.000000,2.019512,3.507579,0.206389,2.000000,3.504472
3358.000000,2.009608,3.500676,0.206111,2.000000,3.504278
3359.000000,2.033312,3.503128,0.205833,2.000000,3.504084
3360.000000,2.028881,3.492113,0.205556,2.000000,3.503889
3361.000000,1.984816,3.512310,0.205278,2.000000,3.503695
3362.000000,2.034310,3.502398,0.205000,2.000000,3.503500
3363.000000,2.011434,3.505584,0.204722,2.000000,3.503306
3364.000000,2.039714,3.510400,0.204444,2.000000,3.503111
3365.000000,2.004363,3.504418,0.204167,2.000000,3.502917
3366.000000,2.030600,3.509944,0.203889,2.000000,3.502722
3367.000000,2.024337,3.496319,0.203611,2.000000,3.502528
3368.000000,2.036062,3.514320,0.203333,2.000000,3.502333
3369.000000,2.032494,3.507575,0.203056,2.000000,3.502139
3370.000000,2.024897,3.502991,0.202778,2.000000,3.501945
3371.000000,1.999275,3.508876,0.202500,2.000000,3.501750
3372.000000,2.000456,3.495713,0.202222,2.000000,3.501556
3373.000000,2.018322,3.499918,0.201944,2.000000,3.501361
3374.000000,2.029834,3.508388,0.201667,2.000000,3.501167
3375.000000,2.017835,3.491637,0.201389,2.000000,3.500972
3376.000000,2.042504,3.503580,0.201111,2.000000,3.500778
3377.000000,2.024416,3.503244,0.200833,2.000000,3.500583
3378.000000,2.010700,3.510235,0.200556,2.000000,3.500389
3379.000000,2.024438,3.492280,0.200278,2.000000,3.500195
3380.000000,2.034517,3.508048,0.200000,2.000000,3.500000
3381.000000,2.036498,3.496647,0.199722,2.000000,3.499445
3382.000000,2.067568,3.496654,0.199444,2.000000,3.498889
3383.000000,2.016622,3.492223,0.199167,2.000000,3.498333
3384.000000,2.028530,3.492339,0.198889,2.000000,3.497778
3385.000000,2.038522,3.499240,0.198611,2.000000,3.497222
3386.000000,2.029532,3.491105,0.198333,2.000000,3.496667
3387.000000,2.019988,3.499813,0.198056,2.000000,3.496111
3388.000000,1.999015,3.492241,0.197778,2.000000,3.495556
3389.000000,2.019783,3.488935,0.197500,2.000000,3.495000
3390.000000,2.008526,3.491805,0.197222,2.000000,3.494445
3391.000000,1.995468,3.495572,0.196944,2.000000,3.493889
3392.000000,2.014086,3.491947,0.196667,2.000000,3.493333
3393.000000,2.009058,3.492949,0.196389,2.000000,3.492778
3394.000000,2.041676,3.495703,0.196111,2.000000,3.492222
3395.000000,2.042022,3.497079,0.195833,2.000000,3.491667
3396.000000,2.011922,3.489561,0.195556,2.000000,3.491111
3397.000000,2.024795,3.485334,0.195278,2.000000,3.490556
3398.000000,1.992835,3.490381,0.195000,2.000000,3.490000
3399.000000,2.020113,3.491798,0.194722,2.000000,3.489444
3400.000000,2.037980,3.481585,0.194444,2.000000,3.488889
3401.000000,2.046499,3.483880,0.194167,2.000000,3.488333
3402.000000,2.015739,3.484182,0.193889,2.000000,3.487778
3403.000000,2.051037,3.486183,0.193611,2.000000,3.487222
3404.000000,1.999686,3.482862,0.193333,2.000000,3.486667
3405.000000,2.005047,3.489646,0.193056,2.000000,3.486111
3406.000000,2.044193,3.477530,0.192778,2.000000,3.485556
3407.000000,2.063422,3.477101,0.192500,2.000000,3.485000
3408.000000,2.039869,3.482775,0.192222,2.000000,3.484444
3409.000000,2.029193,3.483011,0.191944,2.000000,3.483889
3410.000000,1.986096,3.476060,0.191667,2.000000,3.483333
3411.000000,1.989551,3.479744,0.191389,2.000000,3.482778
3412.000000,2.032588,3.480217,0.191111,2.000000,3.482222
3413.000000,2.022839,3.479700,0.190833,2.000000,3.481667
3414.000000,2.007883,3.481871,0.190556,2.000000,3.481111
3415.000000,2.031311,3.477248,0.190278,2.000000,3.480556
3416.000000,2.032303,3.487389,0.190000,2.000000,3.480000
3417.000000,2.048888,3.481885,0.189722,2.000000,3.479444
3418.000000,2.032732,3.474853,0.189444,2.000000,3.478889
3419.000000,2.054568,3.478806,0.189167,2.000000,3.478333
3420.000000,2.030160,3.478398,0.188889,2.000000,3.477778
3421.000000,2.027693,3.483296,0.188611,2.000000,3.477222
3422.000000,2.051286,3.473665,0.188333,2.000000,3.476667
3423.000000,2.010431,3.479948,0.188056,2.000000,3.476111
3424.000000,2.086289,3.475765,0.187778,2.000000,3.475556
3425.000000,2.037505,3.482458,0.187500,2.000000,3.475000
3426.000000,2.037617,3.480899,0.187222,2.000000,3.474444
3427.000000,2.040502,3.474874,0.186944,2.000000,3.473889
3428.000000,2.067543,3.472022,0.186667,2.000000,3.473333
3429.000000,2.045850,3.475311,0.186389,2.000000,3.472778
3430.000000,1.997899,3.471320,0.186111,2.000000,3.472222
3431.000000,2.058069,3.480068,0.185833,2.000000,3.471667
3432.000000,2.023182,3.471503,0.185556,2.000000,3.471111
3433.000000,2.032143,3.468527,0.185278,2.000000,3.470556
3434.000000,2.004415,3.467702,0.185000,2.000000,3.470000
3435.000000,2.040524,3.463379,0.184722,2.000000,3.469444
3436.000000,2.016973,3.471672,0.184444,2.000000,3.468889
3437.000000,2.032003,3.464233,0.184167,2.000000,3.468333
3438.000000,2.024318,3.473269,0.183889,2.000000,3.467778
3439.000000,2.068500,3.460758,0.183611,2.000000,3.467222
3440.000000,2.069645,3.467303,0.183333,2.000000,3.466667
3441.000000,2.030930,3.471862,0.183056,2.000000,3.466111
3442.000000,2.031280,3.454794,0.182778,2.000000,3.465556
3443.000000,2.022531,3.475091,0.182500,2.000000,3.465000
3444.000000,2.052120,3.462318,0.182222,2.000000,3.464444
3445.000000,2.023422,3.464594,0.181944,2.000000,3.463889
3446.000000,2.021573,3.466191,0.181667,2.000000,3.463333
3447.000000,2.049572,3.466408,0.181389,2.000000,3.462778
3448.000000,2.019234,3.463592,0.181111,2.000000,3.462222
3449.000000,2.029245,3.466654,0.180833,2.000000,3.461667
3450.000000,1.998374,3.463706,0.180556,2.000000,3.461111
3451.000000,2.044084,3.469360,0.180278,2.000000,3.460556
3452.000000,2.068817,3.462612,0.180000,2.000000,3.460000
3453.000000,2.044425,3.469268,0.179722,2.000000,3.459444
3454.000000,2.059236,3.463394,0.179444,2.000000,3.458889
3455.000000,2.013078,3.449305,0.179167,2.000000,3.458333
3456.000000,2.034726,3.470833,0.178889,2.000000,3.457778
3457.000000,2.011137,3.454351,0.178611,2.000000,3.457222
3458.000000,2.025445,3.464144,0.178333,2.000000,3.456667
3459.000000,2.045444,3.456245,0.178056,2.000000,3.456111
3460.000000,2.032036,3.460861,0.177778,2.000000,3.455556
3461.000000,2.001747,3.451558,0.177500,2.000000,3.455000
3462.000000,2.003699,3.457573,0.177222,2.000000,3.454444
3463.000000,2.002377,3.452623,0.176944,2.000000,3.453889
3464.000000,2.039829,3.461228,0.176667,2.000000,3.453333
3465.000000,2.071278,3.454971,0.176389,2.000000,3.452778
3466.000000,2.057249,3.456902,0.176111,2.000000,3.452222
3467.000000,1.992080,3.440846,0.175833,2.000000,3.451667
3468.000000,2.058422,3.450683,0.175556,2.000000,3.451111
3469.000000,2.048728,3.452608,0.175278,2.000000,3.450556
3470.000000,1.999094,3.451118,0.175000,2.000000,3.450000
3471.000000,2.023936,3.454250,0.174722,2.000000,3.449444
3472.000000,2.051910,3.447059,0.174444,2.000000,3.448889
3473.000000,2.041009,3.448577,0.174167,2.000000,3.448333
3474.000000,2.003818,3.453684,0.173889,2.000000,3.447778
3475.000000,2.042215,3.435829,0.173611,2.000000,3.447222
3476.000000,1.987250,3.449613,0.173333,2.000000,3.446667
3477.000000,2.025544,3.444442,0.173056,2.000000,3.446111
3478.000000,2.052759,3.440994,0.172778,2.000000,3.445556
3479.000000,2.030368,3.446683,0.172500,2.000000,3.445000
3480.000000,2.020021,3.450582,0.172222,2.000000,3.444444
3481.000000,2.047787,3.449085,0.171944,2.000000,3.443889
3482.000000,2.049495,3.442658,0.171667,2.000000,3.443333
3483.000000,2.056201,3.447156,0.171389,2.000000,3.442778
3484.000000,2.047487,3.446563,0.171111,2.000000,3.442222
3485.000000,2.051627,3.441230,0.170833,2.000000,3.441667
3486.000000,2.044658,3.437646,0.170556,2.000000,3.441111
3487.000000,2.035311,3.437379,0.170278,2.000000,3.440556
3488.000000,2.031790,3.444189,0.170000,2.000000,3.440000
3489.000000,2.025255,3.439234,0.169722,2.000000,3.439444
3490.000000,2.005753,3.433658,0.169444,2.000000,3.438889
3491.000000,2.010894,3.429909,0.169167,2.000000,3.438333
3492.000000,2.024360,3.441937,0.168889,2.000000,3.437778
3493.000000,2.034829,3.434488,0.168611,2.000000,3.437222
3494.000000,2.058816,3.438319,0.168333,2.000000,3.436667
3495.000000,2.029164,3.442310,0.168056,2.000000,3.436111
3496.000000,2.050070,3.429011,0.167778,2.000000,3.435556
3497.000000,2.051586,3.434774,0.167500,2.000000,3.435000
3498.000000,2.025371,3.433591,0.167222,2.000000,3.434444
3499.000000,2.041894,3.435788,0.166944,2.000000,3.433889
3500.000000,0.025129,3.459529,0.166667,0.000000,3.453333
3501.000000,0.056443,3.447670,0.166667,0.000000,3.454317
3502.000000,0.042717,3.458117,0.166667,0.000000,3.455268
3503.000000,0.006190,3.461346,0.166667,0.000000,3.456188
3504.000000,0.033230,3.456146,0.166667,0.000000,3.457078
3505.000000,0.062962,3.457252,0.166667,0.000000,3.457939
3506.000000,0.026375,3.460864,0.166667,0.000000,3.458771
3507.000000,0.038954,3.461301,0.166667,0.000000,3.459577
3508.000000,0.040918,3.463267,0.166667,0.000000,3.460355
3509.000000,0.009268,3.463915,0.166667,0.000000,3.461109
3510.000000,0.040214,3.456928,0.166667,0.000000,3.461837
3511.000000,0.002123,3.467493,0.166667,0.000000,3.462542
3512.000000,0.017488,3.469058,0.166667,0.000000,3.463224
3513.000000,0.051514,3.464813,0.166667,0.000000,3.463883
3514.000000,0.037135,3.457050,0.166667,0.000000,3.464521
3515.000000,0.023910,3.464564,0.166667,0.000000,3.465137
3516.000000,0.038929,3.466706,0.166667,0.000000,3.465734
3517.000000,0.028798,3.460588,0.166667,0.000000,3.466311
3518.000000,0.030252,3.465068,0.166667,0.000000,3.466869
3519.000000,0.043136,3.460362,0.166667,0.000000,3.467409
3520.000000,0.015453,3.470967,0.166667,0.000000,3.467931
3521.000000,0.030807,3.469266,0.166667,0.000000,3.468436
3522.000000,0.023755,3.460695,0.166667,0.000000,3.468924
3523.000000,-0.001712,3.471154,0.166667,0.000000,3.469397
3524.000000,0.011591,3.469571,0.166667,0.000000,3.469853
3525.000000,0.061364,3.472877,0.166667,0.000000,3.470295
3526.000000,0.037694,3.468765,0.166667,0.000000,3.470723
3527.000000,0.003528,3.467129,0.166667,0.000000,3.471136
3528.000000,-0.000807,3.467682,0.166667,0.000000,3.471536
3529.000000,0.027757,3.469232,0.166667,0.000000,3.471923
3530.000000,0.061224,3.472391,0.166667,0.000000,3.472297
3531.000000,0.026265,3.473399,0.166667,0.000000,3.472659
3532.000000,0.056140,3.472055,0.166667,0.000000,3.473009
3533.000000,0.037039,3.471231,0.166667,0.000000,3.473347
3534.000000,0.039425,3.471918,0.166667,0.000000,3.473675
3535.000000,0.003286,3.486530,0.166667,0.000000,3.473991
3536.000000,0.048750,3.470444,0.166667,0.000000,3.474298
3537.000000,0.023301,3.471804,0.166667,0.000000,3.474594
3538.000000,0.047262,3.491350,0.166667,0.000000,3.474880
3539.000000,0.013717,3.477262,0.166667,0.000000,3.475157
3540.000000,0.033541,3.468526,0.166667,0.000000,3.475425
3541.000000,0.037040,3.479898,0.166667,0.000000,3.475685
3542.000000,0.026919,3.471385,0.166667,0.000000,3.475935
3543.000000,0.038091,3.480723,0.166667,0.000000,3.476178
3544.000000,0.024672,3.475358,0.166667,0.000000,3.476413
3545.000000,0.017019,3.474440,0.166667,0.000000,3.476639
3546.000000,0.062110,3.484905,0.166667,0.000000,3.476859
3547.000000,0.050979,3.479903,0.166667,0.000000,3.477071
3548.000000,0.014783,3.482141,0.166667,0.000000,3.477276
3549.000000,0.041369,3.479650,0.166667,0.000000,3.477475
3550.000000,0.015146,3.475445,0.166667,0.000000,3.477667
3551.000000,0.006306,3.480910,0.166667,0.000000,3.477853
3552.000000,0.050676,3.484079,0.166667,0.000000,3.478033
3553.000000,-0.004082,3.478880,0.166667,0.000000,3.478206
3554.000000,0.048537,3.487383,0.166667,0.000000,3.478374
3555.000000,0.024946,3.482789,0.166667,0.000000,3.478537
3556.000000,0.025769,3.479754,0.166667,0.000000,3.478694
3557.000000,0.038195,3.480104,0.166667,0.000000,3.478846
3558.000000,0.041624,3.479680,0.166667,0.000000,3.478993
3559.000000,0.013473,3.472879,0.166667,0.000000,3.479136
3560.000000,0.044355,3.478823,0.166667,0.000000,3.479273
3561.000000,0.032267,3.480512,0.166667,0.000000,3.479406
3562.000000,0.004879,3.477455,0.166667,0.000000,3.479535
3563.000000,0.026603,3.481348,0.166667,0.000000,3.479660
3564.000000,0.057626,3.479887,0.166667,0.000000,3.479780
3565.000000,0.063532,3.483765,0.166667,0.000000,3.479897
3566.000000,0.044347,3.483325,0.166667,0.000000,3.480009
3567.000000,0.006193,3.480954,0.166667,0.000000,3.480118
3568.000000,0.039812,3.473388,0.166667,0.000000,3.480224
3569.000000,0.047017,3.489279,0.166667,0.000000,3.480326
3570.000000,0.044514,3.479715,0.166667,0.000000,3.480424
3571.000000,0.045699,3.480115,0.166667,0.000000,3.480520
3572.000000,0.037265,3.478899,0.166667,0.000000,3.480612
3573.000000,0.028552,3.478259,0.166667,0.000000,3.480701
3574.000000,0.017833,3.488508,0.166667,0.000000,3.480787
3575.000000,-0.007959,3.487801,0.166667,0.000000,3.480871
3576.000000,0.036793,3.483173,0.166667,0.000000,3.480952
3577.000000,0.033721,3.480492,0.166667,0.000000,3.481030
3578.000000,0.041152,3.484201,0.166667,0.000000,3.481105
3579.000000,0.003249,3.481547,0.166667,0.000000,3.481178
3580.000000,0.042900,3.480298,0.166667,0.000000,3.481249
3581.000000,0.071091,3.483008,0.166667,0.000000,3.481317
3582.000000,0.031569,3.479177,0.166667,0.000000,3.481383
3583.000000,0.028767,3.482709,0.166667,0.000000,3.481447
3584.000000,0.036180,3.482530,0.166667,0.000000,3.481509
3585.000000,0.070647,3.484584,0.166667,0.000000,3.481569
3586.000000,0.009527,3.478531,0.166667,0.000000,3.481627
3587.000000,0.034064,3.485233,0.166667,0.000000,3.481683
3588.000000,0.014007,3.477205,0.166667,0.000000,3.481737
3589.000000,0.019060,3.478926,0.166667,0.000000,3.481789
3590.000000,0.029008,3.479195,0.166667,0.000000,3.481840
3591.000000,0.056946,3.476528,0.166667,0.000000,3.481889
3592.000000,0.066020,3.487014,0.166667,0.000000,3.481936
3593.000000,0.038963,3.477137,0.166667,0.000000,3.481982
3594.000000,0.022468,3.478532,0.166667,0.000000,3.482026
3595.000000,0.079855,3.488346,0.166667,0.000000,3.482069
3596.000000,0.021449,3.479258,0.166667,0.000000,3.482110
3597.000000,0.018577,3.481210,0.166667,0.000000,3.482151
3598.000000,-0.005499,3.477129,0.166667,0.000000,3.482189
3599.000000,0.057922,3.486392,0.166667,0.000000,3.482227
