time_s,current_A,true_soc,v1_V,terminal_voltage_V
0.000000,2.000000,1.000000,0.000000,4.130000
1.000000,2.000000,0.999722,0.000984,4.128461
2.000000,2.000000,0.999444,0.001935,4.126954
3.000000,2.000000,0.999167,0.002855,4.125478
4.000000,2.000000,0.998889,0.003745,4.124033
5.000000,2.000000,0.998611,0.004606,4.122617
6.000000,2.000000,0.998333,0.005438,4.121229
7.000000,2.000000,0.998056,0.006243,4.119868
8.000000,2.000000,0.997778,0.007022,4.118533
9.000000,2.000000,0.997500,0.007775,4.117225
10.000000,2.000000,0.997222,0.008504,4.115940
11.000000,2.000000,0.996944,0.009209,4.114680
12.000000,2.000000,0.996667,0.009890,4.113443
13.000000,2.000000,0.996389,0.010550,4.112228
14.000000,2.000000,0.996111,0.011187,4.111035
15.000000,2.000000,0.995833,0.011804,4.109863
16.000000,2.000000,0.995556,0.012401,4.108710
17.000000,2.000000,0.995278,0.012978,4.107578
18.000000,2.000000,0.995000,0.013536,4.106464
19.000000,2.000000,0.994722,0.014075,4.105369
20.000000,2.000000,0.994444,0.014597,4.104291
21.000000,2.000000,0.994167,0.015102,4.103231
22.000000,2.000000,0.993889,0.015591,4.102187
23.000000,2.000000,0.993611,0.016063,4.101159
24.000000,2.000000,0.993333,0.016520,4.100147
25.000000,2.000000,0.993056,0.016962,4.099149
26.000000,2.000000,0.992778,0.017389,4.098166
27.000000,2.000000,0.992500,0.017803,4.097197
28.000000,2.000000,0.992222,0.018203,4.096242
29.000000,2.000000,0.991944,0.018590,4.095299
30.000000,2.000000,0.991667,0.018964,4.094370
31.000000,2.000000,0.991389,0.019325,4.093452
32.000000,2.000000,0.991111,0.019675,4.092547
33.000000,2.000000,0.990833,0.020014,4.091653
34.000000,2.000000,0.990556,0.020341,4.090770
35.000000,2.000000,0.990278,0.020658,4.089898
36.000000,2.000000,0.990000,0.020964,4.089036
37.000000,2.000000,0.989722,0.021260,4.088184
38.000000,2.000000,0.989444,0.021547,4.087342
39.000000,2.000000,0.989167,0.021824,4.086509
40.000000,2.000000,0.988889,0.022092,4.085686
41.000000,2.000000,0.988611,0.022351,4.084871
42.000000,2.000000,0.988333,0.022602,4.084065
43.000000,2.000000,0.988056,0.022845,4.083266
44.000000,2.000000,0.987778,0.023079,4.082476
45.000000,2.000000,0.987500,0.023306,4.081694
46.000000,2.000000,0.987222,0.023526,4.080919
47.000000,2.000000,0.986944,0.023738,4.080151
48.000000,2.000000,0.986667,0.023943,4.079390
49.000000,2.000000,0.986389,0.024142,4.078636
50.000000,2.000000,0.986111,0.024334,4.077888
51.000000,2.000000,0.985833,0.024519,4.077147
52.000000,2.000000,0.985556,0.024699,4.076412
53.000000,2.000000,0.985278,0.024873,4.075683
54.000000,2.000000,0.985000,0.025041,4.074959
55.000000,2.000000,0.984722,0.025204,4.074241
56.000000,2.000000,0.984444,0.025361,4.073528
57.000000,2.000000,0.984167,0.025513,4.072820
58.000000,2.000000,0.983889,0.025660,4.072118
59.000000,2.000000,0.983611,0.025802,4.071420
60.000000,2.000000,0.983333,0.025940,4.070727
61.000000,2.000000,0.983056,0.026073,4.070038
62.000000,2.000000,0.982778,0.026202,4.069354
63.000000,2.000000,0.982500,0.026326,4.068674
64.000000,2.000000,0.982222,0.026447,4.067998
65.000000,2.000000,0.981944,0.026563,4.067326
66.000000,2.000000,0.981667,0.026676,4.066657
67.000000,2.000000,0.981389,0.026785,4.065993
68.000000,2.000000,0.981111,0.026890,4.065332
69.000000,2.000000,0.980833,0.026992,4.064674
70.000000,2.000000,0.980556,0.027091,4.064020
71.000000,2.000000,0.980278,0.027186,4.063369
72.000000,2.000000,0.980000,0.027278,4.062722
73.000000,2.000000,0.979722,0.027368,4.062077
74.000000,2.000000,0.979444,0.027454,4.061435
75.000000,2.000000,0.979167,0.027537,4.060796
76.000000,2.000000,0.978889,0.027618,4.060160
77.000000,2.000000,0.978611,0.027696,4.059526
78.000000,2.000000,0.978333,0.027772,4.058895
79.000000,2.000000,0.978056,0.027845,4.058266
80.000000,2.000000,0.977778,0.027915,4.057640
81.000000,2.000000,0.977500,0.027984,4.057016
82.000000,2.000000,0.977222,0.028050,4.056395
83.000000,2.000000,0.976944,0.028114,4.055775
84.000000,2.000000,0.976667,0.028176,4.055158
85.000000,2.000000,0.976389,0.028236,4.054542
86.000000,2.000000,0.976111,0.028293,4.053929
87.000000,2.000000,0.975833,0.028349,4.053317
88.000000,2.000000,0.975556,0.028403,4.052708
89.000000,2.000000,0.975278,0.028456,4.052100
90.000000,2.000000,0.975000,0.028506,4.051494
91.000000,2.000000,0.974722,0.028555,4.050889
92.000000,2.000000,0.974444,0.028603,4.050286
93.000000,2.000000,0.974167,0.028649,4.049685
94.000000,2.000000,0.973889,0.028693,4.049085
95.000000,2.000000,0.973611,0.028736,4.048487
96.000000,2.000000,0.973333,0.028777,4.047890
97.000000,2.000000,0.973056,0.028817,4.047294
98.000000,2.000000,0.972778,0.028856,4.046700
99.000000,2.000000,0.972500,0.028894,4.046106
100.000000,2.000000,0.972222,0.028930,4.045515
101.000000,2.000000,0.971944,0.028965,4.044924
102.000000,2.000000,0.971667,0.028999,4.044335
103.000000,2.000000,0.971389,0.029032,4.043746
104.000000,2.000000,0.971111,0.029063,4.043159
105.000000,2.000000,0.970833,0.029094,4.042573
106.000000,2.000000,0.970556,0.029124,4.041987
107.000000,2.000000,0.970278,0.029153,4.041403
108.000000,2.000000,0.970000,0.029180,4.040820
109.000000,2.000000,0.969722,0.029207,4.040237
110.000000,2.000000,0.969444,0.029233,4.039656
111.000000,2.000000,0.969167,0.029258,4.039075
112.000000,2.000000,0.968889,0.029283,4.038495
113.000000,2.000000,0.968611,0.029306,4.037916
114.000000,2.000000,0.968333,0.029329,4.037338
115.000000,2.000000,0.968056,0.029351,4.036760
116.000000,2.000000,0.967778,0.029372,4.036183
117.000000,2.000000,0.967500,0.029393,4.035607
118.000000,2.000000,0.967222,0.029413,4.035032
119.000000,2.000000,0.966944,0.029432,4.034457
120.000000,2.000000,0.966667,0.029451,4.033883
121.000000,2.000000,0.966389,0.029469,4.033309
122.000000,2.000000,0.966111,0.029486,4.032736
123.000000,2.000000,0.965833,0.029503,4.032164
124.000000,2.000000,0.965556,0.029519,4.031592
125.000000,2.000000,0.965278,0.029535,4.031021
126.000000,2.000000,0.965000,0.029550,4.030450
127.000000,2.000000,0.964722,0.029565,4.029880
128.000000,2.000000,0.964444,0.029579,4.029310
129.000000,2.000000,0.964167,0.029593,4.028740
130.000000,2.000000,0.963889,0.029606,4.028171
131.000000,2.000000,0.963611,0.029619,4.027603
132.000000,2.000000,0.963333,0.029632,4.027035
133.000000,2.000000,0.963056,0.029644,4.026467
134.000000,2.000000,0.962778,0.029655,4.025900
135.000000,2.000000,0.962500,0.029667,4.025333
136.000000,2.000000,0.962222,0.029678,4.024767
137.000000,2.000000,0.961944,0.029688,4.024201
138.000000,2.000000,0.961667,0.029698,4.023635
139.000000,2.000000,0.961389,0.029708,4.023069
140.000000,2.000000,0.961111,0.029718,4.022504
141.000000,2.000000,0.960833,0.029727,4.021940
142.000000,2.000000,0.960556,0.029736,4.021375
143.000000,2.000000,0.960278,0.029745,4.020811
144.000000,2.000000,0.960000,0.029753,4.020247
145.000000,2.000000,0.959722,0.029761,4.019683
146.000000,2.000000,0.959444,0.029769,4.019120
147.000000,2.000000,0.959167,0.029777,4.018557
148.000000,2.000000,0.958889,0.029784,4.017994
149.000000,2.000000,0.958611,0.029791,4.017431
150.000000,2.000000,0.958333,0.029798,4.016869
151.000000,2.000000,0.958056,0.029804,4.016307
152.000000,2.000000,0.957778,0.029811,4.015745
153.000000,2.000000,0.957500,0.029817,4.015183
154.000000,2.000000,0.957222,0.029823,4.014621
155.000000,2.000000,0.956944,0.029829,4.014060
156.000000,2.000000,0.956667,0.029835,4.013499
157.000000,2.000000,0.956389,0.029840,4.012938
158.000000,2.000000,0.956111,0.029845,4.012377
159.000000,2.000000,0.955833,0.029850,4.011816
160.000000,2.000000,0.955556,0.029855,4.011256
161.000000,2.000000,0.955278,0.029860,4.010696
162.000000,2.000000,0.955000,0.029865,4.010135
163.000000,2.000000,0.954722,0.029869,4.009575
164.000000,2.000000,0.954444,0.029873,4.009016
165.000000,2.000000,0.954167,0.029877,4.008456
166.000000,2.000000,0.953889,0.029881,4.007896
167.000000,2.000000,0.953611,0.029885,4.007337
168.000000,2.000000,0.953333,0.029889,4.006778
169.000000,2.000000,0.953056,0.029893,4.006218
170.000000,2.000000,0.952778,0.029896,4.005659
171.000000,2.000000,0.952500,0.029900,4.005100
172.000000,2.000000,0.952222,0.029903,4.004542
173.000000,2.000000,0.951944,0.029906,4.003983
174.000000,2.000000,0.951667,0.029909,4.003424
175.000000,2.000000,0.951389,0.029912,4.002866
176.000000,2.000000,0.951111,0.029915,4.002307
177.000000,2.000000,0.950833,0.029918,4.001749
178.000000,2.000000,0.950556,0.029921,4.001191
179.000000,2.000000,0.950278,0.029923,4.000632
180.000000,2.000000,0.950000,0.029926,4.000074
181.000000,2.000000,0.949722,0.029928,3.999516
182.000000,2.000000,0.949444,0.029930,3.998958
183.000000,2.000000,0.949167,0.029933,3.998401
184.000000,2.000000,0.948889,0.029935,3.997843
185.000000,2.000000,0.948611,0.029937,3.997285
186.000000,2.000000,0.948333,0.029939,3.996728
187.000000,2.000000,0.948056,0.029941,3.996170
188.000000,2.000000,0.947778,0.029943,3.995613
189.000000,2.000000,0.947500,0.029945,3.995055
190.000000,2.000000,0.947222,0.029947,3.994498
191.000000,2.000000,0.946944,0.029948,3.993940
192.000000,2.000000,0.946667,0.029950,3.993383
193.000000,2.000000,0.946389,0.029952,3.992826
194.000000,2.000000,0.946111,0.029953,3.992269
195.000000,2.000000,0.945833,0.029955,3.991712
196.000000,2.000000,0.945556,0.029956,3.991155
197.000000,2.000000,0.945278,0.029958,3.990598
198.000000,2.000000,0.945000,0.029959,3.990041
199.000000,2.000000,0.944722,0.029961,3.989484
200.000000,2.000000,0.944444,0.029962,3.988927
201.000000,2.000000,0.944167,0.029963,3.988370
202.000000,2.000000,0.943889,0.029964,3.987813
203.000000,2.000000,0.943611,0.029965,3.987257
204.000000,2.000000,0.943333,0.029967,3.986700
205.000000,2.000000,0.943056,0.029968,3.986143
206.000000,2.000000,0.942778,0.029969,3.985587
207.000000,2.000000,0.942500,0.029970,3.985030
208.000000,2.000000,0.942222,0.029971,3.984474
209.000000,2.000000,0.941944,0.029972,3.983917
210.000000,2.000000,0.941667,0.029973,3.983361
211.000000,2.000000,0.941389,0.029974,3.982804
212.000000,2.000000,0.941111,0.029974,3.982248
213.000000,2.000000,0.940833,0.029975,3.981691
214.000000,2.000000,0.940556,0.029976,3.981135
215.000000,2.000000,0.940278,0.029977,3.980579
216.000000,2.000000,0.940000,0.029978,3.980022
217.000000,2.000000,0.939722,0.029978,3.979466
218.000000,2.000000,0.939444,0.029979,3.978910
219.000000,2.000000,0.939167,0.029980,3.978354
220.000000,2.000000,0.938889,0.029980,3.977797
221.000000,2.000000,0.938611,0.029981,3.977241
222.000000,2.000000,0.938333,0.029982,3.976685
223.000000,2.000000,0.938056,0.029982,3.976129
224.000000,2.000000,0.937778,0.029983,3.975573
225.000000,2.000000,0.937500,0.029983,3.975017
226.000000,2.000000,0.937222,0.029984,3.974460
227.000000,2.000000,0.936944,0.029984,3.973904
228.000000,2.000000,0.936667,0.029985,3.973348
229.000000,2.000000,0.936389,0.029985,3.972792
230.000000,2.000000,0.936111,0.029986,3.972236
231.000000,2.000000,0.935833,0.029986,3.971680
232.000000,2.000000,0.935556,0.029987,3.971124
233.000000,2.000000,0.935278,0.029987,3.970568
234.000000,2.000000,0.935000,0.029988,3.970012
235.000000,2.000000,0.934722,0.029988,3.969456
236.000000,2.000000,0.934444,0.029989,3.968900
237.000000,2.000000,0.934167,0.029989,3.968344
238.000000,2.000000,0.933889,0.029989,3.967789
239.000000,2.000000,0.933611,0.029990,3.967233
240.000000,2.000000,0.933333,0.029990,3.966677
241.000000,2.000000,0.933056,0.029990,3.966121
242.000000,2.000000,0.932778,0.029991,3.965565
243.000000,2.000000,0.932500,0.029991,3.965009
244.000000,2.000000,0.932222,0.029991,3.964453
245.000000,2.000000,0.931944,0.029991,3.963897
246.000000,2.000000,0.931667,0.029992,3.963342
247.000000,2.000000,0.931389,0.029992,3.962786
248.000000,2.000000,0.931111,0.029992,3.962230
249.000000,2.000000,0.930833,0.029993,3.961674
250.000000,2.000000,0.930556,0.029993,3.961118
251.000000,2.000000,0.930278,0.029993,3.960563
252.000000,2.000000,0.930000,0.029993,3.960007
253.000000,2.000000,0.929722,0.029993,3.959451
254.000000,2.000000,0.929444,0.029994,3.958895
255.000000,2.000000,0.929167,0.029994,3.958339
256.000000,2.000000,0.928889,0.029994,3.957784
257.000000,2.000000,0.928611,0.029994,3.957228
258.000000,2.000000,0.928333,0.029994,3.956672
259.000000,2.000000,0.928056,0.029995,3.956116
260.000000,2.000000,0.927778,0.029995,3.955561
261.000000,2.000000,0.927500,0.029995,3.955005
262.000000,2.000000,0.927222,0.029995,3.954449
263.000000,2.000000,0.926944,0.029995,3.953894
264.000000,2.000000,0.926667,0.029995,3.953338
265.000000,2.000000,0.926389,0.029996,3.952782
266.000000,2.000000,0.926111,0.029996,3.952226
267.000000,2.000000,0.925833,0.029996,3.951671
268.000000,2.000000,0.925556,0.029996,3.951115
269.000000,2.000000,0.925278,0.029996,3.950559
270.000000,2.000000,0.925000,0.029996,3.950004
271.000000,2.000000,0.924722,0.029996,3.949448
272.000000,2.000000,0.924444,0.029997,3.948892
273.000000,2.000000,0.924167,0.029997,3.948337
274.000000,2.000000,0.923889,0.029997,3.947781
275.000000,2.000000,0.923611,0.029997,3.947225
276.000000,2.000000,0.923333,0.029997,3.946670
277.000000,2.000000,0.923056,0.029997,3.946114
278.000000,2.000000,0.922778,0.029997,3.945558
279.000000,2.000000,0.922500,0.029997,3.945003
280.000000,2.000000,0.922222,0.029997,3.944447
281.000000,2.000000,0.921944,0.029997,3.943891
282.000000,2.000000,0.921667,0.029998,3.943336
283.000000,2.000000,0.921389,0.029998,3.942780
284.000000,2.000000,0.921111,0.029998,3.942225
285.000000,2.000000,0.920833,0.029998,3.941669
286.000000,2.000000,0.920556,0.029998,3.941113
287.000000,2.000000,0.920278,0.029998,3.940558
288.000000,2.000000,0.920000,0.029998,3.940002
289.000000,2.000000,0.919722,0.029998,3.939446
290.000000,2.000000,0.919444,0.029998,3.938891
291.000000,2.000000,0.919167,0.029998,3.938335
292.000000,2.000000,0.918889,0.029998,3.937780
293.000000,2.000000,0.918611,0.029998,3.937224
294.000000,2.000000,0.918333,0.029998,3.936668
295.000000,2.000000,0.918056,0.029998,3.936113
296.000000,2.000000,0.917778,0.029998,3.935557
297.000000,2.000000,0.917500,0.029998,3.935002
298.000000,2.000000,0.917222,0.029999,3.934446
299.000000,2.000000,0.916944,0.029999,3.933890
300.000000,2.000000,0.916667,0.029999,3.933335
301.000000,2.000000,0.916389,0.029999,3.932779
302.000000,2.000000,0.916111,0.029999,3.932223
303.000000,2.000000,0.915833,0.029999,3.931668
304.000000,2.000000,0.915556,0.029999,3.931112
305.000000,2.000000,0.915278,0.029999,3.930557
306.000000,2.000000,0.915000,0.029999,3.930001
307.000000,2.000000,0.914722,0.029999,3.929446
308.000000,2.000000,0.914444,0.029999,3.928890
309.000000,2.000000,0.914167,0.029999,3.928334
310.000000,2.000000,0.913889,0.029999,3.927779
311.000000,2.000000,0.913611,0.029999,3.927223
312.000000,2.000000,0.913333,0.029999,3.926668
313.000000,2.000000,0.913056,0.029999,3.926112
314.000000,2.000000,0.912778,0.029999,3.925556
315.000000,2.000000,0.912500,0.029999,3.925001
316.000000,2.000000,0.912222,0.029999,3.924445
317.000000,2.000000,0.911944,0.029999,3.923890
318.000000,2.000000,0.911667,0.029999,3.923334
319.000000,2.000000,0.911389,0.029999,3.922779
320.000000,2.000000,0.911111,0.029999,3.922223
321.000000,2.000000,0.910833,0.029999,3.921667
322.000000,2.000000,0.910556,0.029999,3.921112
323.000000,2.000000,0.910278,0.029999,3.920556
324.000000,2.000000,0.910000,0.029999,3.920001
325.000000,2.000000,0.909722,0.029999,3.919445
326.000000,2.000000,0.909444,0.029999,3.918889
327.000000,2.000000,0.909167,0.029999,3.918334
328.000000,2.000000,0.908889,0.029999,3.917778
329.000000,2.000000,0.908611,0.029999,3.917223
330.000000,2.000000,0.908333,0.029999,3.916667
331.000000,2.000000,0.908056,0.030000,3.916112
332.000000,2.000000,0.907778,0.030000,3.915556
333.000000,2.000000,0.907500,0.030000,3.915000
334.000000,2.000000,0.907222,0.030000,3.914445
335.000000,2.000000,0.906944,0.030000,3.913889
336.000000,2.000000,0.906667,0.030000,3.913334
337.000000,2.000000,0.906389,0.030000,3.912778
338.000000,2.000000,0.906111,0.030000,3.912223
339.000000,2.000000,0.905833,0.030000,3.911667
340.000000,2.000000,0.905556,0.030000,3.911111
341.000000,2.000000,0.905278,0.030000,3.910556
342.000000,2.000000,0.905000,0.030000,3.910000
343.000000,2.000000,0.904722,0.030000,3.909445
344.000000,2.000000,0.904444,0.030000,3.908889
345.000000,2.000000,0.904167,0.030000,3.908334
346.000000,2.000000,0.903889,0.030000,3.907778
347.000000,2.000000,0.903611,0.030000,3.907223
348.000000,2.000000,0.903333,0.030000,3.906667
349.000000,2.000000,0.903056,0.030000,3.906111
350.000000,2.000000,0.902778,0.030000,3.905556
351.000000,2.000000,0.902500,0.030000,3.905000
352.000000,2.000000,0.902222,0.030000,3.904445
353.000000,2.000000,0.901944,0.030000,3.903889
354.000000,2.000000,0.901667,0.030000,3.903334
355.000000,2.000000,0.901389,0.030000,3.902778
356.000000,2.000000,0.901111,0.030000,3.902222
357.000000,2.000000,0.900833,0.030000,3.901667
358.000000,2.000000,0.900556,0.030000,3.901111
359.000000,2.000000,0.900278,0.030000,3.900556
360.000000,2.000000,0.900000,0.030000,3.900000
361.000000,2.000000,0.899722,0.030000,3.899806
362.000000,2.000000,0.899444,0.030000,3.899611
363.000000,2.000000,0.899167,0.030000,3.899417
364.000000,2.000000,0.898889,0.030000,3.899222
365.000000,2.000000,0.898611,0.030000,3.899028
366.000000,2.000000,0.898333,0.030000,3.898833
367.000000,2.000000,0.898056,0.030000,3.898639
368.000000,2.000000,0.897778,0.030000,3.898445
369.000000,2.000000,0.897500,0.030000,3.898250
370.000000,2.000000,0.897222,0.030000,3.898056
371.000000,2.000000,0.896944,0.030000,3.897861
372.000000,2.000000,0.896667,0.030000,3.897667
373.000000,2.000000,0.896389,0.030000,3.897472
374.000000,2.000000,0.896111,0.030000,3.897278
375.000000,2.000000,0.895833,0.030000,3.897083
376.000000,2.000000,0.895556,0.030000,3.896889
377.000000,2.000000,0.895278,0.030000,3.896695
378.000000,2.000000,0.895000,0.030000,3.896500
379.000000,2.000000,0.894722,0.030000,3.896306
380.000000,2.000000,0.894444,0.030000,3.896111
381.000000,2.000000,0.894167,0.030000,3.895917
382.000000,2.000000,0.893889,0.030000,3.895722
383.000000,2.000000,0.893611,0.030000,3.895528
384.000000,2.000000,0.893333,0.030000,3.895333
385.000000,2.000000,0.893056,0.030000,3.895139
386.000000,2.000000,0.892778,0.030000,3.894945
387.000000,2.000000,0.892500,0.030000,3.894750
388.000000,2.000000,0.892222,0.030000,3.894556
389.000000,2.000000,0.891944,0.030000,3.894361
390.000000,2.000000,0.891667,0.030000,3.894167
391.000000,2.000000,0.891389,0.030000,3.893972
392.000000,2.000000,0.891111,0.030000,3.893778
393.000000,2.000000,0.890833,0.030000,3.893583
394.000000,2.000000,0.890556,0.030000,3.893389
395.000000,2.000000,0.890278,0.030000,3.893195
396.000000,2.000000,0.890000,0.030000,3.893000
397.000000,2.000000,0.889722,0.030000,3.892806
398.000000,2.000000,0.889444,0.030000,3.892611
399.000000,2.000000,0.889167,0.030000,3.892417
400.000000,2.000000,0.888889,0.030000,3.892222
401.000000,2.000000,0.888611,0.030000,3.892028
402.000000,2.000000,0.888333,0.030000,3.891833
403.000000,2.000000,0.888056,0.030000,3.891639
404.000000,2.000000,0.887778,0.030000,3.891444
405.000000,2.000000,0.887500,0.030000,3.891250
406.000000,2.000000,0.887222,0.030000,3.891056
407.000000,2.000000,0.886944,0.030000,3.890861
408.000000,2.000000,0.886667,0.030000,3.890667
409.000000,2.000000,0.886389,0.030000,3.890472
410.000000,2.000000,0.886111,0.030000,3.890278
411.000000,2.000000,0.885833,0.030000,3.890083
412.000000,2.000000,0.885556,0.030000,3.889889
413.000000,2.000000,0.885278,0.030000,3.889694
414.000000,2.000000,0.885000,0.030000,3.889500
415.000000,2.000000,0.884722,0.030000,3.889306
416.000000,2.000000,0.884444,0.030000,3.889111
417.000000,2.000000,0.884167,0.030000,3.888917
418.000000,2.000000,0.883889,0.030000,3.888722
419.000000,2.000000,0.883611,0.030000,3.888528
420.000000,2.000000,0.883333,0.030000,3.888333
421.000000,2.000000,0.883056,0.030000,3.888139
422.000000,2.000000,0.882778,0.030000,3.887944
423.000000,2.000000,0.882500,0.030000,3.887750
424.000000,2.000000,0.882222,0.030000,3.887556
425.000000,2.000000,0.881944,0.030000,3.887361
426.000000,2.000000,0.881667,0.030000,3.887167
427.000000,2.000000,0.881389,0.030000,3.886972
428.000000,2.000000,0.881111,0.030000,3.886778
429.000000,2.000000,0.880833,0.030000,3.886583
430.000000,2.000000,0.880556,0.030000,3.886389
431.000000,2.000000,0.880278,0.030000,3.886194
432.000000,2.000000,0.880000,0.030000,3.886000
433.000000,2.000000,0.879722,0.030000,3.885806
434.000000,2.000000,0.879444,0.030000,3.885611
435.000000,2.000000,0.879167,0.030000,3.885417
436.000000,2.000000,0.878889,0.030000,3.885222
437.000000,2.000000,0.878611,0.030000,3.885028
438.000000,2.000000,0.878333,0.030000,3.884833
439.000000,2.000000,0.878056,0.030000,3.884639
440.000000,2.000000,0.877778,0.030000,3.884444
441.000000,2.000000,0.877500,0.030000,3.884250
442.000000,2.000000,0.877222,0.030000,3.884056
443.000000,2.000000,0.876944,0.030000,3.883861
444.000000,2.000000,0.876667,0.030000,3.883667
445.000000,2.000000,0.876389,0.030000,3.883472
446.000000,2.000000,0.876111,0.030000,3.883278
447.000000,2.000000,0.875833,0.030000,3.883083
448.000000,2.000000,0.875556,0.030000,3.882889
449.000000,2.000000,0.875278,0.030000,3.882694
450.000000,2.000000,0.875000,0.030000,3.882500
451.000000,2.000000,0.874722,0.030000,3.882306
452.000000,2.000000,0.874444,0.030000,3.882111
453.000000,2.000000,0.874167,0.030000,3.881917
454.000000,2.000000,0.873889,0.030000,3.881722
455.000000,2.000000,0.873611,0.030000,3.881528
456.000000,2.000000,0.873333,0.030000,3.881333
457.000000,2.000000,0.873056,0.030000,3.881139
458.000000,2.000000,0.872778,0.030000,3.880944
459.000000,2.000000,0.872500,0.030000,3.880750
460.000000,2.000000,0.872222,0.030000,3.880556
461.000000,2.000000,0.871944,0.030000,3.880361
462.000000,2.000000,0.871667,0.030000,3.880167
463.000000,2.000000,0.871389,0.030000,3.879972
464.000000,2.000000,0.871111,0.030000,3.879778
465.000000,2.000000,0.870833,0.030000,3.879583
466.000000,2.000000,0.870556,0.030000,3.879389
467.000000,2.000000,0.870278,0.030000,3.879194
468.000000,2.000000,0.870000,0.030000,3.879000
469.000000,2.000000,0.869722,0.030000,3.878806
470.000000,2.000000,0.869444,0.030000,3.878611
471.000000,2.000000,0.869167,0.030000,3.878417
472.000000,2.000000,0.868889,0.030000,3.878222
473.000000,2.000000,0.868611,0.030000,3.878028
474.000000,2.000000,0.868333,0.030000,3.877833
475.000000,2.000000,0.868056,0.030000,3.877639
476.000000,2.000000,0.867778,0.030000,3.877444
477.000000,2.000000,0.867500,0.030000,3.877250
478.000000,2.000000,0.867222,0.030000,3.877056
479.000000,2.000000,0.866944,0.030000,3.876861
480.000000,2.000000,0.866667,0.030000,3.876667
481.000000,2.000000,0.866389,0.030000,3.876472
482.000000,2.000000,0.866111,0.030000,3.876278
483.000000,2.000000,0.865833,0.030000,3.876083
484.000000,2.000000,0.865556,0.030000,3.875889
485.000000,2.000000,0.865278,0.030000,3.875694
486.000000,2.000000,0.865000,0.030000,3.875500
487.000000,2.000000,0.864722,0.030000,3.875306
488.000000,2.000000,0.864444,0.030000,3.875111
489.000000,2.000000,0.864167,0.030000,3.874917
490.000000,2.000000,0.863889,0.030000,3.874722
491.000000,2.000000,0.863611,0.030000,3.874528
492.000000,2.000000,0.863333,0.030000,3.874333
493.000000,2.000000,0.863056,0.030000,3.874139
494.000000,2.000000,0.862778,0.030000,3.873944
495.000000,2.000000,0.862500,0.030000,3.873750
496.000000,2.000000,0.862222,0.030000,3.873556
497.000000,2.000000,0.861944,0.030000,3.873361
498.000000,2.000000,0.861667,0.030000,3.873167
499.000000,2.000000,0.861389,0.030000,3.872972
500.000000,0.000000,0.861111,0.030000,3.892778
501.000000,0.000000,0.861111,0.029016,3.893761
502.000000,0.000000,0.861111,0.028065,3.894713
503.000000,0.000000,0.861111,0.027145,3.895633
504.000000,0.000000,0.861111,0.026255,3.896523
505.000000,0.000000,0.861111,0.025394,3.897383
506.000000,0.000000,0.861111,0.024562,3.898216
507.000000,0.000000,0.861111,0.023757,3.899021
508.000000,0.000000,0.861111,0.022978,3.899800
509.000000,0.000000,0.861111,0.022225,3.900553
510.000000,0.000000,0.861111,0.021496,3.901282
511.000000,0.000000,0.861111,0.020791,3.901987
512.000000,0.000000,0.861111,0.020110,3.902668
513.000000,0.000000,0.861111,0.019450,3.903327
514.000000,0.000000,0.861111,0.018813,3.903965
515.000000,0.000000,0.861111,0.018196,3.904582
516.000000,0.000000,0.861111,0.017599,3.905178
517.000000,0.000000,0.861111,0.017022,3.905755
518.000000,0.000000,0.861111,0.016464,3.906313
519.000000,0.000000,0.861111,0.015925,3.906853
520.000000,0.000000,0.861111,0.015403,3.907375
521.000000,0.000000,0.861111,0.014898,3.907880
522.000000,0.000000,0.861111,0.014409,3.908369
523.000000,0.000000,0.861111,0.013937,3.908841
524.000000,0.000000,0.861111,0.013480,3.909298
525.000000,0.000000,0.861111,0.013038,3.909740
526.000000,0.000000,0.861111,0.012611,3.910167
527.000000,0.000000,0.861111,0.012197,3.910581
528.000000,0.000000,0.861111,0.011797,3.910981
529.000000,0.000000,0.861111,0.011410,3.911367
530.000000,0.000000,0.861111,0.011036,3.911741
531.000000,0.000000,0.861111,0.010675,3.912103
532.000000,0.000000,0.861111,0.010325,3.912453
533.000000,0.000000,0.861111,0.009986,3.912792
534.000000,0.000000,0.861111,0.009659,3.913119
535.000000,0.000000,0.861111,0.009342,3.913436
536.000000,0.000000,0.861111,0.009036,3.913742
537.000000,0.000000,0.861111,0.008740,3.914038
538.000000,0.000000,0.861111,0.008453,3.914325
539.000000,0.000000,0.861111,0.008176,3.914602
540.000000,0.000000,0.861111,0.007908,3.914870
541.000000,0.000000,0.861111,0.007649,3.915129
542.000000,0.000000,0.861111,0.007398,3.915380
543.000000,0.000000,0.861111,0.007155,3.915622
544.000000,0.000000,0.861111,0.006921,3.915857
545.000000,0.000000,0.861111,0.006694,3.916084
546.000000,0.000000,0.861111,0.006474,3.916303
547.000000,0.000000,0.861111,0.006262,3.916516
548.000000,0.000000,0.861111,0.006057,3.916721
549.000000,0.000000,0.861111,0.005858,3.916919
550.000000,0.000000,0.861111,0.005666,3.917112
551.000000,0.000000,0.861111,0.005481,3.917297
552.000000,0.000000,0.861111,0.005301,3.917477
553.000000,0.000000,0.861111,0.005127,3.917651
554.000000,0.000000,0.861111,0.004959,3.917819
555.000000,0.000000,0.861111,0.004796,3.917981
556.000000,0.000000,0.861111,0.004639,3.918139
557.000000,0.000000,0.861111,0.004487,3.918291
558.000000,0.000000,0.861111,0.004340,3.918438
559.000000,0.000000,0.861111,0.004198,3.918580
560.000000,0.000000,0.861111,0.004060,3.918718
561.000000,0.000000,0.861111,0.003927,3.918851
562.000000,0.000000,0.861111,0.003798,3.918980
563.000000,0.000000,0.861111,0.003674,3.919104
564.000000,0.000000,0.861111,0.003553,3.919225
565.000000,0.000000,0.861111,0.003437,3.919341
566.000000,0.000000,0.861111,0.003324,3.919454
567.000000,0.000000,0.861111,0.003215,3.919563
568.000000,0.000000,0.861111,0.003110,3.919668
569.000000,0.000000,0.861111,0.003008,3.919770
570.000000,0.000000,0.861111,0.002909,3.919869
571.000000,0.000000,0.861111,0.002814,3.919964
572.000000,0.000000,0.861111,0.002722,3.920056
573.000000,0.000000,0.861111,0.002632,3.920145
574.000000,0.000000,0.861111,0.002546,3.920232
575.000000,0.000000,0.861111,0.002463,3.920315
576.000000,0.000000,0.861111,0.002382,3.920396
577.000000,0.000000,0.861111,0.002304,3.920474
578.000000,0.000000,0.861111,0.002228,3.920550
579.000000,0.000000,0.861111,0.002155,3.920623
580.000000,0.000000,0.861111,0.002085,3.920693
581.000000,0.000000,0.861111,0.002016,3.920762
582.000000,0.000000,0.861111,0.001950,3.920828
583.000000,0.000000,0.861111,0.001886,3.920892
584.000000,0.000000,0.861111,0.001824,3.920953
585.000000,0.000000,0.861111,0.001764,3.921013
586.000000,0.000000,0.861111,0.001707,3.921071
587.000000,0.000000,0.861111,0.001651,3.921127
588.000000,0.000000,0.861111,0.001597,3.921181
589.000000,0.000000,0.861111,0.001544,3.921234
590.000000,0.000000,0.861111,0.001494,3.921284
591.000000,0.000000,0.861111,0.001445,3.921333
592.000000,0.000000,0.861111,0.001397,3.921380
593.000000,0.000000,0.861111,0.001351,3.921426
594.000000,0.000000,0.861111,0.001307,3.921471
595.000000,0.000000,0.861111,0.001264,3.921513
596.000000,0.000000,0.861111,0.001223,3.921555
597.000000,0.000000,0.861111,0.001183,3.921595
598.000000,0.000000,0.861111,0.001144,3.921634
599.000000,0.000000,0.861111,0.001106,3.921671
600.000000,2.000000,0.861111,0.001070,3.901708
601.000000,2.000000,0.860833,0.002019,3.900565
602.000000,2.000000,0.860556,0.002936,3.899453
603.000000,2.000000,0.860278,0.003823,3.898371
604.000000,2.000000,0.860000,0.004681,3.897319
605.000000,2.000000,0.859722,0.005511,3.896294
606.000000,2.000000,0.859444,0.006314,3.895297
607.000000,2.000000,0.859167,0.007091,3.894326
608.000000,2.000000,0.858889,0.007842,3.893380
609.000000,2.000000,0.858611,0.008568,3.892459
610.000000,2.000000,0.858333,0.009271,3.891562
611.000000,2.000000,0.858056,0.009950,3.890688
612.000000,2.000000,0.857778,0.010608,3.889837
613.000000,2.000000,0.857500,0.011244,3.889006
614.000000,2.000000,0.857222,0.011858,3.888197
615.000000,2.000000,0.856944,0.012453,3.887408
616.000000,2.000000,0.856667,0.013028,3.886638
617.000000,2.000000,0.856389,0.013585,3.885887
618.000000,2.000000,0.856111,0.014123,3.885155
619.000000,2.000000,0.855833,0.014644,3.884440
620.000000,2.000000,0.855556,0.015147,3.883742
621.000000,2.000000,0.855278,0.015634,3.883061
622.000000,2.000000,0.855000,0.016105,3.882395
623.000000,2.000000,0.854722,0.016560,3.881745
624.000000,2.000000,0.854444,0.017001,3.881110
625.000000,2.000000,0.854167,0.017427,3.880489
626.000000,2.000000,0.853889,0.017839,3.879883
627.000000,2.000000,0.853611,0.018238,3.879290
628.000000,2.000000,0.853333,0.018624,3.878710
629.000000,2.000000,0.853056,0.018997,3.878142
630.000000,2.000000,0.852778,0.019357,3.877587
631.000000,2.000000,0.852500,0.019706,3.877044
632.000000,2.000000,0.852222,0.020044,3.876512
633.000000,2.000000,0.851944,0.020370,3.875991
634.000000,2.000000,0.851667,0.020686,3.875481
635.000000,2.000000,0.851389,0.020991,3.874981
636.000000,2.000000,0.851111,0.021287,3.874491
637.000000,2.000000,0.850833,0.021572,3.874011
638.000000,2.000000,0.850556,0.021848,3.873540
639.000000,2.000000,0.850278,0.022116,3.873079
640.000000,2.000000,0.850000,0.022374,3.872626
641.000000,2.000000,0.849722,0.022624,3.872181
642.000000,2.000000,0.849444,0.022866,3.871745
643.000000,2.000000,0.849167,0.023100,3.871317
644.000000,2.000000,0.848889,0.023326,3.870896
645.000000,2.000000,0.848611,0.023545,3.870483
646.000000,2.000000,0.848333,0.023757,3.870077
647.000000,2.000000,0.848056,0.023961,3.869678
648.000000,2.000000,0.847778,0.024159,3.869285
649.000000,2.000000,0.847500,0.024351,3.868899
650.000000,2.000000,0.847222,0.024536,3.868520
651.000000,2.000000,0.846944,0.024715,3.868146
652.000000,2.000000,0.846667,0.024888,3.867778
653.000000,2.000000,0.846389,0.025056,3.867416
654.000000,2.000000,0.846111,0.025218,3.867060
655.000000,2.000000,0.845833,0.025375,3.866709
656.000000,2.000000,0.845556,0.025526,3.866363
657.000000,2.000000,0.845278,0.025673,3.866021
658.000000,2.000000,0.845000,0.025815,3.865685
659.000000,2.000000,0.844722,0.025952,3.865353
660.000000,2.000000,0.844444,0.026085,3.865026
661.000000,2.000000,0.844167,0.026213,3.864704
662.000000,2.000000,0.843889,0.026337,3.864385
663.000000,2.000000,0.843611,0.026457,3.864070
664.000000,2.000000,0.843333,0.026574,3.863760
665.000000,2.000000,0.843056,0.026686,3.863453
666.000000,2.000000,0.842778,0.026794,3.863150
667.000000,2.000000,0.842500,0.026900,3.862850
668.000000,2.000000,0.842222,0.027001,3.862554
669.000000,2.000000,0.841944,0.027100,3.862262
670.000000,2.000000,0.841667,0.027195,3.861972
671.000000,2.000000,0.841389,0.027287,3.861686
672.000000,2.000000,0.841111,0.027376,3.861402
673.000000,2.000000,0.840833,0.027462,3.861122
674.000000,2.000000,0.840556,0.027545,3.860844
675.000000,2.000000,0.840278,0.027625,3.860569
676.000000,2.000000,0.840000,0.027703,3.860297
677.000000,2.000000,0.839722,0.027778,3.860027
678.000000,2.000000,0.839444,0.027851,3.859760
679.000000,2.000000,0.839167,0.027922,3.859495
680.000000,2.000000,0.838889,0.027990,3.859232
681.000000,2.000000,0.838611,0.028056,3.858972
682.000000,2.000000,0.838333,0.028119,3.858714
683.000000,2.000000,0.838056,0.028181,3.858458
684.000000,2.000000,0.837778,0.028241,3.858204
685.000000,2.000000,0.837500,0.028298,3.857952
686.000000,2.000000,0.837222,0.028354,3.857701
687.000000,2.000000,0.836944,0.028408,3.857453
688.000000,2.000000,0.836667,0.028460,3.857206
689.000000,2.000000,0.836389,0.028511,3.856961
690.000000,2.000000,0.836111,0.028560,3.856718
691.000000,2.000000,0.835833,0.028607,3.856476
692.000000,2.000000,0.835556,0.028653,3.856236
693.000000,2.000000,0.835278,0.028697,3.855998
694.000000,2.000000,0.835000,0.028739,3.855761
695.000000,2.000000,0.834722,0.028781,3.855525
696.000000,2.000000,0.834444,0.028821,3.855290
697.000000,2.000000,0.834167,0.028859,3.855057
698.000000,2.000000,0.833889,0.028897,3.854825
699.000000,2.000000,0.833611,0.028933,3.854595
700.000000,2.000000,0.833333,0.028968,3.854365
701.000000,2.000000,0.833056,0.029002,3.854137
702.000000,2.000000,0.832778,0.029035,3.853910
703.000000,2.000000,0.832500,0.029066,3.853684
704.000000,2.000000,0.832222,0.029097,3.853459
705.000000,2.000000,0.831944,0.029126,3.853235
706.000000,2.000000,0.831667,0.029155,3.853012
707.000000,2.000000,0.831389,0.029183,3.852789
708.000000,2.000000,0.831111,0.029210,3.852568
709.000000,2.000000,0.830833,0.029235,3.852348
710.000000,2.000000,0.830556,0.029261,3.852128
711.000000,2.000000,0.830278,0.029285,3.851910
712.000000,2.000000,0.830000,0.029308,3.851692
713.000000,2.000000,0.829722,0.029331,3.851475
714.000000,2.000000,0.829444,0.029353,3.851258
715.000000,2.000000,0.829167,0.029374,3.851043
716.000000,2.000000,0.828889,0.029395,3.850828
717.000000,2.000000,0.828611,0.029414,3.850613
718.000000,2.000000,0.828333,0.029434,3.850400
719.000000,2.000000,0.828056,0.029452,3.850187
720.000000,2.000000,0.827778,0.029470,3.849974
721.000000,2.000000,0.827500,0.029488,3.849762
722.000000,2.000000,0.827222,0.029504,3.849551
723.000000,2.000000,0.826944,0.029521,3.849341
724.000000,2.000000,0.826667,0.029536,3.849130
725.000000,2.000000,0.826389,0.029551,3.848921
726.000000,2.000000,0.826111,0.029566,3.848712
727.000000,2.000000,0.825833,0.029580,3.848503
728.000000,2.000000,0.825556,0.029594,3.848295
729.000000,2.000000,0.825278,0.029607,3.848087
730.000000,2.000000,0.825000,0.029620,3.847880
731.000000,2.000000,0.824722,0.029633,3.847673
732.000000,2.000000,0.824444,0.029645,3.847466
733.000000,2.000000,0.824167,0.029656,3.847260
734.000000,2.000000,0.823889,0.029668,3.847054
735.000000,2.000000,0.823611,0.029679,3.846849
736.000000,2.000000,0.823333,0.029689,3.846644
737.000000,2.000000,0.823056,0.029699,3.846440
738.000000,2.000000,0.822778,0.029709,3.846235
739.000000,2.000000,0.822500,0.029719,3.846031
740.000000,2.000000,0.822222,0.029728,3.845828
741.000000,2.000000,0.821944,0.029737,3.845624
742.000000,2.000000,0.821667,0.029746,3.845421
743.000000,2.000000,0.821389,0.029754,3.845218
744.000000,2.000000,0.821111,0.029762,3.845016
745.000000,2.000000,0.820833,0.029770,3.844814
746.000000,2.000000,0.820556,0.029777,3.844612
747.000000,2.000000,0.820278,0.029785,3.844410
748.000000,2.000000,0.820000,0.029792,3.844208
749.000000,2.000000,0.819722,0.029798,3.844007
750.000000,2.000000,0.819444,0.029805,3.843806
751.000000,2.000000,0.819167,0.029811,3.843605
752.000000,2.000000,0.818889,0.029818,3.843405
753.000000,2.000000,0.818611,0.029824,3.843204
754.000000,2.000000,0.818333,0.029829,3.843004
755.000000,2.000000,0.818056,0.029835,3.842804
756.000000,2.000000,0.817778,0.029840,3.842604
757.000000,2.000000,0.817500,0.029846,3.842404
758.000000,2.000000,0.817222,0.029851,3.842205
759.000000,2.000000,0.816944,0.029856,3.842006
760.000000,2.000000,0.816667,0.029860,3.841806
761.000000,2.000000,0.816389,0.029865,3.841607
762.000000,2.000000,0.816111,0.029869,3.841408
763.000000,2.000000,0.815833,0.029874,3.841210
764.000000,2.000000,0.815556,0.029878,3.841011
765.000000,2.000000,0.815278,0.029882,3.840813
766.000000,2.000000,0.815000,0.029886,3.840614
767.000000,2.000000,0.814722,0.029889,3.840416
768.000000,2.000000,0.814444,0.029893,3.840218
769.000000,2.000000,0.814167,0.029897,3.840020
770.000000,2.000000,0.813889,0.029900,3.839822
771.000000,2.000000,0.813611,0.029903,3.839625
772.000000,2.000000,0.813333,0.029906,3.839427
773.000000,2.000000,0.813056,0.029909,3.839229
774.000000,2.000000,0.812778,0.029912,3.839032
775.000000,2.000000,0.812500,0.029915,3.838835
776.000000,2.000000,0.812222,0.029918,3.838637
777.000000,2.000000,0.811944,0.029921,3.838440
778.000000,2.000000,0.811667,0.029923,3.838243
779.000000,2.000000,0.811389,0.029926,3.838046
780.000000,2.000000,0.811111,0.029928,3.837849
781.000000,2.000000,0.810833,0.029931,3.837653
782.000000,2.000000,0.810556,0.029933,3.837456
783.000000,2.000000,0.810278,0.029935,3.837259
784.000000,2.000000,0.810000,0.029937,3.837063
785.000000,2.000000,0.809722,0.029939,3.836866
786.000000,2.000000,0.809444,0.029941,3.836670
787.000000,2.000000,0.809167,0.029943,3.836473
788.000000,2.000000,0.808889,0.029945,3.836277
789.000000,2.000000,0.808611,0.029947,3.836081
790.000000,2.000000,0.808333,0.029949,3.835885
791.000000,2.000000,0.808056,0.029950,3.835689
792.000000,2.000000,0.807778,0.029952,3.835493
793.000000,2.000000,0.807500,0.029954,3.835296
794.000000,2.000000,0.807222,0.029955,3.835101
795.000000,2.000000,0.806944,0.029957,3.834905
796.000000,2.000000,0.806667,0.029958,3.834709
797.000000,2.000000,0.806389,0.029959,3.834513
798.000000,2.000000,0.806111,0.029961,3.834317
799.000000,2.000000,0.805833,0.029962,3.834121
800.000000,2.000000,0.805556,0.029963,3.833926
801.000000,2.000000,0.805278,0.029964,3.833730
802.000000,2.000000,0.805000,0.029966,3.833534
803.000000,2.000000,0.804722,0.029967,3.833339
804.000000,2.000000,0.804444,0.029968,3.833143
805.000000,2.000000,0.804167,0.029969,3.832948
806.000000,2.000000,0.803889,0.029970,3.832752
807.000000,2.000000,0.803611,0.029971,3.832557
808.000000,2.000000,0.803333,0.029972,3.832362
809.000000,2.000000,0.803056,0.029973,3.832166
810.000000,2.000000,0.802778,0.029974,3.831971
811.000000,2.000000,0.802500,0.029974,3.831776
812.000000,2.000000,0.802222,0.029975,3.831580
813.000000,2.000000,0.801944,0.029976,3.831385
814.000000,2.000000,0.801667,0.029977,3.831190
815.000000,2.000000,0.801389,0.029978,3.830995
816.000000,2.000000,0.801111,0.029978,3.830799
817.000000,2.000000,0.800833,0.029979,3.830604
818.000000,2.000000,0.800556,0.029980,3.830409
819.000000,2.000000,0.800278,0.029980,3.830214
820.000000,2.000000,0.800000,0.029981,3.830019
821.000000,2.000000,0.799722,0.029982,3.829852
822.000000,2.000000,0.799444,0.029982,3.829684
823.000000,2.000000,0.799167,0.029983,3.829517
824.000000,2.000000,0.798889,0.029983,3.829350
825.000000,2.000000,0.798611,0.029984,3.829183
826.000000,2.000000,0.798333,0.029985,3.829015
827.000000,2.000000,0.798056,0.029985,3.828848
828.000000,2.000000,0.797778,0.029986,3.828681
829.000000,2.000000,0.797500,0.029986,3.828514
830.000000,2.000000,0.797222,0.029986,3.828347
831.000000,2.000000,0.796944,0.029987,3.828180
832.000000,2.000000,0.796667,0.029987,3.828013
833.000000,2.000000,0.796389,0.029988,3.827846
834.000000,2.000000,0.796111,0.029988,3.827679
835.000000,2.000000,0.795833,0.029989,3.827511
836.000000,2.000000,0.795556,0.029989,3.827344
837.000000,2.000000,0.795278,0.029989,3.827177
838.000000,2.000000,0.795000,0.029990,3.827010
839.000000,2.000000,0.794722,0.029990,3.826843
840.000000,2.000000,0.794444,0.029990,3.826676
841.000000,2.000000,0.794167,0.029991,3.826509
842.000000,2.000000,0.793889,0.029991,3.826342
843.000000,2.000000,0.793611,0.029991,3.826175
844.000000,2.000000,0.793333,0.029992,3.826008
845.000000,2.000000,0.793056,0.029992,3.825842
846.000000,2.000000,0.792778,0.029992,3.825675
847.000000,2.000000,0.792500,0.029992,3.825508
848.000000,2.000000,0.792222,0.029993,3.825341
849.000000,2.000000,0.791944,0.029993,3.825174
850.000000,2.000000,0.791667,0.029993,3.825007
851.000000,2.000000,0.791389,0.029993,3.824840
852.000000,2.000000,0.791111,0.029993,3.824673
853.000000,2.000000,0.790833,0.029994,3.824506
854.000000,2.000000,0.790556,0.029994,3.824339
855.000000,2.000000,0.790278,0.029994,3.824173
856.000000,2.000000,0.790000,0.029994,3.824006
857.000000,2.000000,0.789722,0.029994,3.823839
858.000000,2.000000,0.789444,0.029995,3.823672
859.000000,2.000000,0.789167,0.029995,3.823505
860.000000,2.000000,0.788889,0.029995,3.823338
861.000000,2.000000,0.788611,0.029995,3.823171
862.000000,2.000000,0.788333,0.029995,3.823005
863.000000,2.000000,0.788056,0.029995,3.822838
864.000000,2.000000,0.787778,0.029996,3.822671
865.000000,2.000000,0.787500,0.029996,3.822504
866.000000,2.000000,0.787222,0.029996,3.822337
867.000000,2.000000,0.786944,0.029996,3.822171
868.000000,2.000000,0.786667,0.029996,3.822004
869.000000,2.000000,0.786389,0.029996,3.821837
870.000000,2.000000,0.786111,0.029996,3.821670
871.000000,2.000000,0.785833,0.029997,3.821503
872.000000,2.000000,0.785556,0.029997,3.821337
873.000000,2.000000,0.785278,0.029997,3.821170
874.000000,2.000000,0.785000,0.029997,3.821003
875.000000,2.000000,0.784722,0.029997,3.820836
876.000000,2.000000,0.784444,0.029997,3.820670
877.000000,2.000000,0.784167,0.029997,3.820503
878.000000,2.000000,0.783889,0.029997,3.820336
879.000000,2.000000,0.783611,0.029997,3.820169
880.000000,2.000000,0.783333,0.029997,3.820003
881.000000,2.000000,0.783056,0.029998,3.819836
882.000000,2.000000,0.782778,0.029998,3.819669
883.000000,2.000000,0.782500,0.029998,3.819502
884.000000,2.000000,0.782222,0.029998,3.819336
885.000000,2.000000,0.781944,0.029998,3.819169
886.000000,2.000000,0.781667,0.029998,3.819002
887.000000,2.000000,0.781389,0.029998,3.818835
888.000000,2.000000,0.781111,0.029998,3.818669
889.000000,2.000000,0.780833,0.029998,3.818502
890.000000,2.000000,0.780556,0.029998,3.818335
891.000000,2.000000,0.780278,0.029998,3.818168
892.000000,2.000000,0.780000,0.029998,3.818002
893.000000,2.000000,0.779722,0.029998,3.817835
894.000000,2.000000,0.779444,0.029998,3.817668
895.000000,2.000000,0.779167,0.029998,3.817502
896.000000,2.000000,0.778889,0.029998,3.817335
897.000000,2.000000,0.778611,0.029999,3.817168
898.000000,2.000000,0.778333,0.029999,3.817001
899.000000,2.000000,0.778056,0.029999,3.816835
900.000000,2.000000,0.777778,0.029999,3.816668
901.000000,2.000000,0.777500,0.029999,3.816501
902.000000,2.000000,0.777222,0.029999,3.816335
903.000000,2.000000,0.776944,0.029999,3.816168
904.000000,2.000000,0.776667,0.029999,3.816001
905.000000,2.000000,0.776389,0.029999,3.815834
906.000000,2.000000,0.776111,0.029999,3.815668
907.000000,2.000000,0.775833,0.029999,3.815501
908.000000,2.000000,0.775556,0.029999,3.815334
909.000000,2.000000,0.775278,0.029999,3.815168
910.000000,2.000000,0.775000,0.029999,3.815001
911.000000,2.000000,0.774722,0.029999,3.814834
912.000000,2.000000,0.774444,0.029999,3.814668
913.000000,2.000000,0.774167,0.029999,3.814501
914.000000,2.000000,0.773889,0.029999,3.814334
915.000000,2.000000,0.773611,0.029999,3.814167
916.000000,2.000000,0.773333,0.029999,3.814001
917.000000,2.000000,0.773056,0.029999,3.813834
918.000000,2.000000,0.772778,0.029999,3.813667
919.000000,2.000000,0.772500,0.029999,3.813501
920.000000,2.000000,0.772222,0.029999,3.813334
921.000000,2.000000,0.771944,0.029999,3.813167
922.000000,2.000000,0.771667,0.029999,3.813001
923.000000,2.000000,0.771389,0.029999,3.812834
924.000000,2.000000,0.771111,0.029999,3.812667
925.000000,2.000000,0.770833,0.029999,3.812501
926.000000,2.000000,0.770556,0.029999,3.812334
927.000000,2.000000,0.770278,0.029999,3.812167
928.000000,2.000000,0.770000,0.029999,3.812001
929.000000,2.000000,0.769722,0.030000,3.811834
930.000000,2.000000,0.769444,0.030000,3.811667
931.000000,2.000000,0.769167,0.030000,3.811500
932.000000,2.000000,0.768889,0.030000,3.811334
933.000000,2.000000,0.768611,0.030000,3.811167
934.000000,2.000000,0.768333,0.030000,3.811000
935.000000,2.000000,0.768056,0.030000,3.810834
936.000000,2.000000,0.767778,0.030000,3.810667
937.000000,2.000000,0.767500,0.030000,3.810500
938.000000,2.000000,0.767222,0.030000,3.810334
939.000000,2.000000,0.766944,0.030000,3.810167
940.000000,2.000000,0.766667,0.030000,3.810000
941.000000,2.000000,0.766389,0.030000,3.809834
942.000000,2.000000,0.766111,0.030000,3.809667
943.000000,2.000000,0.765833,0.030000,3.809500
944.000000,2.000000,0.765556,0.030000,3.809334
945.000000,2.000000,0.765278,0.030000,3.809167
946.000000,2.000000,0.765000,0.030000,3.809000
947.000000,2.000000,0.764722,0.030000,3.808834
948.000000,2.000000,0.764444,0.030000,3.808667
949.000000,2.000000,0.764167,0.030000,3.808500
950.000000,2.000000,0.763889,0.030000,3.808334
951.000000,2.000000,0.763611,0.030000,3.808167
952.000000,2.000000,0.763333,0.030000,3.808000
953.000000,2.000000,0.763056,0.030000,3.807834
954.000000,2.000000,0.762778,0.030000,3.807667
955.000000,2.000000,0.762500,0.030000,3.807500
956.000000,2.000000,0.762222,0.030000,3.807334
957.000000,2.000000,0.761944,0.030000,3.807167
958.000000,2.000000,0.761667,0.030000,3.807000
959.000000,2.000000,0.761389,0.030000,3.806834
960.000000,2.000000,0.761111,0.030000,3.806667
961.000000,2.000000,0.760833,0.030000,3.806500
962.000000,2.000000,0.760556,0.030000,3.806333
963.000000,2.000000,0.760278,0.030000,3.806167
964.000000,2.000000,0.760000,0.030000,3.806000
965.000000,2.000000,0.759722,0.030000,3.805833
966.000000,2.000000,0.759444,0.030000,3.805667
967.000000,2.000000,0.759167,0.030000,3.805500
968.000000,2.000000,0.758889,0.030000,3.805333
969.000000,2.000000,0.758611,0.030000,3.805167
970.000000,2.000000,0.758333,0.030000,3.805000
971.000000,2.000000,0.758056,0.030000,3.804833
972.000000,2.000000,0.757778,0.030000,3.804667
973.000000,2.000000,0.757500,0.030000,3.804500
974.000000,2.000000,0.757222,0.030000,3.804333
975.000000,2.000000,0.756944,0.030000,3.804167
976.000000,2.000000,0.756667,0.030000,3.804000
977.000000,2.000000,0.756389,0.030000,3.803833
978.000000,2.000000,0.756111,0.030000,3.803667
979.000000,2.000000,0.755833,0.030000,3.803500
980.000000,2.000000,0.755556,0.030000,3.803333
981.000000,2.000000,0.755278,0.030000,3.803167
982.000000,2.000000,0.755000,0.030000,3.803000
983.000000,2.000000,0.754722,0.030000,3.802833
984.000000,2.000000,0.754444,0.030000,3.802667
985.000000,2.000000,0.754167,0.030000,3.802500
986.000000,2.000000,0.753889,0.030000,3.802333
987.000000,2.000000,0.753611,0.030000,3.802167
988.000000,2.000000,0.753333,0.030000,3.802000
989.000000,2.000000,0.753056,0.030000,3.801833
990.000000,2.000000,0.752778,0.030000,3.801667
991.000000,2.000000,0.752500,0.030000,3.801500
992.000000,2.000000,0.752222,0.030000,3.801333
993.000000,2.000000,0.751944,0.030000,3.801167
994.000000,2.000000,0.751667,0.030000,3.801000
995.000000,2.000000,0.751389,0.030000,3.800833
996.000000,2.000000,0.751111,0.030000,3.800667
997.000000,2.000000,0.750833,0.030000,3.800500
998.000000,2.000000,0.750556,0.030000,3.800333
999.000000,2.000000,0.750278,0.030000,3.800167
1000.000000,2.000000,0.750000,0.030000,3.800000
1001.000000,2.000000,0.749722,0.030000,3.799833
1002.000000,2.000000,0.749444,0.030000,3.799667
1003.000000,2.000000,0.749167,0.030000,3.799500
1004.000000,2.000000,0.748889,0.030000,3.799333
1005.000000,2.000000,0.748611,0.030000,3.799167
1006.000000,2.000000,0.748333,0.030000,3.799000
1007.000000,2.000000,0.748056,0.030000,3.798833
1008.000000,2.000000,0.747778,0.030000,3.798667
1009.000000,2.000000,0.747500,0.030000,3.798500
1010.000000,2.000000,0.747222,0.030000,3.798333
1011.000000,2.000000,0.746944,0.030000,3.798167
1012.000000,2.000000,0.746667,0.030000,3.798000
1013.000000,2.000000,0.746389,0.030000,3.797833
1014.000000,2.000000,0.746111,0.030000,3.797667
1015.000000,2.000000,0.745833,0.030000,3.797500
1016.000000,2.000000,0.745556,0.030000,3.797333
1017.000000,2.000000,0.745278,0.030000,3.797167
1018.000000,2.000000,0.745000,0.030000,3.797000
1019.000000,2.000000,0.744722,0.030000,3.796833
1020.000000,2.000000,0.744444,0.030000,3.796667
1021.000000,2.000000,0.744167,0.030000,3.796500
1022.000000,2.000000,0.743889,0.030000,3.796333
1023.000000,2.000000,0.743611,0.030000,3.796167
1024.000000,2.000000,0.743333,0.030000,3.796000
1025.000000,2.000000,0.743056,0.030000,3.795833
1026.000000,2.000000,0.742778,0.030000,3.795667
1027.000000,2.000000,0.742500,0.030000,3.795500
1028.000000,2.000000,0.742222,0.030000,3.795333
1029.000000,2.000000,0.741944,0.030000,3.795167
1030.000000,2.000000,0.741667,0.030000,3.795000
1031.000000,2.000000,0.741389,0.030000,3.794833
1032.000000,2.000000,0.741111,0.030000,3.794667
1033.000000,2.000000,0.740833,0.030000,3.794500
1034.000000,2.000000,0.740556,0.030000,3.794333
1035.000000,2.000000,0.740278,0.030000,3.794167
1036.000000,2.000000,0.740000,0.030000,3.794000
1037.000000,2.000000,0.739722,0.030000,3.793833
1038.000000,2.000000,0.739444,0.030000,3.793667
1039.000000,2.000000,0.739167,0.030000,3.793500
1040.000000,2.000000,0.738889,0.030000,3.793333
1041.000000,2.000000,0.738611,0.030000,3.793167
1042.000000,2.000000,0.738333,0.030000,3.793000
1043.000000,2.000000,0.738056,0.030000,3.792833
1044.000000,2.000000,0.737778,0.030000,3.792667
1045.000000,2.000000,0.737500,0.030000,3.792500
1046.000000,2.000000,0.737222,0.030000,3.792333
1047.000000,2.000000,0.736944,0.030000,3.792167
1048.000000,2.000000,0.736667,0.030000,3.792000
1049.000000,2.000000,0.736389,0.030000,3.791833
1050.000000,2.000000,0.736111,0.030000,3.791667
1051.000000,2.000000,0.735833,0.030000,3.791500
1052.000000,2.000000,0.735556,0.030000,3.791333
1053.000000,2.000000,0.735278,0.030000,3.791167
1054.000000,2.000000,0.735000,0.030000,3.791000
1055.000000,2.000000,0.734722,0.030000,3.790833
1056.000000,2.000000,0.734444,0.030000,3.790667
1057.000000,2.000000,0.734167,0.030000,3.790500
1058.000000,2.000000,0.733889,0.030000,3.790333
1059.000000,2.000000,0.733611,0.030000,3.790167
1060.000000,2.000000,0.733333,0.030000,3.790000
1061.000000,2.000000,0.733056,0.030000,3.789833
1062.000000,2.000000,0.732778,0.030000,3.789667
1063.000000,2.000000,0.732500,0.030000,3.789500
1064.000000,2.000000,0.732222,0.030000,3.789333
1065.000000,2.000000,0.731944,0.030000,3.789167
1066.000000,2.000000,0.731667,0.030000,3.789000
1067.000000,2.000000,0.731389,0.030000,3.788833
1068.000000,2.000000,0.731111,0.030000,3.788667
1069.000000,2.000000,0.730833,0.030000,3.788500
1070.000000,2.000000,0.730556,0.030000,3.788333
1071.000000,2.000000,0.730278,0.030000,3.788167
1072.000000,2.000000,0.730000,0.030000,3.788000
1073.000000,2.000000,0.729722,0.030000,3.787833
1074.000000,2.000000,0.729444,0.030000,3.787667
1075.000000,2.000000,0.729167,0.030000,3.787500
1076.000000,2.000000,0.728889,0.030000,3.787333
1077.000000,2.000000,0.728611,0.030000,3.787167
1078.000000,2.000000,0.728333,0.030000,3.787000
1079.000000,2.000000,0.728056,0.030000,3.786833
1080.000000,2.000000,0.727778,0.030000,3.786667
1081.000000,2.000000,0.727500,0.030000,3.786500
1082.000000,2.000000,0.727222,0.030000,3.786333
1083.000000,2.000000,0.726944,0.030000,3.786167
1084.000000,2.000000,0.726667,0.030000,3.786000
1085.000000,2.000000,0.726389,0.030000,3.785833
1086.000000,2.000000,0.726111,0.030000,3.785667
1087.000000,2.000000,0.725833,0.030000,3.785500
1088.000000,2.000000,0.725556,0.030000,3.785333
1089.000000,2.000000,0.725278,0.030000,3.785167
1090.000000,2.000000,0.725000,0.030000,3.785000
1091.000000,2.000000,0.724722,0.030000,3.784833
1092.000000,2.000000,0.724444,0.030000,3.784667
1093.000000,2.000000,0.724167,0.030000,3.784500
1094.000000,2.000000,0.723889,0.030000,3.784333
1095.000000,2.000000,0.723611,0.030000,3.784167
1096.000000,2.000000,0.723333,0.030000,3.784000
1097.000000,2.000000,0.723056,0.030000,3.783833
1098.000000,2.000000,0.722778,0.030000,3.783667
1099.000000,2.000000,0.722500,0.030000,3.783500
1100.000000,0.000000,0.722222,0.030000,3.803333
1101.000000,0.000000,0.722222,0.029016,3.804317
1102.000000,0.000000,0.722222,0.028065,3.805268
1103.000000,0.000000,0.722222,0.027145,3.806188
1104.000000,0.000000,0.722222,0.026255,3.807078
1105.000000,0.000000,0.722222,0.025394,3.807939
1106.000000,0.000000,0.722222,0.024562,3.808771
1107.000000,0.000000,0.722222,0.023757,3.809577
1108.000000,0.000000,0.722222,0.022978,3.810355
1109.000000,0.000000,0.722222,0.022225,3.811109
1110.000000,0.000000,0.722222,0.021496,3.811837
1111.000000,0.000000,0.722222,0.020791,3.812542
1112.000000,0.000000,0.722222,0.020110,3.813224
1113.000000,0.000000,0.722222,0.019450,3.813883
1114.000000,0.000000,0.722222,0.018813,3.814521
1115.000000,0.000000,0.722222,0.018196,3.815137
1116.000000,0.000000,0.722222,0.017599,3.815734
1117.000000,0.000000,0.722222,0.017022,3.816311
1118.000000,0.000000,0.722222,0.016464,3.816869
1119.000000,0.000000,0.722222,0.015925,3.817409
1120.000000,0.000000,0.722222,0.015403,3.817931
1121.000000,0.000000,0.722222,0.014898,3.818436
1122.000000,0.000000,0.722222,0.014409,3.818924
1123.000000,0.000000,0.722222,0.013937,3.819397
1124.000000,0.000000,0.722222,0.013480,3.819853
1125.000000,0.000000,0.722222,0.013038,3.820295
1126.000000,0.000000,0.722222,0.012611,3.820723
1127.000000,0.000000,0.722222,0.012197,3.821136
1128.000000,0.000000,0.722222,0.011797,3.821536
1129.000000,0.000000,0.722222,0.011410,3.821923
1130.000000,0.000000,0.722222,0.011036,3.822297
1131.000000,0.000000,0.722222,0.010675,3.822659
1132.000000,0.000000,0.722222,0.010325,3.823009
1133.000000,0.000000,0.722222,0.009986,3.823347
1134.000000,0.000000,0.722222,0.009659,3.823675
1135.000000,0.000000,0.722222,0.009342,3.823991
1136.000000,0.000000,0.722222,0.009036,3.824298
1137.000000,0.000000,0.722222,0.008740,3.824594
1138.000000,0.000000,0.722222,0.008453,3.824880
1139.000000,0.000000,0.722222,0.008176,3.825157
1140.000000,0.000000,0.722222,0.007908,3.825425
1141.000000,0.000000,0.722222,0.007649,3.825685
1142.000000,0.000000,0.722222,0.007398,3.825935
1143.000000,0.000000,0.722222,0.007155,3.826178
1144.000000,0.000000,0.722222,0.006921,3.826413
1145.000000,0.000000,0.722222,0.006694,3.826639
1146.000000,0.000000,0.722222,0.006474,3.826859
1147.000000,0.000000,0.722222,0.006262,3.827071
1148.000000,0.000000,0.722222,0.006057,3.827276
1149.000000,0.000000,0.722222,0.005858,3.827475
1150.000000,0.000000,0.722222,0.005666,3.827667
1151.000000,0.000000,0.722222,0.005481,3.827853
1152.000000,0.000000,0.722222,0.005301,3.828033
1153.000000,0.000000,0.722222,0.005127,3.828206
1154.000000,0.000000,0.722222,0.004959,3.828374
1155.000000,0.000000,0.722222,0.004796,3.828537
1156.000000,0.000000,0.722222,0.004639,3.828694
1157.000000,0.000000,0.722222,0.004487,3.828846
1158.000000,0.000000,0.722222,0.004340,3.828993
1159.000000,0.000000,0.722222,0.004198,3.829136
1160.000000,0.000000,0.722222,0.004060,3.829273
1161.000000,0.000000,0.722222,0.003927,3.829406
1162.000000,0.000000,0.722222,0.003798,3.829535
1163.000000,0.000000,0.722222,0.003674,3.829660
1164.000000,0.000000,0.722222,0.003553,3.829780
1165.000000,0.000000,0.722222,0.003437,3.829897
1166.000000,0.000000,0.722222,0.003324,3.830009
1167.000000,0.000000,0.722222,0.003215,3.830118
1168.000000,0.000000,0.722222,0.003110,3.830224
1169.000000,0.000000,0.722222,0.003008,3.830326
1170.000000,0.000000,0.722222,0.002909,3.830424
1171.000000,0.000000,0.722222,0.002814,3.830520
1172.000000,0.000000,0.722222,0.002722,3.830612
1173.000000,0.000000,0.722222,0.002632,3.830701
1174.000000,0.000000,0.722222,0.002546,3.830787
1175.000000,0.000000,0.722222,0.002463,3.830871
1176.000000,0.000000,0.722222,0.002382,3.830952
1177.000000,0.000000,0.722222,0.002304,3.831030
1178.000000,0.000000,0.722222,0.002228,3.831105
1179.000000,0.000000,0.722222,0.002155,3.831178
1180.000000,0.000000,0.722222,0.002085,3.831249
1181.000000,0.000000,0.722222,0.002016,3.831317
1182.000000,0.000000,0.722222,0.001950,3.831383
1183.000000,0.000000,0.722222,0.001886,3.831447
1184.000000,0.000000,0.722222,0.001824,3.831509
1185.000000,0.000000,0.722222,0.001764,3.831569
1186.000000,0.000000,0.722222,0.001707,3.831627
1187.000000,0.000000,0.722222,0.001651,3.831683
1188.000000,0.000000,0.722222,0.001597,3.831737
1189.000000,0.000000,0.722222,0.001544,3.831789
1190.000000,0.000000,0.722222,0.001494,3.831840
1191.000000,0.000000,0.722222,0.001445,3.831889
1192.000000,0.000000,0.722222,0.001397,3.831936
1193.000000,0.000000,0.722222,0.001351,3.831982
1194.000000,0.000000,0.722222,0.001307,3.832026
1195.000000,0.000000,0.722222,0.001264,3.832069
1196.000000,0.000000,0.722222,0.001223,3.832110
1197.000000,0.000000,0.722222,0.001183,3.832151
1198.000000,0.000000,0.722222,0.001144,3.832189
1199.000000,0.000000,0.722222,0.001106,3.832227
1200.000000,2.000000,0.722222,0.001070,3.812263
1201.000000,2.000000,0.721944,0.002019,3.811148
1202.000000,2.000000,0.721667,0.002936,3.810064
1203.000000,2.000000,0.721389,0.003823,3.809010
1204.000000,2.000000,0.721111,0.004681,3.807985
1205.000000,2.000000,0.720833,0.005511,3.806989
1206.000000,2.000000,0.720556,0.006314,3.806019
1207.000000,2.000000,0.720278,0.007091,3.805076
1208.000000,2.000000,0.720000,0.007842,3.804158
1209.000000,2.000000,0.719722,0.008568,3.803265
1210.000000,2.000000,0.719444,0.009271,3.802396
1211.000000,2.000000,0.719167,0.009950,3.801550
1212.000000,2.000000,0.718889,0.010608,3.800726
1213.000000,2.000000,0.718611,0.011244,3.799923
1214.000000,2.000000,0.718333,0.011858,3.799142
1215.000000,2.000000,0.718056,0.012453,3.798380
1216.000000,2.000000,0.717778,0.013028,3.797638
1217.000000,2.000000,0.717500,0.013585,3.796915
1218.000000,2.000000,0.717222,0.014123,3.796210
1219.000000,2.000000,0.716944,0.014644,3.795523
1220.000000,2.000000,0.716667,0.015147,3.794853
1221.000000,2.000000,0.716389,0.015634,3.794199
1222.000000,2.000000,0.716111,0.016105,3.793562
1223.000000,2.000000,0.715833,0.016560,3.792940
1224.000000,2.000000,0.715556,0.017001,3.792332
1225.000000,2.000000,0.715278,0.017427,3.791739
1226.000000,2.000000,0.715000,0.017839,3.791161
1227.000000,2.000000,0.714722,0.018238,3.790595
1228.000000,2.000000,0.714444,0.018624,3.790043
1229.000000,2.000000,0.714167,0.018997,3.789503
1230.000000,2.000000,0.713889,0.019357,3.788976
1231.000000,2.000000,0.713611,0.019706,3.788460
1232.000000,2.000000,0.713333,0.020044,3.787956
1233.000000,2.000000,0.713056,0.020370,3.787463
1234.000000,2.000000,0.712778,0.020686,3.786981
1235.000000,2.000000,0.712500,0.020991,3.786509
1236.000000,2.000000,0.712222,0.021287,3.786047
1237.000000,2.000000,0.711944,0.021572,3.785594
1238.000000,2.000000,0.711667,0.021848,3.785152
1239.000000,2.000000,0.711389,0.022116,3.784718
1240.000000,2.000000,0.711111,0.022374,3.784292
1241.000000,2.000000,0.710833,0.022624,3.783876
1242.000000,2.000000,0.710556,0.022866,3.783467
1243.000000,2.000000,0.710278,0.023100,3.783067
1244.000000,2.000000,0.710000,0.023326,3.782674
1245.000000,2.000000,0.709722,0.023545,3.782288
1246.000000,2.000000,0.709444,0.023757,3.781910
1247.000000,2.000000,0.709167,0.023961,3.781539
1248.000000,2.000000,0.708889,0.024159,3.781174
1249.000000,2.000000,0.708611,0.024351,3.780816
1250.000000,2.000000,0.708333,0.024536,3.780464
1251.000000,2.000000,0.708056,0.024715,3.780118
1252.000000,2.000000,0.707778,0.024888,3.779778
1253.000000,2.000000,0.707500,0.025056,3.779444
1254.000000,2.000000,0.707222,0.025218,3.779115
1255.000000,2.000000,0.706944,0.025375,3.778792
1256.000000,2.000000,0.706667,0.025526,3.778474
1257.000000,2.000000,0.706389,0.025673,3.778160
1258.000000,2.000000,0.706111,0.025815,3.777852
1259.000000,2.000000,0.705833,0.025952,3.777548
1260.000000,2.000000,0.705556,0.026085,3.777249
1261.000000,2.000000,0.705278,0.026213,3.776954
1262.000000,2.000000,0.705000,0.026337,3.776663
1263.000000,2.000000,0.704722,0.026457,3.776376
1264.000000,2.000000,0.704444,0.026574,3.776093
1265.000000,2.000000,0.704167,0.026686,3.775814
1266.000000,2.000000,0.703889,0.026794,3.775539
1267.000000,2.000000,0.703611,0.026900,3.775267
1268.000000,2.000000,0.703333,0.027001,3.774999
1269.000000,2.000000,0.703056,0.027100,3.774734
1270.000000,2.000000,0.702778,0.027195,3.774472
1271.000000,2.000000,0.702500,0.027287,3.774213
1272.000000,2.000000,0.702222,0.027376,3.773958
1273.000000,2.000000,0.701944,0.027462,3.773705
1274.000000,2.000000,0.701667,0.027545,3.773455
1275.000000,2.000000,0.701389,0.027625,3.773208
1276.000000,2.000000,0.701111,0.027703,3.772964
1277.000000,2.000000,0.700833,0.027778,3.772722
1278.000000,2.000000,0.700556,0.027851,3.772482
1279.000000,2.000000,0.700278,0.027922,3.772245
1280.000000,2.000000,0.700000,0.027990,3.772010
1281.000000,2.000000,0.699722,0.028056,3.771805
1282.000000,2.000000,0.699444,0.028119,3.771603
1283.000000,2.000000,0.699167,0.028181,3.771402
1284.000000,2.000000,0.698889,0.028241,3.771204
1285.000000,2.000000,0.698611,0.028298,3.771007
1286.000000,2.000000,0.698333,0.028354,3.770812
1287.000000,2.000000,0.698056,0.028408,3.770620
1288.000000,2.000000,0.697778,0.028460,3.770429
1289.000000,2.000000,0.697500,0.028511,3.770239
1290.000000,2.000000,0.697222,0.028560,3.770051
1291.000000,2.000000,0.696944,0.028607,3.769865
1292.000000,2.000000,0.696667,0.028653,3.769681
1293.000000,2.000000,0.696389,0.028697,3.769498
1294.000000,2.000000,0.696111,0.028739,3.769316
1295.000000,2.000000,0.695833,0.028781,3.769136
1296.000000,2.000000,0.695556,0.028821,3.768957
1297.000000,2.000000,0.695278,0.028859,3.768779
1298.000000,2.000000,0.695000,0.028897,3.768603
1299.000000,2.000000,0.694722,0.028933,3.768428
1300.000000,2.000000,0.694444,0.028968,3.768254
1301.000000,2.000000,0.694167,0.029002,3.768082
1302.000000,2.000000,0.693889,0.029035,3.767910
1303.000000,2.000000,0.693611,0.029066,3.767739
1304.000000,2.000000,0.693333,0.029097,3.767570
1305.000000,2.000000,0.693056,0.029126,3.767401
1306.000000,2.000000,0.692778,0.029155,3.767234
1307.000000,2.000000,0.692500,0.029183,3.767067
1308.000000,2.000000,0.692222,0.029210,3.766902
1309.000000,2.000000,0.691944,0.029235,3.766737
1310.000000,2.000000,0.691667,0.029261,3.766573
1311.000000,2.000000,0.691389,0.029285,3.766410
1312.000000,2.000000,0.691111,0.029308,3.766247
1313.000000,2.000000,0.690833,0.029331,3.766086
1314.000000,2.000000,0.690556,0.029353,3.765925
1315.000000,2.000000,0.690278,0.029374,3.765765
1316.000000,2.000000,0.690000,0.029395,3.765605
1317.000000,2.000000,0.689722,0.029414,3.765447
1318.000000,2.000000,0.689444,0.029434,3.765289
1319.000000,2.000000,0.689167,0.029452,3.765131
1320.000000,2.000000,0.688889,0.029470,3.764974
1321.000000,2.000000,0.688611,0.029488,3.764818
1322.000000,2.000000,0.688333,0.029504,3.764662
1323.000000,2.000000,0.688056,0.029521,3.764507
1324.000000,2.000000,0.687778,0.029536,3.764353
1325.000000,2.000000,0.687500,0.029551,3.764199
1326.000000,2.000000,0.687222,0.029566,3.764045
1327.000000,2.000000,0.686944,0.029580,3.763892
1328.000000,2.000000,0.686667,0.029594,3.763739
1329.000000,2.000000,0.686389,0.029607,3.763587
1330.000000,2.000000,0.686111,0.029620,3.763435
1331.000000,2.000000,0.685833,0.029633,3.763284
1332.000000,2.000000,0.685556,0.029645,3.763133
1333.000000,2.000000,0.685278,0.029656,3.762982
1334.000000,2.000000,0.685000,0.029668,3.762832
1335.000000,2.000000,0.684722,0.029679,3.762682
1336.000000,2.000000,0.684444,0.029689,3.762533
1337.000000,2.000000,0.684167,0.029699,3.762384
1338.000000,2.000000,0.683889,0.029709,3.762235
1339.000000,2.000000,0.683611,0.029719,3.762087
1340.000000,2.000000,0.683333,0.029728,3.761939
1341.000000,2.000000,0.683056,0.029737,3.761791
1342.000000,2.000000,0.682778,0.029746,3.761643
1343.000000,2.000000,0.682500,0.029754,3.761496
1344.000000,2.000000,0.682222,0.029762,3.761349
1345.000000,2.000000,0.681944,0.029770,3.761203
1346.000000,2.000000,0.681667,0.029777,3.761056
1347.000000,2.000000,0.681389,0.029785,3.760910
1348.000000,2.000000,0.681111,0.029792,3.760764
1349.000000,2.000000,0.680833,0.029798,3.760618
1350.000000,2.000000,0.680556,0.029805,3.760473
1351.000000,2.000000,0.680278,0.029811,3.760327
1352.000000,2.000000,0.680000,0.029818,3.760182
1353.000000,2.000000,0.679722,0.029824,3.760037
1354.000000,2.000000,0.679444,0.029829,3.759893
1355.000000,2.000000,0.679167,0.029835,3.759748
1356.000000,2.000000,0.678889,0.029840,3.759604
1357.000000,2.000000,0.678611,0.029846,3.759460
1358.000000,2.000000,0.678333,0.029851,3.759316
1359.000000,2.000000,0.678056,0.029856,3.759172
1360.000000,2.000000,0.677778,0.029860,3.759029
1361.000000,2.000000,0.677500,0.029865,3.758885
1362.000000,2.000000,0.677222,0.029869,3.758742
1363.000000,2.000000,0.676944,0.029874,3.758599
1364.000000,2.000000,0.676667,0.029878,3.758456
1365.000000,2.000000,0.676389,0.029882,3.758313
1366.000000,2.000000,0.676111,0.029886,3.758170
1367.000000,2.000000,0.675833,0.029889,3.758027
1368.000000,2.000000,0.675556,0.029893,3.757885
1369.000000,2.000000,0.675278,0.029897,3.757742
1370.000000,2.000000,0.675000,0.029900,3.757600
1371.000000,2.000000,0.674722,0.029903,3.757458
1372.000000,2.000000,0.674444,0.029906,3.757316
1373.000000,2.000000,0.674167,0.029909,3.757174
1374.000000,2.000000,0.673889,0.029912,3.757032
1375.000000,2.000000,0.673611,0.029915,3.756890
1376.000000,2.000000,0.673333,0.029918,3.756749
1377.000000,2.000000,0.673056,0.029921,3.756607
1378.000000,2.000000,0.672778,0.029923,3.756466
1379.000000,2.000000,0.672500,0.029926,3.756324
1380.000000,2.000000,0.672222,0.029928,3.756183
1381.000000,2.000000,0.671944,0.029931,3.756042
1382.000000,2.000000,0.671667,0.029933,3.755900
1383.000000,2.000000,0.671389,0.029935,3.755759
1384.000000,2.000000,0.671111,0.029937,3.755618
1385.000000,2.000000,0.670833,0.029939,3.755477
1386.000000,2.000000,0.670556,0.029941,3.755336
1387.000000,2.000000,0.670278,0.029943,3.755196
1388.000000,2.000000,0.670000,0.029945,3.755055
1389.000000,2.000000,0.669722,0.029947,3.754914
1390.000000,2.000000,0.669444,0.029949,3.754774
1391.000000,2.000000,0.669167,0.029950,3.754633
1392.000000,2.000000,0.668889,0.029952,3.754493
1393.000000,2.000000,0.668611,0.029954,3.754352
1394.000000,2.000000,0.668333,0.029955,3.754212
1395.000000,2.000000,0.668056,0.029957,3.754071
1396.000000,2.000000,0.667778,0.029958,3.753931
1397.000000,2.000000,0.667500,0.029959,3.753791
1398.000000,2.000000,0.667222,0.029961,3.753650
1399.000000,2.000000,0.666944,0.029962,3.753510
1400.000000,2.000000,0.666667,0.029963,3.753370
1401.000000,2.000000,0.666389,0.029964,3.753230
1402.000000,2.000000,0.666111,0.029966,3.753090
1403.000000,2.000000,0.665833,0.029967,3.752950
1404.000000,2.000000,0.665556,0.029968,3.752810
1405.000000,2.000000,0.665278,0.029969,3.752670
1406.000000,2.000000,0.665000,0.029970,3.752530
1407.000000,2.000000,0.664722,0.029971,3.752390
1408.000000,2.000000,0.664444,0.029972,3.752250
1409.000000,2.000000,0.664167,0.029973,3.752111
1410.000000,2.000000,0.663889,0.029974,3.751971
1411.000000,2.000000,0.663611,0.029974,3.751831
1412.000000,2.000000,0.663333,0.029975,3.751691
1413.000000,2.000000,0.663056,0.029976,3.751552
1414.000000,2.000000,0.662778,0.029977,3.751412
1415.000000,2.000000,0.662500,0.029978,3.751272
1416.000000,2.000000,0.662222,0.029978,3.751133
1417.000000,2.000000,0.661944,0.029979,3.750993
1418.000000,2.000000,0.661667,0.029980,3.750854
1419.000000,2.000000,0.661389,0.029980,3.750714
1420.000000,2.000000,0.661111,0.029981,3.750574
1421.000000,2.000000,0.660833,0.029982,3.750435
1422.000000,2.000000,0.660556,0.029982,3.750295
1423.000000,2.000000,0.660278,0.029983,3.750156
1424.000000,2.000000,0.660000,0.029983,3.750017
1425.000000,2.000000,0.659722,0.029984,3.749877
1426.000000,2.000000,0.659444,0.029985,3.749738
1427.000000,2.000000,0.659167,0.029985,3.749598
1428.000000,2.000000,0.658889,0.029986,3.749459
1429.000000,2.000000,0.658611,0.029986,3.749320
1430.000000,2.000000,0.658333,0.029986,3.749180
1431.000000,2.000000,0.658056,0.029987,3.749041
1432.000000,2.000000,0.657778,0.029987,3.748902
1433.000000,2.000000,0.657500,0.029988,3.748762
1434.000000,2.000000,0.657222,0.029988,3.748623
1435.000000,2.000000,0.656944,0.029989,3.748484
1436.000000,2.000000,0.656667,0.029989,3.748344
1437.000000,2.000000,0.656389,0.029989,3.748205
1438.000000,2.000000,0.656111,0.029990,3.748066
1439.000000,2.000000,0.655833,0.029990,3.747927
1440.000000,2.000000,0.655556,0.029990,3.747787
1441.000000,2.000000,0.655278,0.029991,3.747648
1442.000000,2.000000,0.655000,0.029991,3.747509
1443.000000,2.000000,0.654722,0.029991,3.747370
1444.000000,2.000000,0.654444,0.029992,3.747231
1445.000000,2.000000,0.654167,0.029992,3.747092
1446.000000,2.000000,0.653889,0.029992,3.746952
1447.000000,2.000000,0.653611,0.029992,3.746813
1448.000000,2.000000,0.653333,0.029993,3.746674
1449.000000,2.000000,0.653056,0.029993,3.746535
1450.000000,2.000000,0.652778,0.029993,3.746396
1451.000000,2.000000,0.652500,0.029993,3.746257
1452.000000,2.000000,0.652222,0.029993,3.746118
1453.000000,2.000000,0.651944,0.029994,3.745979
1454.000000,2.000000,0.651667,0.029994,3.745839
1455.000000,2.000000,0.651389,0.029994,3.745700
1456.000000,2.000000,0.651111,0.029994,3.745561
1457.000000,2.000000,0.650833,0.029994,3.745422
1458.000000,2.000000,0.650556,0.029995,3.745283
1459.000000,2.000000,0.650278,0.029995,3.745144
1460.000000,2.000000,0.650000,0.029995,3.745005
1461.000000,2.000000,0.649722,0.029995,3.744866
1462.000000,2.000000,0.649444,0.029995,3.744727
1463.000000,2.000000,0.649167,0.029995,3.744588
1464.000000,2.000000,0.648889,0.029996,3.744449
1465.000000,2.000000,0.648611,0.029996,3.744310
1466.000000,2.000000,0.648333,0.029996,3.744171
1467.000000,2.000000,0.648056,0.029996,3.744032
1468.000000,2.000000,0.647778,0.029996,3.743893
1469.000000,2.000000,0.647500,0.029996,3.743754
1470.000000,2.000000,0.647222,0.029996,3.743615
1471.000000,2.000000,0.646944,0.029997,3.743476
1472.000000,2.000000,0.646667,0.029997,3.743337
1473.000000,2.000000,0.646389,0.029997,3.743198
1474.000000,2.000000,0.646111,0.029997,3.743059
1475.000000,2.000000,0.645833,0.029997,3.742920
1476.000000,2.000000,0.645556,0.029997,3.742781
1477.000000,2.000000,0.645278,0.029997,3.742642
1478.000000,2.000000,0.645000,0.029997,3.742503
1479.000000,2.000000,0.644722,0.029997,3.742364
1480.000000,2.000000,0.644444,0.029997,3.742225
1481.000000,2.000000,0.644167,0.029998,3.742086
1482.000000,2.000000,0.643889,0.029998,3.741947
1483.000000,2.000000,0.643611,0.029998,3.741808
1484.000000,2.000000,0.643333,0.029998,3.741669
1485.000000,2.000000,0.643056,0.029998,3.741530
1486.000000,2.000000,0.642778,0.029998,3.741391
1487.000000,2.000000,0.642500,0.029998,3.741252
1488.000000,2.000000,0.642222,0.029998,3.741113
1489.000000,2.000000,0.641944,0.029998,3.740974
1490.000000,2.000000,0.641667,0.029998,3.740835
1491.000000,2.000000,0.641389,0.029998,3.740696
1492.000000,2.000000,0.641111,0.029998,3.740557
1493.000000,2.000000,0.640833,0.029998,3.740418
1494.000000,2.000000,0.640556,0.029998,3.740279
1495.000000,2.000000,0.640278,0.029998,3.740140
1496.000000,2.000000,0.640000,0.029998,3.740002
1497.000000,2.000000,0.639722,0.029999,3.739863
1498.000000,2.000000,0.639444,0.029999,3.739724
1499.000000,2.000000,0.639167,0.029999,3.739585
1500.000000,2.000000,0.638889,0.029999,3.739446
1501.000000,2.000000,0.638611,0.029999,3.739307
1502.000000,2.000000,0.638333,0.029999,3.739168
1503.000000,2.000000,0.638056,0.029999,3.739029
1504.000000,2.000000,0.637778,0.029999,3.738890
1505.000000,2.000000,0.637500,0.029999,3.738751
1506.000000,2.000000,0.637222,0.029999,3.738612
1507.000000,2.000000,0.636944,0.029999,3.738473
1508.000000,2.000000,0.636667,0.029999,3.738334
1509.000000,2.000000,0.636389,0.029999,3.738195
1510.000000,2.000000,0.636111,0.029999,3.738056
1511.000000,2.000000,0.635833,0.029999,3.737918
1512.000000,2.000000,0.635556,0.029999,3.737779
1513.000000,2.000000,0.635278,0.029999,3.737640
1514.000000,2.000000,0.635000,0.029999,3.737501
1515.000000,2.000000,0.634722,0.029999,3.737362
1516.000000,2.000000,0.634444,0.029999,3.737223
1517.000000,2.000000,0.634167,0.029999,3.737084
1518.000000,2.000000,0.633889,0.029999,3.736945
1519.000000,2.000000,0.633611,0.029999,3.736806
1520.000000,2.000000,0.633333,0.029999,3.736667
1521.000000,2.000000,0.633056,0.029999,3.736528
1522.000000,2.000000,0.632778,0.029999,3.736390
1523.000000,2.000000,0.632500,0.029999,3.736251
1524.000000,2.000000,0.632222,0.029999,3.736112
1525.000000,2.000000,0.631944,0.029999,3.735973
1526.000000,2.000000,0.631667,0.029999,3.735834
1527.000000,2.000000,0.631389,0.029999,3.735695
1528.000000,2.000000,0.631111,0.029999,3.735556
1529.000000,2.000000,0.630833,0.030000,3.735417
1530.000000,2.000000,0.630556,0.030000,3.735278
1531.000000,2.000000,0.630278,0.030000,3.735139
1532.000000,2.000000,0.630000,0.030000,3.735000
1533.000000,2.000000,0.629722,0.030000,3.734862
1534.000000,2.000000,0.629444,0.030000,3.734723
1535.000000,2.000000,0.629167,0.030000,3.734584
1536.000000,2.000000,0.628889,0.030000,3.734445
1537.000000,2.000000,0.628611,0.030000,3.734306
1538.000000,2.000000,0.628333,0.030000,3.734167
1539.000000,2.000000,0.628056,0.030000,3.734028
1540.000000,2.000000,0.627778,0.030000,3.733889
1541.000000,2.000000,0.627500,0.030000,3.733750
1542.000000,2.000000,0.627222,0.030000,3.733611
1543.000000,2.000000,0.626944,0.030000,3.733473
1544.000000,2.000000,0.626667,0.030000,3.733334
1545.000000,2.000000,0.626389,0.030000,3.733195
1546.000000,2.000000,0.626111,0.030000,3.733056
1547.000000,2.000000,0.625833,0.030000,3.732917
1548.000000,2.000000,0.625556,0.030000,3.732778
1549.000000,2.000000,0.625278,0.030000,3.732639
1550.000000,2.000000,0.625000,0.030000,3.732500
1551.000000,2.000000,0.624722,0.030000,3.732361
1552.000000,2.000000,0.624444,0.030000,3.732222
1553.000000,2.000000,0.624167,0.030000,3.732084
1554.000000,2.000000,0.623889,0.030000,3.731945
1555.000000,2.000000,0.623611,0.030000,3.731806
1556.000000,2.000000,0.623333,0.030000,3.731667
1557.000000,2.000000,0.623056,0.030000,3.731528
1558.000000,2.000000,0.622778,0.030000,3.731389
1559.000000,2.000000,0.622500,0.030000,3.731250
1560.000000,2.000000,0.622222,0.030000,3.731111
1561.000000,2.000000,0.621944,0.030000,3.730972
1562.000000,2.000000,0.621667,0.030000,3.730833
1563.000000,2.000000,0.621389,0.030000,3.730695
1564.000000,2.000000,0.621111,0.030000,3.730556
1565.000000,2.000000,0.620833,0.030000,3.730417
1566.000000,2.000000,0.620556,0.030000,3.730278
1567.000000,2.000000,0.620278,0.030000,3.730139
1568.000000,2.000000,0.620000,0.030000,3.730000
1569.000000,2.000000,0.619722,0.030000,3.729861
1570.000000,2.000000,0.619444,0.030000,3.729722
1571.000000,2.000000,0.619167,0.030000,3.729583
1572.000000,2.000000,0.618889,0.030000,3.729445
1573.000000,2.000000,0.618611,0.030000,3.729306
1574.000000,2.000000,0.618333,0.030000,3.729167
1575.000000,2.000000,0.618056,0.030000,3.729028
1576.000000,2.000000,0.617778,0.030000,3.728889
1577.000000,2.000000,0.617500,0.030000,3.728750
1578.000000,2.000000,0.617222,0.030000,3.728611
1579.000000,2.000000,0.616944,0.030000,3.728472
1580.000000,2.000000,0.616667,0.030000,3.728333
1581.000000,2.000000,0.616389,0.030000,3.728195
1582.000000,2.000000,0.616111,0.030000,3.728056
1583.000000,2.000000,0.615833,0.030000,3.727917
1584.000000,2.000000,0.615556,0.030000,3.727778
1585.000000,2.000000,0.615278,0.030000,3.727639
1586.000000,2.000000,0.615000,0.030000,3.727500
1587.000000,2.000000,0.614722,0.030000,3.727361
1588.000000,2.000000,0.614444,0.030000,3.727222
1589.000000,2.000000,0.614167,0.030000,3.727083
1590.000000,2.000000,0.613889,0.030000,3.726945
1591.000000,2.000000,0.613611,0.030000,3.726806
1592.000000,2.000000,0.613333,0.030000,3.726667
1593.000000,2.000000,0.613056,0.030000,3.726528
1594.000000,2.000000,0.612778,0.030000,3.726389
1595.000000,2.000000,0.612500,0.030000,3.726250
1596.000000,2.000000,0.612222,0.030000,3.726111
1597.000000,2.000000,0.611944,0.030000,3.725972
1598.000000,2.000000,0.611667,0.030000,3.725833
1599.000000,2.000000,0.611389,0.030000,3.725694
1600.000000,2.000000,0.611111,0.030000,3.725556
1601.000000,2.000000,0.610833,0.030000,3.725417
1602.000000,2.000000,0.610556,0.030000,3.725278
1603.000000,2.000000,0.610278,0.030000,3.725139
1604.000000,2.000000,0.610000,0.030000,3.725000
1605.000000,2.000000,0.609722,0.030000,3.724861
1606.000000,2.000000,0.609444,0.030000,3.724722
1607.000000,2.000000,0.609167,0.030000,3.724583
1608.000000,2.000000,0.608889,0.030000,3.724444
1609.000000,2.000000,0.608611,0.030000,3.724306
1610.000000,2.000000,0.608333,0.030000,3.724167
1611.000000,2.000000,0.608056,0.030000,3.724028
1612.000000,2.000000,0.607778,0.030000,3.723889
1613.000000,2.000000,0.607500,0.030000,3.723750
1614.000000,2.000000,0.607222,0.030000,3.723611
1615.000000,2.000000,0.606944,0.030000,3.723472
1616.000000,2.000000,0.606667,0.030000,3.723333
1617.000000,2.000000,0.606389,0.030000,3.723194
1618.000000,2.000000,0.606111,0.030000,3.723056
1619.000000,2.000000,0.605833,0.030000,3.722917
1620.000000,2.000000,0.605556,0.030000,3.722778
1621.000000,2.000000,0.605278,0.030000,3.722639
1622.000000,2.000000,0.605000,0.030000,3.722500
1623.000000,2.000000,0.604722,0.030000,3.722361
1624.000000,2.000000,0.604444,0.030000,3.722222
1625.000000,2.000000,0.604167,0.030000,3.722083
1626.000000,2.000000,0.603889,0.030000,3.721944
1627.000000,2.000000,0.603611,0.030000,3.721806
1628.000000,2.000000,0.603333,0.030000,3.721667
1629.000000,2.000000,0.603056,0.030000,3.721528
1630.000000,2.000000,0.602778,0.030000,3.721389
1631.000000,2.000000,0.602500,0.030000,3.721250
1632.000000,2.000000,0.602222,0.030000,3.721111
1633.000000,2.000000,0.601944,0.030000,3.720972
1634.000000,2.000000,0.601667,0.030000,3.720833
1635.000000,2.000000,0.601389,0.030000,3.720694
1636.000000,2.000000,0.601111,0.030000,3.720556
1637.000000,2.000000,0.600833,0.030000,3.720417
1638.000000,2.000000,0.600556,0.030000,3.720278
1639.000000,2.000000,0.600278,0.030000,3.720139
1640.000000,2.000000,0.600000,0.030000,3.720000
1641.000000,2.000000,0.599722,0.030000,3.719861
1642.000000,2.000000,0.599444,0.030000,3.719722
1643.000000,2.000000,0.599167,0.030000,3.719583
1644.000000,2.000000,0.598889,0.030000,3.719444
1645.000000,2.000000,0.598611,0.030000,3.719306
1646.000000,2.000000,0.598333,0.030000,3.719167
1647.000000,2.000000,0.598056,0.030000,3.719028
1648.000000,2.000000,0.597778,0.030000,3.718889
1649.000000,2.000000,0.597500,0.030000,3.718750
1650.000000,2.000000,0.597222,0.030000,3.718611
1651.000000,2.000000,0.596944,0.030000,3.718472
1652.000000,2.000000,0.596667,0.030000,3.718333
1653.000000,2.000000,0.596389,0.030000,3.718194
1654.000000,2.000000,0.596111,0.030000,3.718056
1655.000000,2.000000,0.595833,0.030000,3.717917
1656.000000,2.000000,0.595556,0.030000,3.717778
1657.000000,2.000000,0.595278,0.030000,3.717639
1658.000000,2.000000,0.595000,0.030000,3.717500
1659.000000,2.000000,0.594722,0.030000,3.717361
1660.000000,2.000000,0.594444,0.030000,3.717222
1661.000000,2.000000,0.594167,0.030000,3.717083
1662.000000,2.000000,0.593889,0.030000,3.716944
1663.000000,2.000000,0.593611,0.030000,3.716806
1664.000000,2.000000,0.593333,0.030000,3.716667
1665.000000,2.000000,0.593056,0.030000,3.716528
1666.000000,2.000000,0.592778,0.030000,3.716389
1667.000000,2.000000,0.592500,0.030000,3.716250
1668.000000,2.000000,0.592222,0.030000,3.716111
1669.000000,2.000000,0.591944,0.030000,3.715972
1670.000000,2.000000,0.591667,0.030000,3.715833
1671.000000,2.000000,0.591389,0.030000,3.715694
1672.000000,2.000000,0.591111,0.030000,3.715556
1673.000000,2.000000,0.590833,0.030000,3.715417
1674.000000,2.000000,0.590556,0.030000,3.715278
1675.000000,2.000000,0.590278,0.030000,3.715139
1676.000000,2.000000,0.590000,0.030000,3.715000
1677.000000,2.000000,0.589722,0.030000,3.714861
1678.000000,2.000000,0.589444,0.030000,3.714722
1679.000000,2.000000,0.589167,0.030000,3.714583
1680.000000,2.000000,0.588889,0.030000,3.714444
1681.000000,2.000000,0.588611,0.030000,3.714306
1682.000000,2.000000,0.588333,0.030000,3.714167
1683.000000,2.000000,0.588056,0.030000,3.714028
1684.000000,2.000000,0.587778,0.030000,3.713889
1685.000000,2.000000,0.587500,0.030000,3.713750
1686.000000,2.000000,0.587222,0.030000,3.713611
1687.000000,2.000000,0.586944,0.030000,3.713472
1688.000000,2.000000,0.586667,0.030000,3.713333
1689.000000,2.000000,0.586389,0.030000,3.713194
1690.000000,2.000000,0.586111,0.030000,3.713056
1691.000000,2.000000,0.585833,0.030000,3.712917
1692.000000,2.000000,0.585556,0.030000,3.712778
1693.000000,2.000000,0.585278,0.030000,3.712639
1694.000000,2.000000,0.585000,0.030000,3.712500
1695.000000,2.000000,0.584722,0.030000,3.712361
1696.000000,2.000000,0.584444,0.030000,3.712222
1697.000000,2.000000,0.584167,0.030000,3.712083
1698.000000,2.000000,0.583889,0.030000,3.711944
1699.000000,2.000000,0.583611,0.030000,3.711806
1700.000000,0.000000,0.583333,0.030000,3.731667
1701.000000,0.000000,0.583333,0.029016,3.732650
1702.000000,0.000000,0.583333,0.028065,3.733601
1703.000000,0.000000,0.583333,0.027145,3.734522
1704.000000,0.000000,0.583333,0.026255,3.735411
1705.000000,0.000000,0.583333,0.025394,3.736272
1706.000000,0.000000,0.583333,0.024562,3.737105
1707.000000,0.000000,0.583333,0.023757,3.737910
1708.000000,0.000000,0.583333,0.022978,3.738689
1709.000000,0.000000,0.583333,0.022225,3.739442
1710.000000,0.000000,0.583333,0.021496,3.740171
1711.000000,0.000000,0.583333,0.020791,3.740875
1712.000000,0.000000,0.583333,0.020110,3.741557
1713.000000,0.000000,0.583333,0.019450,3.742216
1714.000000,0.000000,0.583333,0.018813,3.742854
1715.000000,0.000000,0.583333,0.018196,3.743471
1716.000000,0.000000,0.583333,0.017599,3.744067
1717.000000,0.000000,0.583333,0.017022,3.744644
1718.000000,0.000000,0.583333,0.016464,3.745202
1719.000000,0.000000,0.583333,0.015925,3.745742
1720.000000,0.000000,0.583333,0.015403,3.746264
1721.000000,0.000000,0.583333,0.014898,3.746769
1722.000000,0.000000,0.583333,0.014409,3.747258
1723.000000,0.000000,0.583333,0.013937,3.747730
1724.000000,0.000000,0.583333,0.013480,3.748187
1725.000000,0.000000,0.583333,0.013038,3.748629
1726.000000,0.000000,0.583333,0.012611,3.749056
1727.000000,0.000000,0.583333,0.012197,3.749470
1728.000000,0.000000,0.583333,0.011797,3.749869
1729.000000,0.000000,0.583333,0.011410,3.750256
1730.000000,0.000000,0.583333,0.011036,3.750630
1731.000000,0.000000,0.583333,0.010675,3.750992
1732.000000,0.000000,0.583333,0.010325,3.751342
1733.000000,0.000000,0.583333,0.009986,3.751681
1734.000000,0.000000,0.583333,0.009659,3.752008
1735.000000,0.000000,0.583333,0.009342,3.752325
1736.000000,0.000000,0.583333,0.009036,3.752631
1737.000000,0.000000,0.583333,0.008740,3.752927
1738.000000,0.000000,0.583333,0.008453,3.753214
1739.000000,0.000000,0.583333,0.008176,3.753491
1740.000000,0.000000,0.583333,0.007908,3.753759
1741.000000,0.000000,0.583333,0.007649,3.754018
1742.000000,0.000000,0.583333,0.007398,3.754269
1743.000000,0.000000,0.583333,0.007155,3.754511
1744.000000,0.000000,0.583333,0.006921,3.754746
1745.000000,0.000000,0.583333,0.006694,3.754973
1746.000000,0.000000,0.583333,0.006474,3.755192
1747.000000,0.000000,0.583333,0.006262,3.755404
1748.000000,0.000000,0.583333,0.006057,3.755610
1749.000000,0.000000,0.583333,0.005858,3.755808
1750.000000,0.000000,0.583333,0.005666,3.756000
1751.000000,0.000000,0.583333,0.005481,3.756186
1752.000000,0.000000,0.583333,0.005301,3.756366
1753.000000,0.000000,0.583333,0.005127,3.756540
1754.000000,0.000000,0.583333,0.004959,3.756708
1755.000000,0.000000,0.583333,0.004796,3.756870
1756.000000,0.000000,0.583333,0.004639,3.757028
1757.000000,0.000000,0.583333,0.004487,3.757180
1758.000000,0.000000,0.583333,0.004340,3.757327
1759.000000,0.000000,0.583333,0.004198,3.757469
1760.000000,0.000000,0.583333,0.004060,3.757607
1761.000000,0.000000,0.583333,0.003927,3.757740
1762.000000,0.000000,0.583333,0.003798,3.757868
1763.000000,0.000000,0.583333,0.003674,3.757993
1764.000000,0.000000,0.583333,0.003553,3.758113
1765.000000,0.000000,0.583333,0.003437,3.758230
1766.000000,0.000000,0.583333,0.003324,3.758343
1767.000000,0.000000,0.583333,0.003215,3.758452
1768.000000,0.000000,0.583333,0.003110,3.758557
1769.000000,0.000000,0.583333,0.003008,3.758659
1770.000000,0.000000,0.583333,0.002909,3.758758
1771.000000,0.000000,0.583333,0.002814,3.758853
1772.000000,0.000000,0.583333,0.002722,3.758945
1773.000000,0.000000,0.583333,0.002632,3.759034
1774.000000,0.000000,0.583333,0.002546,3.759121
1775.000000,0.000000,0.583333,0.002463,3.759204
1776.000000,0.000000,0.583333,0.002382,3.759285
1777.000000,0.000000,0.583333,0.002304,3.759363
1778.000000,0.000000,0.583333,0.002228,3.759438
1779.000000,0.000000,0.583333,0.002155,3.759512
1780.000000,0.000000,0.583333,0.002085,3.759582
1781.000000,0.000000,0.583333,0.002016,3.759651
1782.000000,0.000000,0.583333,0.001950,3.759717
1783.000000,0.000000,0.583333,0.001886,3.759781
1784.000000,0.000000,0.583333,0.001824,3.759842
1785.000000,0.000000,0.583333,0.001764,3.759902
1786.000000,0.000000,0.583333,0.001707,3.759960
1787.000000,0.000000,0.583333,0.001651,3.760016
1788.000000,0.000000,0.583333,0.001597,3.760070
1789.000000,0.000000,0.583333,0.001544,3.760122
1790.000000,0.000000,0.583333,0.001494,3.760173
1791.000000,0.000000,0.583333,0.001445,3.760222
1792.000000,0.000000,0.583333,0.001397,3.760269
1793.000000,0.000000,0.583333,0.001351,3.760315
1794.000000,0.000000,0.583333,0.001307,3.760359
1795.000000,0.000000,0.583333,0.001264,3.760402
1796.000000,0.000000,0.583333,0.001223,3.760444
1797.000000,0.000000,0.583333,0.001183,3.760484
1798.000000,0.000000,0.583333,0.001144,3.760523
1799.000000,0.000000,0.583333,0.001106,3.760560
1800.000000,2.000000,0.583333,0.001070,3.740596
1801.000000,2.000000,0.583056,0.002019,3.739509
1802.000000,2.000000,0.582778,0.002936,3.738453
1803.000000,2.000000,0.582500,0.003823,3.737427
1804.000000,2.000000,0.582222,0.004681,3.736430
1805.000000,2.000000,0.581944,0.005511,3.735461
1806.000000,2.000000,0.581667,0.006314,3.734519
1807.000000,2.000000,0.581389,0.007091,3.733604
1808.000000,2.000000,0.581111,0.007842,3.732714
1809.000000,2.000000,0.580833,0.008568,3.731848
1810.000000,2.000000,0.580556,0.009271,3.731007
1811.000000,2.000000,0.580278,0.009950,3.730188
1812.000000,2.000000,0.580000,0.010608,3.729392
1813.000000,2.000000,0.579722,0.011244,3.728618
1814.000000,2.000000,0.579444,0.011858,3.727864
1815.000000,2.000000,0.579167,0.012453,3.727130
1816.000000,2.000000,0.578889,0.013028,3.726416
1817.000000,2.000000,0.578611,0.013585,3.725721
1818.000000,2.000000,0.578333,0.014123,3.725044
1819.000000,2.000000,0.578056,0.014644,3.724384
1820.000000,2.000000,0.577778,0.015147,3.723742
1821.000000,2.000000,0.577500,0.015634,3.723116
1822.000000,2.000000,0.577222,0.016105,3.722506
1823.000000,2.000000,0.576944,0.016560,3.721912
1824.000000,2.000000,0.576667,0.017001,3.721332
1825.000000,2.000000,0.576389,0.017427,3.720767
1826.000000,2.000000,0.576111,0.017839,3.720216
1827.000000,2.000000,0.575833,0.018238,3.719679
1828.000000,2.000000,0.575556,0.018624,3.719154
1829.000000,2.000000,0.575278,0.018997,3.718642
1830.000000,2.000000,0.575000,0.019357,3.718143
1831.000000,2.000000,0.574722,0.019706,3.717655
1832.000000,2.000000,0.574444,0.020044,3.717179
1833.000000,2.000000,0.574167,0.020370,3.716713
1834.000000,2.000000,0.573889,0.020686,3.716259
1835.000000,2.000000,0.573611,0.020991,3.715814
1836.000000,2.000000,0.573333,0.021287,3.715380
1837.000000,2.000000,0.573056,0.021572,3.714956
1838.000000,2.000000,0.572778,0.021848,3.714540
1839.000000,2.000000,0.572500,0.022116,3.714134
1840.000000,2.000000,0.572222,0.022374,3.713737
1841.000000,2.000000,0.571944,0.022624,3.713348
1842.000000,2.000000,0.571667,0.022866,3.712967
1843.000000,2.000000,0.571389,0.023100,3.712595
1844.000000,2.000000,0.571111,0.023326,3.712229
1845.000000,2.000000,0.570833,0.023545,3.711872
1846.000000,2.000000,0.570556,0.023757,3.711521
1847.000000,2.000000,0.570278,0.023961,3.711178
1848.000000,2.000000,0.570000,0.024159,3.710841
1849.000000,2.000000,0.569722,0.024351,3.710510
1850.000000,2.000000,0.569444,0.024536,3.710186
1851.000000,2.000000,0.569167,0.024715,3.709868
1852.000000,2.000000,0.568889,0.024888,3.709556
1853.000000,2.000000,0.568611,0.025056,3.709250
1854.000000,2.000000,0.568333,0.025218,3.708949
1855.000000,2.000000,0.568056,0.025375,3.708653
1856.000000,2.000000,0.567778,0.025526,3.708363
1857.000000,2.000000,0.567500,0.025673,3.708077
1858.000000,2.000000,0.567222,0.025815,3.707796
1859.000000,2.000000,0.566944,0.025952,3.707520
1860.000000,2.000000,0.566667,0.026085,3.707249
1861.000000,2.000000,0.566389,0.026213,3.706981
1862.000000,2.000000,0.566111,0.026337,3.706718
1863.000000,2.000000,0.565833,0.026457,3.706459
1864.000000,2.000000,0.565556,0.026574,3.706204
1865.000000,2.000000,0.565278,0.026686,3.705953
1866.000000,2.000000,0.565000,0.026794,3.705706
1867.000000,2.000000,0.564722,0.026900,3.705462
1868.000000,2.000000,0.564444,0.027001,3.705221
1869.000000,2.000000,0.564167,0.027100,3.704984
1870.000000,2.000000,0.563889,0.027195,3.704750
1871.000000,2.000000,0.563611,0.027287,3.704519
1872.000000,2.000000,0.563333,0.027376,3.704291
1873.000000,2.000000,0.563056,0.027462,3.704066
1874.000000,2.000000,0.562778,0.027545,3.703844
1875.000000,2.000000,0.562500,0.027625,3.703625
1876.000000,2.000000,0.562222,0.027703,3.703408
1877.000000,2.000000,0.561944,0.027778,3.703194
1878.000000,2.000000,0.561667,0.027851,3.702982
1879.000000,2.000000,0.561389,0.027922,3.702773
1880.000000,2.000000,0.561111,0.027990,3.702566
1881.000000,2.000000,0.560833,0.028056,3.702361
1882.000000,2.000000,0.560556,0.028119,3.702158
1883.000000,2.000000,0.560278,0.028181,3.701958
1884.000000,2.000000,0.560000,0.028241,3.701759
1885.000000,2.000000,0.559722,0.028298,3.701563
1886.000000,2.000000,0.559444,0.028354,3.701368
1887.000000,2.000000,0.559167,0.028408,3.701175
1888.000000,2.000000,0.558889,0.028460,3.700984
1889.000000,2.000000,0.558611,0.028511,3.700795
1890.000000,2.000000,0.558333,0.028560,3.700607
1891.000000,2.000000,0.558056,0.028607,3.700421
1892.000000,2.000000,0.557778,0.028653,3.700236
1893.000000,2.000000,0.557500,0.028697,3.700053
1894.000000,2.000000,0.557222,0.028739,3.699872
1895.000000,2.000000,0.556944,0.028781,3.699691
1896.000000,2.000000,0.556667,0.028821,3.699513
1897.000000,2.000000,0.556389,0.028859,3.699335
1898.000000,2.000000,0.556111,0.028897,3.699159
1899.000000,2.000000,0.555833,0.028933,3.698984
1900.000000,2.000000,0.555556,0.028968,3.698810
1901.000000,2.000000,0.555278,0.029002,3.698637
1902.000000,2.000000,0.555000,0.029035,3.698465
1903.000000,2.000000,0.554722,0.029066,3.698295
1904.000000,2.000000,0.554444,0.029097,3.698125
1905.000000,2.000000,0.554167,0.029126,3.697957
1906.000000,2.000000,0.553889,0.029155,3.697789
1907.000000,2.000000,0.553611,0.029183,3.697623
1908.000000,2.000000,0.553333,0.029210,3.697457
1909.000000,2.000000,0.553056,0.029235,3.697292
1910.000000,2.000000,0.552778,0.029261,3.697128
1911.000000,2.000000,0.552500,0.029285,3.696965
1912.000000,2.000000,0.552222,0.029308,3.696803
1913.000000,2.000000,0.551944,0.029331,3.696641
1914.000000,2.000000,0.551667,0.029353,3.696481
1915.000000,2.000000,0.551389,0.029374,3.696320
1916.000000,2.000000,0.551111,0.029395,3.696161
1917.000000,2.000000,0.550833,0.029414,3.696002
1918.000000,2.000000,0.550556,0.029434,3.695844
1919.000000,2.000000,0.550278,0.029452,3.695687
1920.000000,2.000000,0.550000,0.029470,3.695530
1921.000000,2.000000,0.549722,0.029488,3.695374
1922.000000,2.000000,0.549444,0.029504,3.695218
1923.000000,2.000000,0.549167,0.029521,3.695063
1924.000000,2.000000,0.548889,0.029536,3.694908
1925.000000,2.000000,0.548611,0.029551,3.694754
1926.000000,2.000000,0.548333,0.029566,3.694600
1927.000000,2.000000,0.548056,0.029580,3.694447
1928.000000,2.000000,0.547778,0.029594,3.694295
1929.000000,2.000000,0.547500,0.029607,3.694143
1930.000000,2.000000,0.547222,0.029620,3.693991
1931.000000,2.000000,0.546944,0.029633,3.693839
1932.000000,2.000000,0.546667,0.029645,3.693689
1933.000000,2.000000,0.546389,0.029656,3.693538
1934.000000,2.000000,0.546111,0.029668,3.693388
1935.000000,2.000000,0.545833,0.029679,3.693238
1936.000000,2.000000,0.545556,0.029689,3.693089
1937.000000,2.000000,0.545278,0.029699,3.692940
1938.000000,2.000000,0.545000,0.029709,3.692791
1939.000000,2.000000,0.544722,0.029719,3.692642
1940.000000,2.000000,0.544444,0.029728,3.692494
1941.000000,2.000000,0.544167,0.029737,3.692346
1942.000000,2.000000,0.543889,0.029746,3.692199
1943.000000,2.000000,0.543611,0.029754,3.692052
1944.000000,2.000000,0.543333,0.029762,3.691905
1945.000000,2.000000,0.543056,0.029770,3.691758
1946.000000,2.000000,0.542778,0.029777,3.691612
1947.000000,2.000000,0.542500,0.029785,3.691465
1948.000000,2.000000,0.542222,0.029792,3.691319
1949.000000,2.000000,0.541944,0.029798,3.691174
1950.000000,2.000000,0.541667,0.029805,3.691028
1951.000000,2.000000,0.541389,0.029811,3.690883
1952.000000,2.000000,0.541111,0.029818,3.690738
1953.000000,2.000000,0.540833,0.029824,3.690593
1954.000000,2.000000,0.540556,0.029829,3.690448
1955.000000,2.000000,0.540278,0.029835,3.690304
1956.000000,2.000000,0.540000,0.029840,3.690160
1957.000000,2.000000,0.539722,0.029846,3.690015
1958.000000,2.000000,0.539444,0.029851,3.689872
1959.000000,2.000000,0.539167,0.029856,3.689728
1960.000000,2.000000,0.538889,0.029860,3.689584
1961.000000,2.000000,0.538611,0.029865,3.689441
1962.000000,2.000000,0.538333,0.029869,3.689297
1963.000000,2.000000,0.538056,0.029874,3.689154
1964.000000,2.000000,0.537778,0.029878,3.689011
1965.000000,2.000000,0.537500,0.029882,3.688868
1966.000000,2.000000,0.537222,0.029886,3.688725
1967.000000,2.000000,0.536944,0.029889,3.688583
1968.000000,2.000000,0.536667,0.029893,3.688440
1969.000000,2.000000,0.536389,0.029897,3.688298
1970.000000,2.000000,0.536111,0.029900,3.688156
1971.000000,2.000000,0.535833,0.029903,3.688013
1972.000000,2.000000,0.535556,0.029906,3.687871
1973.000000,2.000000,0.535278,0.029909,3.687729
1974.000000,2.000000,0.535000,0.029912,3.687588
1975.000000,2.000000,0.534722,0.029915,3.687446
1976.000000,2.000000,0.534444,0.029918,3.687304
1977.000000,2.000000,0.534167,0.029921,3.687163
1978.000000,2.000000,0.533889,0.029923,3.687021
1979.000000,2.000000,0.533611,0.029926,3.686880
1980.000000,2.000000,0.533333,0.029928,3.686738
1981.000000,2.000000,0.533056,0.029931,3.686597
1982.000000,2.000000,0.532778,0.029933,3.686456
1983.000000,2.000000,0.532500,0.029935,3.686315
1984.000000,2.000000,0.532222,0.029937,3.686174
1985.000000,2.000000,0.531944,0.029939,3.686033
1986.000000,2.000000,0.531667,0.029941,3.685892
1987.000000,2.000000,0.531389,0.029943,3.685751
1988.000000,2.000000,0.531111,0.029945,3.685610
1989.000000,2.000000,0.530833,0.029947,3.685470
1990.000000,2.000000,0.530556,0.029949,3.685329
1991.000000,2.000000,0.530278,0.029950,3.685189
1992.000000,2.000000,0.530000,0.029952,3.685048
1993.000000,2.000000,0.529722,0.029954,3.684908
1994.000000,2.000000,0.529444,0.029955,3.684767
1995.000000,2.000000,0.529167,0.029957,3.684627
1996.000000,2.000000,0.528889,0.029958,3.684487
1997.000000,2.000000,0.528611,0.029959,3.684346
1998.000000,2.000000,0.528333,0.029961,3.684206
1999.000000,2.000000,0.528056,0.029962,3.684066
2000.000000,2.000000,0.527778,0.029963,3.683926
2001.000000,2.000000,0.527500,0.029964,3.683786
2002.000000,2.000000,0.527222,0.029966,3.683646
2003.000000,2.000000,0.526944,0.029967,3.683506
2004.000000,2.000000,0.526667,0.029968,3.683366
2005.000000,2.000000,0.526389,0.029969,3.683226
2006.000000,2.000000,0.526111,0.029970,3.683086
2007.000000,2.000000,0.525833,0.029971,3.682946
2008.000000,2.000000,0.525556,0.029972,3.682806
2009.000000,2.000000,0.525278,0.029973,3.682666
2010.000000,2.000000,0.525000,0.029974,3.682526
2011.000000,2.000000,0.524722,0.029974,3.682387
2012.000000,2.000000,0.524444,0.029975,3.682247
2013.000000,2.000000,0.524167,0.029976,3.682107
2014.000000,2.000000,0.523889,0.029977,3.681968
2015.000000,2.000000,0.523611,0.029978,3.681828
2016.000000,2.000000,0.523333,0.029978,3.681688
2017.000000,2.000000,0.523056,0.029979,3.681549
2018.000000,2.000000,0.522778,0.029980,3.681409
2019.000000,2.000000,0.522500,0.029980,3.681270
2020.000000,2.000000,0.522222,0.029981,3.681130
2021.000000,2.000000,0.521944,0.029982,3.680991
2022.000000,2.000000,0.521667,0.029982,3.680851
2023.000000,2.000000,0.521389,0.029983,3.680712
2024.000000,2.000000,0.521111,0.029983,3.680572
2025.000000,2.000000,0.520833,0.029984,3.680433
2026.000000,2.000000,0.520556,0.029985,3.680293
2027.000000,2.000000,0.520278,0.029985,3.680154
2028.000000,2.000000,0.520000,0.029986,3.680014
2029.000000,2.000000,0.519722,0.029986,3.679875
2030.000000,2.000000,0.519444,0.029986,3.679736
2031.000000,2.000000,0.519167,0.029987,3.679596
2032.000000,2.000000,0.518889,0.029987,3.679457
2033.000000,2.000000,0.518611,0.029988,3.679318
2034.000000,2.000000,0.518333,0.029988,3.679179
2035.000000,2.000000,0.518056,0.029989,3.679039
2036.000000,2.000000,0.517778,0.029989,3.678900
2037.000000,2.000000,0.517500,0.029989,3.678761
2038.000000,2.000000,0.517222,0.029990,3.678621
2039.000000,2.000000,0.516944,0.029990,3.678482
2040.000000,2.000000,0.516667,0.029990,3.678343
2041.000000,2.000000,0.516389,0.029991,3.678204
2042.000000,2.000000,0.516111,0.029991,3.678065
2043.000000,2.000000,0.515833,0.029991,3.677925
2044.000000,2.000000,0.515556,0.029992,3.677786
2045.000000,2.000000,0.515278,0.029992,3.677647
2046.000000,2.000000,0.515000,0.029992,3.677508
2047.000000,2.000000,0.514722,0.029992,3.677369
2048.000000,2.000000,0.514444,0.029993,3.677230
2049.000000,2.000000,0.514167,0.029993,3.677091
2050.000000,2.000000,0.513889,0.029993,3.676951
2051.000000,2.000000,0.513611,0.029993,3.676812
2052.000000,2.000000,0.513333,0.029993,3.676673
2053.000000,2.000000,0.513056,0.029994,3.676534
2054.000000,2.000000,0.512778,0.029994,3.676395
2055.000000,2.000000,0.512500,0.029994,3.676256
2056.000000,2.000000,0.512222,0.029994,3.676117
2057.000000,2.000000,0.511944,0.029994,3.675978
2058.000000,2.000000,0.511667,0.029995,3.675839
2059.000000,2.000000,0.511389,0.029995,3.675700
2060.000000,2.000000,0.511111,0.029995,3.675561
2061.000000,2.000000,0.510833,0.029995,3.675421
2062.000000,2.000000,0.510556,0.029995,3.675282
2063.000000,2.000000,0.510278,0.029995,3.675143
2064.000000,2.000000,0.510000,0.029996,3.675004
2065.000000,2.000000,0.509722,0.029996,3.674865
2066.000000,2.000000,0.509444,0.029996,3.674726
2067.000000,2.000000,0.509167,0.029996,3.674587
2068.000000,2.000000,0.508889,0.029996,3.674448
2069.000000,2.000000,0.508611,0.029996,3.674309
2070.000000,2.000000,0.508333,0.029996,3.674170
2071.000000,2.000000,0.508056,0.029997,3.674031
2072.000000,2.000000,0.507778,0.029997,3.673892
2073.000000,2.000000,0.507500,0.029997,3.673753
2074.000000,2.000000,0.507222,0.029997,3.673614
2075.000000,2.000000,0.506944,0.029997,3.673475
2076.000000,2.000000,0.506667,0.029997,3.673336
2077.000000,2.000000,0.506389,0.029997,3.673197
2078.000000,2.000000,0.506111,0.029997,3.673058
2079.000000,2.000000,0.505833,0.029997,3.672919
2080.000000,2.000000,0.505556,0.029997,3.672780
2081.000000,2.000000,0.505278,0.029998,3.672641
2082.000000,2.000000,0.505000,0.029998,3.672502
2083.000000,2.000000,0.504722,0.029998,3.672363
2084.000000,2.000000,0.504444,0.029998,3.672224
2085.000000,2.000000,0.504167,0.029998,3.672085
2086.000000,2.000000,0.503889,0.029998,3.671947
2087.000000,2.000000,0.503611,0.029998,3.671808
2088.000000,2.000000,0.503333,0.029998,3.671669
2089.000000,2.000000,0.503056,0.029998,3.671530
2090.000000,2.000000,0.502778,0.029998,3.671391
2091.000000,2.000000,0.502500,0.029998,3.671252
2092.000000,2.000000,0.502222,0.029998,3.671113
2093.000000,2.000000,0.501944,0.029998,3.670974
2094.000000,2.000000,0.501667,0.029998,3.670835
2095.000000,2.000000,0.501389,0.029998,3.670696
2096.000000,2.000000,0.501111,0.029998,3.670557
2097.000000,2.000000,0.500833,0.029999,3.670418
2098.000000,2.000000,0.500556,0.029999,3.670279
2099.000000,2.000000,0.500278,0.029999,3.670140
2100.000000,2.000000,0.500000,0.029999,3.670001
2101.000000,2.000000,0.499722,0.029999,3.669890
2102.000000,2.000000,0.499444,0.029999,3.669779
2103.000000,2.000000,0.499167,0.029999,3.669668
2104.000000,2.000000,0.498889,0.029999,3.669557
2105.000000,2.000000,0.498611,0.029999,3.669446
2106.000000,2.000000,0.498333,0.029999,3.669334
2107.000000,2.000000,0.498056,0.029999,3.669223
2108.000000,2.000000,0.497778,0.029999,3.669112
2109.000000,2.000000,0.497500,0.029999,3.669001
2110.000000,2.000000,0.497222,0.029999,3.668890
2111.000000,2.000000,0.496944,0.029999,3.668779
2112.000000,2.000000,0.496667,0.029999,3.668668
2113.000000,2.000000,0.496389,0.029999,3.668556
2114.000000,2.000000,0.496111,0.029999,3.668445
2115.000000,2.000000,0.495833,0.029999,3.668334
2116.000000,2.000000,0.495556,0.029999,3.668223
2117.000000,2.000000,0.495278,0.029999,3.668112
2118.000000,2.000000,0.495000,0.029999,3.668001
2119.000000,2.000000,0.494722,0.029999,3.667890
2120.000000,2.000000,0.494444,0.029999,3.667778
2121.000000,2.000000,0.494167,0.029999,3.667667
2122.000000,2.000000,0.493889,0.029999,3.667556
2123.000000,2.000000,0.493611,0.029999,3.667445
2124.000000,2.000000,0.493333,0.029999,3.667334
2125.000000,2.000000,0.493056,0.029999,3.667223
2126.000000,2.000000,0.492778,0.029999,3.667112
2127.000000,2.000000,0.492500,0.029999,3.667001
2128.000000,2.000000,0.492222,0.029999,3.666889
2129.000000,2.000000,0.491944,0.030000,3.666778
2130.000000,2.000000,0.491667,0.030000,3.666667
2131.000000,2.000000,0.491389,0.030000,3.666556
2132.000000,2.000000,0.491111,0.030000,3.666445
2133.000000,2.000000,0.490833,0.030000,3.666334
2134.000000,2.000000,0.490556,0.030000,3.666223
2135.000000,2.000000,0.490278,0.030000,3.666112
2136.000000,2.000000,0.490000,0.030000,3.666000
2137.000000,2.000000,0.489722,0.030000,3.665889
2138.000000,2.000000,0.489444,0.030000,3.665778
2139.000000,2.000000,0.489167,0.030000,3.665667
2140.000000,2.000000,0.488889,0.030000,3.665556
2141.000000,2.000000,0.488611,0.030000,3.665445
2142.000000,2.000000,0.488333,0.030000,3.665334
2143.000000,2.000000,0.488056,0.030000,3.665223
2144.000000,2.000000,0.487778,0.030000,3.665111
2145.000000,2.000000,0.487500,0.030000,3.665000
2146.000000,2.000000,0.487222,0.030000,3.664889
2147.000000,2.000000,0.486944,0.030000,3.664778
2148.000000,2.000000,0.486667,0.030000,3.664667
2149.000000,2.000000,0.486389,0.030000,3.664556
2150.000000,2.000000,0.486111,0.030000,3.664445
2151.000000,2.000000,0.485833,0.030000,3.664334
2152.000000,2.000000,0.485556,0.030000,3.664222
2153.000000,2.000000,0.485278,0.030000,3.664111
2154.000000,2.000000,0.485000,0.030000,3.664000
2155.000000,2.000000,0.484722,0.030000,3.663889
2156.000000,2.000000,0.484444,0.030000,3.663778
2157.000000,2.000000,0.484167,0.030000,3.663667
2158.000000,2.000000,0.483889,0.030000,3.663556
2159.000000,2.000000,0.483611,0.030000,3.663445
2160.000000,2.000000,0.483333,0.030000,3.663334
2161.000000,2.000000,0.483056,0.030000,3.663222
2162.000000,2.000000,0.482778,0.030000,3.663111
2163.000000,2.000000,0.482500,0.030000,3.663000
2164.000000,2.000000,0.482222,0.030000,3.662889
2165.000000,2.000000,0.481944,0.030000,3.662778
2166.000000,2.000000,0.481667,0.030000,3.662667
2167.000000,2.000000,0.481389,0.030000,3.662556
2168.000000,2.000000,0.481111,0.030000,3.662445
2169.000000,2.000000,0.480833,0.030000,3.662333
2170.000000,2.000000,0.480556,0.030000,3.662222
2171.000000,2.000000,0.480278,0.030000,3.662111
2172.000000,2.000000,0.480000,0.030000,3.662000
2173.000000,2.000000,0.479722,0.030000,3.661889
2174.000000,2.000000,0.479444,0.030000,3.661778
2175.000000,2.000000,0.479167,0.030000,3.661667
2176.000000,2.000000,0.478889,0.030000,3.661556
2177.000000,2.000000,0.478611,0.030000,3.661445
2178.000000,2.000000,0.478333,0.030000,3.661333
2179.000000,2.000000,0.478056,0.030000,3.661222
2180.000000,2.000000,0.477778,0.030000,3.661111
2181.000000,2.000000,0.477500,0.030000,3.661000
2182.000000,2.000000,0.477222,0.030000,3.660889
2183.000000,2.000000,0.476944,0.030000,3.660778
2184.000000,2.000000,0.476667,0.030000,3.660667
2185.000000,2.000000,0.476389,0.030000,3.660556
2186.000000,2.000000,0.476111,0.030000,3.660445
2187.000000,2.000000,0.475833,0.030000,3.660333
2188.000000,2.000000,0.475556,0.030000,3.660222
2189.000000,2.000000,0.475278,0.030000,3.660111
2190.000000,2.000000,0.475000,0.030000,3.660000
2191.000000,2.000000,0.474722,0.030000,3.659889
2192.000000,2.000000,0.474444,0.030000,3.659778
2193.000000,2.000000,0.474167,0.030000,3.659667
2194.000000,2.000000,0.473889,0.030000,3.659556
2195.000000,2.000000,0.473611,0.030000,3.659444
2196.000000,2.000000,0.473333,0.030000,3.659333
2197.000000,2.000000,0.473056,0.030000,3.659222
2198.000000,2.000000,0.472778,0.030000,3.659111
2199.000000,2.000000,0.472500,0.030000,3.659000
2200.000000,2.000000,0.472222,0.030000,3.658889
2201.000000,2.000000,0.471944,0.030000,3.658778
2202.000000,2.000000,0.471667,0.030000,3.658667
2203.000000,2.000000,0.471389,0.030000,3.658556
2204.000000,2.000000,0.471111,0.030000,3.658444
2205.000000,2.000000,0.470833,0.030000,3.658333
2206.000000,2.000000,0.470556,0.030000,3.658222
2207.000000,2.000000,0.470278,0.030000,3.658111
2208.000000,2.000000,0.470000,0.030000,3.658000
2209.000000,2.000000,0.469722,0.030000,3.657889
2210.000000,2.000000,0.469444,0.030000,3.657778
2211.000000,2.000000,0.469167,0.030000,3.657667
2212.000000,2.000000,0.468889,0.030000,3.657556
2213.000000,2.000000,0.468611,0.030000,3.657444
2214.000000,2.000000,0.468333,0.030000,3.657333
2215.000000,2.000000,0.468056,0.030000,3.657222
2216.000000,2.000000,0.467778,0.030000,3.657111
2217.000000,2.000000,0.467500,0.030000,3.657000
2218.000000,2.000000,0.467222,0.030000,3.656889
2219.000000,2.000000,0.466944,0.030000,3.656778
2220.000000,2.000000,0.466667,0.030000,3.656667
2221.000000,2.000000,0.466389,0.030000,3.656556
2222.000000,2.000000,0.466111,0.030000,3.656444
2223.000000,2.000000,0.465833,0.030000,3.656333
2224.000000,2.000000,0.465556,0.030000,3.656222
2225.000000,2.000000,0.465278,0.030000,3.656111
2226.000000,2.000000,0.465000,0.030000,3.656000
2227.000000,2.000000,0.464722,0.030000,3.655889
2228.000000,2.000000,0.464444,0.030000,3.655778
2229.000000,2.000000,0.464167,0.030000,3.655667
2230.000000,2.000000,0.463889,0.030000,3.655556
2231.000000,2.000000,0.463611,0.030000,3.655444
2232.000000,2.000000,0.463333,0.030000,3.655333
2233.000000,2.000000,0.463056,0.030000,3.655222
2234.000000,2.000000,0.462778,0.030000,3.655111
2235.000000,2.000000,0.462500,0.030000,3.655000
2236.000000,2.000000,0.462222,0.030000,3.654889
2237.000000,2.000000,0.461944,0.030000,3.654778
2238.000000,2.000000,0.461667,0.030000,3.654667
2239.000000,2.000000,0.461389,0.030000,3.654556
2240.000000,2.000000,0.461111,0.030000,3.654444
2241.000000,2.000000,0.460833,0.030000,3.654333
2242.000000,2.000000,0.460556,0.030000,3.654222
2243.000000,2.000000,0.460278,0.030000,3.654111
2244.000000,2.000000,0.460000,0.030000,3.654000
2245.000000,2.000000,0.459722,0.030000,3.653889
2246.000000,2.000000,0.459444,0.030000,3.653778
2247.000000,2.000000,0.459167,0.030000,3.653667
2248.000000,2.000000,0.458889,0.030000,3.653556
2249.000000,2.000000,0.458611,0.030000,3.653444
2250.000000,2.000000,0.458333,0.030000,3.653333
2251.000000,2.000000,0.458056,0.030000,3.653222
2252.000000,2.000000,0.457778,0.030000,3.653111
2253.000000,2.000000,0.457500,0.030000,3.653000
2254.000000,2.000000,0.457222,0.030000,3.652889
2255.000000,2.000000,0.456944,0.030000,3.652778
2256.000000,2.000000,0.456667,0.030000,3.652667
2257.000000,2.000000,0.456389,0.030000,3.652556
2258.000000,2.000000,0.456111,0.030000,3.652444
2259.000000,2.000000,0.455833,0.030000,3.652333
2260.000000,2.000000,0.455556,0.030000,3.652222
2261.000000,2.000000,0.455278,0.030000,3.652111
2262.000000,2.000000,0.455000,0.030000,3.652000
2263.000000,2.000000,0.454722,0.030000,3.651889
2264.000000,2.000000,0.454444,0.030000,3.651778
2265.000000,2.000000,0.454167,0.030000,3.651667
2266.000000,2.000000,0.453889,0.030000,3.651556
2267.000000,2.000000,0.453611,0.030000,3.651444
2268.000000,2.000000,0.453333,0.030000,3.651333
2269.000000,2.000000,0.453056,0.030000,3.651222
2270.000000,2.000000,0.452778,0.030000,3.651111
2271.000000,2.000000,0.452500,0.030000,3.651000
2272.000000,2.000000,0.452222,0.030000,3.650889
2273.000000,2.000000,0.451944,0.030000,3.650778
2274.000000,2.000000,0.451667,0.030000,3.650667
2275.000000,2.000000,0.451389,0.030000,3.650556
2276.000000,2.000000,0.451111,0.030000,3.650444
2277.000000,2.000000,0.450833,0.030000,3.650333
2278.000000,2.000000,0.450556,0.030000,3.650222
2279.000000,2.000000,0.450278,0.030000,3.650111
2280.000000,2.000000,0.450000,0.030000,3.650000
2281.000000,2.000000,0.449722,0.030000,3.649889
2282.000000,2.000000,0.449444,0.030000,3.649778
2283.000000,2.000000,0.449167,0.030000,3.649667
2284.000000,2.000000,0.448889,0.030000,3.649556
2285.000000,2.000000,0.448611,0.030000,3.649444
2286.000000,2.000000,0.448333,0.030000,3.649333
2287.000000,2.000000,0.448056,0.030000,3.649222
2288.000000,2.000000,0.447778,0.030000,3.649111
2289.000000,2.000000,0.447500,0.030000,3.649000
2290.000000,2.000000,0.447222,0.030000,3.648889
2291.000000,2.000000,0.446944,0.030000,3.648778
2292.000000,2.000000,0.446667,0.030000,3.648667
2293.000000,2.000000,0.446389,0.030000,3.648556
2294.000000,2.000000,0.446111,0.030000,3.648444
2295.000000,2.000000,0.445833,0.030000,3.648333
2296.000000,2.000000,0.445556,0.030000,3.648222
2297.000000,2.000000,0.445278,0.030000,3.648111
2298.000000,2.000000,0.445000,0.030000,3.648000
2299.000000,2.000000,0.444722,0.030000,3.647889
2300.000000,0.000000,0.444444,0.030000,3.667778
2301.000000,0.000000,0.444444,0.029016,3.668761
2302.000000,0.000000,0.444444,0.028065,3.669713
2303.000000,0.000000,0.444444,0.027145,3.670633
2304.000000,0.000000,0.444444,0.026255,3.671523
2305.000000,0.000000,0.444444,0.025394,3.672383
2306.000000,0.000000,0.444444,0.024562,3.673216
2307.000000,0.000000,0.444444,0.023757,3.674021
2308.000000,0.000000,0.444444,0.022978,3.674800
2309.000000,0.000000,0.444444,0.022225,3.675553
2310.000000,0.000000,0.444444,0.021496,3.676282
2311.000000,0.000000,0.444444,0.020791,3.676987
2312.000000,0.000000,0.444444,0.020110,3.677668
2313.000000,0.000000,0.444444,0.019450,3.678327
2314.000000,0.000000,0.444444,0.018813,3.678965
2315.000000,0.000000,0.444444,0.018196,3.679582
2316.000000,0.000000,0.444444,0.017599,3.680178
2317.000000,0.000000,0.444444,0.017022,3.680755
2318.000000,0.000000,0.444444,0.016464,3.681313
2319.000000,0.000000,0.444444,0.015925,3.681853
2320.000000,0.000000,0.444444,0.015403,3.682375
2321.000000,0.000000,0.444444,0.014898,3.682880
2322.000000,0.000000,0.444444,0.014409,3.683369
2323.000000,0.000000,0.444444,0.013937,3.683841
2324.000000,0.000000,0.444444,0.013480,3.684298
2325.000000,0.000000,0.444444,0.013038,3.684740
2326.000000,0.000000,0.444444,0.012611,3.685167
2327.000000,0.000000,0.444444,0.012197,3.685581
2328.000000,0.000000,0.444444,0.011797,3.685981
2329.000000,0.000000,0.444444,0.011410,3.686367
2330.000000,0.000000,0.444444,0.011036,3.686741
2331.000000,0.000000,0.444444,0.010675,3.687103
2332.000000,0.000000,0.444444,0.010325,3.687453
2333.000000,0.000000,0.444444,0.009986,3.687792
2334.000000,0.000000,0.444444,0.009659,3.688119
2335.000000,0.000000,0.444444,0.009342,3.688436
2336.000000,0.000000,0.444444,0.009036,3.688742
2337.000000,0.000000,0.444444,0.008740,3.689038
2338.000000,0.000000,0.444444,0.008453,3.689325
2339.000000,0.000000,0.444444,0.008176,3.689602
2340.000000,0.000000,0.444444,0.007908,3.689870
2341.000000,0.000000,0.444444,0.007649,3.690129
2342.000000,0.000000,0.444444,0.007398,3.690380
2343.000000,0.000000,0.444444,0.007155,3.690622
2344.000000,0.000000,0.444444,0.006921,3.690857
2345.000000,0.000000,0.444444,0.006694,3.691084
2346.000000,0.000000,0.444444,0.006474,3.691303
2347.000000,0.000000,0.444444,0.006262,3.691516
2348.000000,0.000000,0.444444,0.006057,3.691721
2349.000000,0.000000,0.444444,0.005858,3.691919
2350.000000,0.000000,0.444444,0.005666,3.692112
2351.000000,0.000000,0.444444,0.005481,3.692297
2352.000000,0.000000,0.444444,0.005301,3.692477
2353.000000,0.000000,0.444444,0.005127,3.692651
2354.000000,0.000000,0.444444,0.004959,3.692819
2355.000000,0.000000,0.444444,0.004796,3.692981
2356.000000,0.000000,0.444444,0.004639,3.693139
2357.000000,0.000000,0.444444,0.004487,3.693291
2358.000000,0.000000,0.444444,0.004340,3.693438
2359.000000,0.000000,0.444444,0.004198,3.693580
2360.000000,0.000000,0.444444,0.004060,3.693718
2361.000000,0.000000,0.444444,0.003927,3.693851
2362.000000,0.000000,0.444444,0.003798,3.693980
2363.000000,0.000000,0.444444,0.003674,3.694104
2364.000000,0.000000,0.444444,0.003553,3.694225
2365.000000,0.000000,0.444444,0.003437,3.694341
2366.000000,0.000000,0.444444,0.003324,3.694454
2367.000000,0.000000,0.444444,0.003215,3.694563
2368.000000,0.000000,0.444444,0.003110,3.694668
2369.000000,0.000000,0.444444,0.003008,3.694770
2370.000000,0.000000,0.444444,0.002909,3.694869
2371.000000,0.000000,0.444444,0.002814,3.694964
2372.000000,0.000000,0.444444,0.002722,3.695056
2373.000000,0.000000,0.444444,0.002632,3.695145
2374.000000,0.000000,0.444444,0.002546,3.695232
2375.000000,0.000000,0.444444,0.002463,3.695315
2376.000000,0.000000,0.444444,0.002382,3.695396
2377.000000,0.000000,0.444444,0.002304,3.695474
2378.000000,0.000000,0.444444,0.002228,3.695550
2379.000000,0.000000,0.444444,0.002155,3.695623
2380.000000,0.000000,0.444444,0.002085,3.695693
2381.000000,0.000000,0.444444,0.002016,3.695762
2382.000000,0.000000,0.444444,0.001950,3.695828
2383.000000,0.000000,0.444444,0.001886,3.695892
2384.000000,0.000000,0.444444,0.001824,3.695953
2385.000000,0.000000,0.444444,0.001764,3.696013
2386.000000,0.000000,0.444444,0.001707,3.696071
2387.000000,0.000000,0.444444,0.001651,3.696127
2388.000000,0.000000,0.444444,0.001597,3.696181
2389.000000,0.000000,0.444444,0.001544,3.696234
2390.000000,0.000000,0.444444,0.001494,3.696284
2391.000000,0.000000,0.444444,0.001445,3.696333
2392.000000,0.000000,0.444444,0.001397,3.696380
2393.000000,0.000000,0.444444,0.001351,3.696426
2394.000000,0.000000,0.444444,0.001307,3.696471
2395.000000,0.000000,0.444444,0.001264,3.696513
2396.000000,0.000000,0.444444,0.001223,3.696555
2397.000000,0.000000,0.444444,0.001183,3.696595
2398.000000,0.000000,0.444444,0.001144,3.696634
2399.000000,0.000000,0.444444,0.001106,3.696671
2400.000000,2.000000,0.444444,0.001070,3.676708
2401.000000,2.000000,0.444167,0.002019,3.675648
2402.000000,2.000000,0.443889,0.002936,3.674620
2403.000000,2.000000,0.443611,0.003823,3.673621
2404.000000,2.000000,0.443333,0.004681,3.672652
2405.000000,2.000000,0.443056,0.005511,3.671711
2406.000000,2.000000,0.442778,0.006314,3.670797
2407.000000,2.000000,0.442500,0.007091,3.669909
2408.000000,2.000000,0.442222,0.007842,3.669047
2409.000000,2.000000,0.441944,0.008568,3.668209
2410.000000,2.000000,0.441667,0.009271,3.667396
2411.000000,2.000000,0.441389,0.009950,3.666605
2412.000000,2.000000,0.441111,0.010608,3.665837
2413.000000,2.000000,0.440833,0.011244,3.665090
2414.000000,2.000000,0.440556,0.011858,3.664364
2415.000000,2.000000,0.440278,0.012453,3.663658
2416.000000,2.000000,0.440000,0.013028,3.662972
2417.000000,2.000000,0.439722,0.013585,3.662304
2418.000000,2.000000,0.439444,0.014123,3.661655
2419.000000,2.000000,0.439167,0.014644,3.661023
2420.000000,2.000000,0.438889,0.015147,3.660409
2421.000000,2.000000,0.438611,0.015634,3.659811
2422.000000,2.000000,0.438333,0.016105,3.659228
2423.000000,2.000000,0.438056,0.016560,3.658662
2424.000000,2.000000,0.437778,0.017001,3.658110
2425.000000,2.000000,0.437500,0.017427,3.657573
2426.000000,2.000000,0.437222,0.017839,3.657050
2427.000000,2.000000,0.436944,0.018238,3.656540
2428.000000,2.000000,0.436667,0.018624,3.656043
2429.000000,2.000000,0.436389,0.018997,3.655559
2430.000000,2.000000,0.436111,0.019357,3.655087
2431.000000,2.000000,0.435833,0.019706,3.654627
2432.000000,2.000000,0.435556,0.020044,3.654179
2433.000000,2.000000,0.435278,0.020370,3.653741
2434.000000,2.000000,0.435000,0.020686,3.653314
2435.000000,2.000000,0.434722,0.020991,3.652898
2436.000000,2.000000,0.434444,0.021287,3.652491
2437.000000,2.000000,0.434167,0.021572,3.652094
2438.000000,2.000000,0.433889,0.021848,3.651707
2439.000000,2.000000,0.433611,0.022116,3.651329
2440.000000,2.000000,0.433333,0.022374,3.650959
2441.000000,2.000000,0.433056,0.022624,3.650598
2442.000000,2.000000,0.432778,0.022866,3.650245
2443.000000,2.000000,0.432500,0.023100,3.649900
2444.000000,2.000000,0.432222,0.023326,3.649563
2445.000000,2.000000,0.431944,0.023545,3.649233
2446.000000,2.000000,0.431667,0.023757,3.648910
2447.000000,2.000000,0.431389,0.023961,3.648594
2448.000000,2.000000,0.431111,0.024159,3.648285
2449.000000,2.000000,0.430833,0.024351,3.647983
2450.000000,2.000000,0.430556,0.024536,3.647686
2451.000000,2.000000,0.430278,0.024715,3.647396
2452.000000,2.000000,0.430000,0.024888,3.647112
2453.000000,2.000000,0.429722,0.025056,3.646833
2454.000000,2.000000,0.429444,0.025218,3.646560
2455.000000,2.000000,0.429167,0.025375,3.646292
2456.000000,2.000000,0.428889,0.025526,3.646029
2457.000000,2.000000,0.428611,0.025673,3.645771
2458.000000,2.000000,0.428333,0.025815,3.645518
2459.000000,2.000000,0.428056,0.025952,3.645270
2460.000000,2.000000,0.427778,0.026085,3.645026
2461.000000,2.000000,0.427500,0.026213,3.644787
2462.000000,2.000000,0.427222,0.026337,3.644552
2463.000000,2.000000,0.426944,0.026457,3.644320
2464.000000,2.000000,0.426667,0.026574,3.644093
2465.000000,2.000000,0.426389,0.026686,3.643870
2466.000000,2.000000,0.426111,0.026794,3.643650
2467.000000,2.000000,0.425833,0.026900,3.643434
2468.000000,2.000000,0.425556,0.027001,3.643221
2469.000000,2.000000,0.425278,0.027100,3.643012
2470.000000,2.000000,0.425000,0.027195,3.642805
2471.000000,2.000000,0.424722,0.027287,3.642602
2472.000000,2.000000,0.424444,0.027376,3.642402
2473.000000,2.000000,0.424167,0.027462,3.642205
2474.000000,2.000000,0.423889,0.027545,3.642011
2475.000000,2.000000,0.423611,0.027625,3.641819
2476.000000,2.000000,0.423333,0.027703,3.641630
2477.000000,2.000000,0.423056,0.027778,3.641444
2478.000000,2.000000,0.422778,0.027851,3.641260
2479.000000,2.000000,0.422500,0.027922,3.641078
2480.000000,2.000000,0.422222,0.027990,3.640899
2481.000000,2.000000,0.421944,0.028056,3.640722
2482.000000,2.000000,0.421667,0.028119,3.640547
2483.000000,2.000000,0.421389,0.028181,3.640374
2484.000000,2.000000,0.421111,0.028241,3.640204
2485.000000,2.000000,0.420833,0.028298,3.640035
2486.000000,2.000000,0.420556,0.028354,3.639868
2487.000000,2.000000,0.420278,0.028408,3.639703
2488.000000,2.000000,0.420000,0.028460,3.639540
2489.000000,2.000000,0.419722,0.028511,3.639378
2490.000000,2.000000,0.419444,0.028560,3.639218
2491.000000,2.000000,0.419167,0.028607,3.639060
2492.000000,2.000000,0.418889,0.028653,3.638903
2493.000000,2.000000,0.418611,0.028697,3.638748
2494.000000,2.000000,0.418333,0.028739,3.638594
2495.000000,2.000000,0.418056,0.028781,3.638441
2496.000000,2.000000,0.417778,0.028821,3.638290
2497.000000,2.000000,0.417500,0.028859,3.638141
2498.000000,2.000000,0.417222,0.028897,3.637992
2499.000000,2.000000,0.416944,0.028933,3.637845
2500.000000,2.000000,0.416667,0.028968,3.637699
2501.000000,2.000000,0.416389,0.029002,3.637554
2502.000000,2.000000,0.416111,0.029035,3.637410
2503.000000,2.000000,0.415833,0.029066,3.637267
2504.000000,2.000000,0.415556,0.029097,3.637125
2505.000000,2.000000,0.415278,0.029126,3.636985
2506.000000,2.000000,0.415000,0.029155,3.636845
2507.000000,2.000000,0.414722,0.029183,3.636706
2508.000000,2.000000,0.414444,0.029210,3.636568
2509.000000,2.000000,0.414167,0.029235,3.636431
2510.000000,2.000000,0.413889,0.029261,3.636295
2511.000000,2.000000,0.413611,0.029285,3.636160
2512.000000,2.000000,0.413333,0.029308,3.636025
2513.000000,2.000000,0.413056,0.029331,3.635891
2514.000000,2.000000,0.412778,0.029353,3.635758
2515.000000,2.000000,0.412500,0.029374,3.635626
2516.000000,2.000000,0.412222,0.029395,3.635494
2517.000000,2.000000,0.411944,0.029414,3.635363
2518.000000,2.000000,0.411667,0.029434,3.635233
2519.000000,2.000000,0.411389,0.029452,3.635103
2520.000000,2.000000,0.411111,0.029470,3.634974
2521.000000,2.000000,0.410833,0.029488,3.634846
2522.000000,2.000000,0.410556,0.029504,3.634718
2523.000000,2.000000,0.410278,0.029521,3.634591
2524.000000,2.000000,0.410000,0.029536,3.634464
2525.000000,2.000000,0.409722,0.029551,3.634337
2526.000000,2.000000,0.409444,0.029566,3.634212
2527.000000,2.000000,0.409167,0.029580,3.634086
2528.000000,2.000000,0.408889,0.029594,3.633961
2529.000000,2.000000,0.408611,0.029607,3.633837
2530.000000,2.000000,0.408333,0.029620,3.633713
2531.000000,2.000000,0.408056,0.029633,3.633589
2532.000000,2.000000,0.407778,0.029645,3.633466
2533.000000,2.000000,0.407500,0.029656,3.633344
2534.000000,2.000000,0.407222,0.029668,3.633221
2535.000000,2.000000,0.406944,0.029679,3.633099
2536.000000,2.000000,0.406667,0.029689,3.632978
2537.000000,2.000000,0.406389,0.029699,3.632856
2538.000000,2.000000,0.406111,0.029709,3.632735
2539.000000,2.000000,0.405833,0.029719,3.632615
2540.000000,2.000000,0.405556,0.029728,3.632494
2541.000000,2.000000,0.405278,0.029737,3.632374
2542.000000,2.000000,0.405000,0.029746,3.632254
2543.000000,2.000000,0.404722,0.029754,3.632135
2544.000000,2.000000,0.404444,0.029762,3.632016
2545.000000,2.000000,0.404167,0.029770,3.631897
2546.000000,2.000000,0.403889,0.029777,3.631778
2547.000000,2.000000,0.403611,0.029785,3.631660
2548.000000,2.000000,0.403333,0.029792,3.631542
2549.000000,2.000000,0.403056,0.029798,3.631424
2550.000000,2.000000,0.402778,0.029805,3.631306
2551.000000,2.000000,0.402500,0.029811,3.631189
2552.000000,2.000000,0.402222,0.029818,3.631071
2553.000000,2.000000,0.401944,0.029824,3.630954
2554.000000,2.000000,0.401667,0.029829,3.630837
2555.000000,2.000000,0.401389,0.029835,3.630721
2556.000000,2.000000,0.401111,0.029840,3.630604
2557.000000,2.000000,0.400833,0.029846,3.630488
2558.000000,2.000000,0.400556,0.029851,3.630372
2559.000000,2.000000,0.400278,0.029856,3.630256
2560.000000,2.000000,0.400000,0.029860,3.630140
2561.000000,2.000000,0.399722,0.029865,3.629968
2562.000000,2.000000,0.399444,0.029869,3.629797
2563.000000,2.000000,0.399167,0.029874,3.629626
2564.000000,2.000000,0.398889,0.029878,3.629456
2565.000000,2.000000,0.398611,0.029882,3.629285
2566.000000,2.000000,0.398333,0.029886,3.629114
2567.000000,2.000000,0.398056,0.029889,3.628944
2568.000000,2.000000,0.397778,0.029893,3.628774
2569.000000,2.000000,0.397500,0.029897,3.628603
2570.000000,2.000000,0.397222,0.029900,3.628433
2571.000000,2.000000,0.396944,0.029903,3.628263
2572.000000,2.000000,0.396667,0.029906,3.628094
2573.000000,2.000000,0.396389,0.029909,3.627924
2574.000000,2.000000,0.396111,0.029912,3.627754
2575.000000,2.000000,0.395833,0.029915,3.627585
2576.000000,2.000000,0.395556,0.029918,3.627415
2577.000000,2.000000,0.395278,0.029921,3.627246
2578.000000,2.000000,0.395000,0.029923,3.627077
2579.000000,2.000000,0.394722,0.029926,3.626907
2580.000000,2.000000,0.394444,0.029928,3.626738
2581.000000,2.000000,0.394167,0.029931,3.626569
2582.000000,2.000000,0.393889,0.029933,3.626400
2583.000000,2.000000,0.393611,0.029935,3.626232
2584.000000,2.000000,0.393333,0.029937,3.626063
2585.000000,2.000000,0.393056,0.029939,3.625894
2586.000000,2.000000,0.392778,0.029941,3.625725
2587.000000,2.000000,0.392500,0.029943,3.625557
2588.000000,2.000000,0.392222,0.029945,3.625388
2589.000000,2.000000,0.391944,0.029947,3.625220
2590.000000,2.000000,0.391667,0.029949,3.625051
2591.000000,2.000000,0.391389,0.029950,3.624883
2592.000000,2.000000,0.391111,0.029952,3.624715
2593.000000,2.000000,0.390833,0.029954,3.624546
2594.000000,2.000000,0.390556,0.029955,3.624378
2595.000000,2.000000,0.390278,0.029957,3.624210
2596.000000,2.000000,0.390000,0.029958,3.624042
2597.000000,2.000000,0.389722,0.029959,3.623874
2598.000000,2.000000,0.389444,0.029961,3.623706
2599.000000,2.000000,0.389167,0.029962,3.623538
2600.000000,2.000000,0.388889,0.029963,3.623370
2601.000000,2.000000,0.388611,0.029964,3.623202
2602.000000,2.000000,0.388333,0.029966,3.623034
2603.000000,2.000000,0.388056,0.029967,3.622867
2604.000000,2.000000,0.387778,0.029968,3.622699
2605.000000,2.000000,0.387500,0.029969,3.622531
2606.000000,2.000000,0.387222,0.029970,3.622363
2607.000000,2.000000,0.386944,0.029971,3.622196
2608.000000,2.000000,0.386667,0.029972,3.622028
2609.000000,2.000000,0.386389,0.029973,3.621861
2610.000000,2.000000,0.386111,0.029974,3.621693
2611.000000,2.000000,0.385833,0.029974,3.621526
2612.000000,2.000000,0.385556,0.029975,3.621358
2613.000000,2.000000,0.385278,0.029976,3.621191
2614.000000,2.000000,0.385000,0.029977,3.621023
2615.000000,2.000000,0.384722,0.029978,3.620856
2616.000000,2.000000,0.384444,0.029978,3.620688
2617.000000,2.000000,0.384167,0.029979,3.620521
2618.000000,2.000000,0.383889,0.029980,3.620354
2619.000000,2.000000,0.383611,0.029980,3.620186
2620.000000,2.000000,0.383333,0.029981,3.620019
2621.000000,2.000000,0.383056,0.029982,3.619852
2622.000000,2.000000,0.382778,0.029982,3.619684
2623.000000,2.000000,0.382500,0.029983,3.619517
2624.000000,2.000000,0.382222,0.029983,3.619350
2625.000000,2.000000,0.381944,0.029984,3.619183
2626.000000,2.000000,0.381667,0.029985,3.619015
2627.000000,2.000000,0.381389,0.029985,3.618848
2628.000000,2.000000,0.381111,0.029986,3.618681
2629.000000,2.000000,0.380833,0.029986,3.618514
2630.000000,2.000000,0.380556,0.029986,3.618347
2631.000000,2.000000,0.380278,0.029987,3.618180
2632.000000,2.000000,0.380000,0.029987,3.618013
2633.000000,2.000000,0.379722,0.029988,3.617846
2634.000000,2.000000,0.379444,0.029988,3.617679
2635.000000,2.000000,0.379167,0.029989,3.617511
2636.000000,2.000000,0.378889,0.029989,3.617344
2637.000000,2.000000,0.378611,0.029989,3.617177
2638.000000,2.000000,0.378333,0.029990,3.617010
2639.000000,2.000000,0.378056,0.029990,3.616843
2640.000000,2.000000,0.377778,0.029990,3.616676
2641.000000,2.000000,0.377500,0.029991,3.616509
2642.000000,2.000000,0.377222,0.029991,3.616342
2643.000000,2.000000,0.376944,0.029991,3.616175
2644.000000,2.000000,0.376667,0.029992,3.616008
2645.000000,2.000000,0.376389,0.029992,3.615842
2646.000000,2.000000,0.376111,0.029992,3.615675
2647.000000,2.000000,0.375833,0.029992,3.615508
2648.000000,2.000000,0.375556,0.029993,3.615341
2649.000000,2.000000,0.375278,0.029993,3.615174
2650.000000,2.000000,0.375000,0.029993,3.615007
2651.000000,2.000000,0.374722,0.029993,3.614840
2652.000000,2.000000,0.374444,0.029993,3.614673
2653.000000,2.000000,0.374167,0.029994,3.614506
2654.000000,2.000000,0.373889,0.029994,3.614339
2655.000000,2.000000,0.373611,0.029994,3.614173
2656.000000,2.000000,0.373333,0.029994,3.614006
2657.000000,2.000000,0.373056,0.029994,3.613839
2658.000000,2.000000,0.372778,0.029995,3.613672
2659.000000,2.000000,0.372500,0.029995,3.613505
2660.000000,2.000000,0.372222,0.029995,3.613338
2661.000000,2.000000,0.371944,0.029995,3.613171
2662.000000,2.000000,0.371667,0.029995,3.613005
2663.000000,2.000000,0.371389,0.029995,3.612838
2664.000000,2.000000,0.371111,0.029996,3.612671
2665.000000,2.000000,0.370833,0.029996,3.612504
2666.000000,2.000000,0.370556,0.029996,3.612337
2667.000000,2.000000,0.370278,0.029996,3.612171
2668.000000,2.000000,0.370000,0.029996,3.612004
2669.000000,2.000000,0.369722,0.029996,3.611837
2670.000000,2.000000,0.369444,0.029996,3.611670
2671.000000,2.000000,0.369167,0.029997,3.611503
2672.000000,2.000000,0.368889,0.029997,3.611337
2673.000000,2.000000,0.368611,0.029997,3.611170
2674.000000,2.000000,0.368333,0.029997,3.611003
2675.000000,2.000000,0.368056,0.029997,3.610836
2676.000000,2.000000,0.367778,0.029997,3.610670
2677.000000,2.000000,0.367500,0.029997,3.610503
2678.000000,2.000000,0.367222,0.029997,3.610336
2679.000000,2.000000,0.366944,0.029997,3.610169
2680.000000,2.000000,0.366667,0.029997,3.610003
2681.000000,2.000000,0.366389,0.029998,3.609836
2682.000000,2.000000,0.366111,0.029998,3.609669
2683.000000,2.000000,0.365833,0.029998,3.609502
2684.000000,2.000000,0.365556,0.029998,3.609336
2685.000000,2.000000,0.365278,0.029998,3.609169
2686.000000,2.000000,0.365000,0.029998,3.609002
2687.000000,2.000000,0.364722,0.029998,3.608835
2688.000000,2.000000,0.364444,0.029998,3.608669
2689.000000,2.000000,0.364167,0.029998,3.608502
2690.000000,2.000000,0.363889,0.029998,3.608335
2691.000000,2.000000,0.363611,0.029998,3.608168
2692.000000,2.000000,0.363333,0.029998,3.608002
2693.000000,2.000000,0.363056,0.029998,3.607835
2694.000000,2.000000,0.362778,0.029998,3.607668
2695.000000,2.000000,0.362500,0.029998,3.607502
2696.000000,2.000000,0.362222,0.029998,3.607335
2697.000000,2.000000,0.361944,0.029999,3.607168
2698.000000,2.000000,0.361667,0.029999,3.607001
2699.000000,2.000000,0.361389,0.029999,3.606835
2700.000000,2.000000,0.361111,0.029999,3.606668
2701.000000,2.000000,0.360833,0.029999,3.606501
2702.000000,2.000000,0.360556,0.029999,3.606335
2703.000000,2.000000,0.360278,0.029999,3.606168
2704.000000,2.000000,0.360000,0.029999,3.606001
2705.000000,2.000000,0.359722,0.029999,3.605834
2706.000000,2.000000,0.359444,0.029999,3.605668
2707.000000,2.000000,0.359167,0.029999,3.605501
2708.000000,2.000000,0.358889,0.029999,3.605334
2709.000000,2.000000,0.358611,0.029999,3.605168
2710.000000,2.000000,0.358333,0.029999,3.605001
2711.000000,2.000000,0.358056,0.029999,3.604834
2712.000000,2.000000,0.357778,0.029999,3.604668
2713.000000,2.000000,0.357500,0.029999,3.604501
2714.000000,2.000000,0.357222,0.029999,3.604334
2715.000000,2.000000,0.356944,0.029999,3.604167
2716.000000,2.000000,0.356667,0.029999,3.604001
2717.000000,2.000000,0.356389,0.029999,3.603834
2718.000000,2.000000,0.356111,0.029999,3.603667
2719.000000,2.000000,0.355833,0.029999,3.603501
2720.000000,2.000000,0.355556,0.029999,3.603334
2721.000000,2.000000,0.355278,0.029999,3.603167
2722.000000,2.000000,0.355000,0.029999,3.603001
2723.000000,2.000000,0.354722,0.029999,3.602834
2724.000000,2.000000,0.354444,0.029999,3.602667
2725.000000,2.000000,0.354167,0.029999,3.602501
2726.000000,2.000000,0.353889,0.029999,3.602334
2727.000000,2.000000,0.353611,0.029999,3.602167
2728.000000,2.000000,0.353333,0.029999,3.602001
2729.000000,2.000000,0.353056,0.030000,3.601834
2730.000000,2.000000,0.352778,0.030000,3.601667
2731.000000,2.000000,0.352500,0.030000,3.601500
2732.000000,2.000000,0.352222,0.030000,3.601334
2733.000000,2.000000,0.351944,0.030000,3.601167
2734.000000,2.000000,0.351667,0.030000,3.601000
2735.000000,2.000000,0.351389,0.030000,3.600834
2736.000000,2.000000,0.351111,0.030000,3.600667
2737.000000,2.000000,0.350833,0.030000,3.600500
2738.000000,2.000000,0.350556,0.030000,3.600334
2739.000000,2.000000,0.350278,0.030000,3.600167
2740.000000,2.000000,0.350000,0.030000,3.600000
2741.000000,2.000000,0.349722,0.030000,3.599834
2742.000000,2.000000,0.349444,0.030000,3.599667
2743.000000,2.000000,0.349167,0.030000,3.599500
2744.000000,2.000000,0.348889,0.030000,3.599334
2745.000000,2.000000,0.348611,0.030000,3.599167
2746.000000,2.000000,0.348333,0.030000,3.599000
2747.000000,2.000000,0.348056,0.030000,3.598834
2748.000000,2.000000,0.347778,0.030000,3.598667
2749.000000,2.000000,0.347500,0.030000,3.598500
2750.000000,2.000000,0.347222,0.030000,3.598334
2751.000000,2.000000,0.346944,0.030000,3.598167
2752.000000,2.000000,0.346667,0.030000,3.598000
2753.000000,2.000000,0.346389,0.030000,3.597834
2754.000000,2.000000,0.346111,0.030000,3.597667
2755.000000,2.000000,0.345833,0.030000,3.597500
2756.000000,2.000000,0.345556,0.030000,3.597334
2757.000000,2.000000,0.345278,0.030000,3.597167
2758.000000,2.000000,0.345000,0.030000,3.597000
2759.000000,2.000000,0.344722,0.030000,3.596834
2760.000000,2.000000,0.344444,0.030000,3.596667
2761.000000,2.000000,0.344167,0.030000,3.596500
2762.000000,2.000000,0.343889,0.030000,3.596333
2763.000000,2.000000,0.343611,0.030000,3.596167
2764.000000,2.000000,0.343333,0.030000,3.596000
2765.000000,2.000000,0.343056,0.030000,3.595833
2766.000000,2.000000,0.342778,0.030000,3.595667
2767.000000,2.000000,0.342500,0.030000,3.595500
2768.000000,2.000000,0.342222,0.030000,3.595333
2769.000000,2.000000,0.341944,0.030000,3.595167
2770.000000,2.000000,0.341667,0.030000,3.595000
2771.000000,2.000000,0.341389,0.030000,3.594833
2772.000000,2.000000,0.341111,0.030000,3.594667
2773.000000,2.000000,0.340833,0.030000,3.594500
2774.000000,2.000000,0.340556,0.030000,3.594333
2775.000000,2.000000,0.340278,0.030000,3.594167
2776.000000,2.000000,0.340000,0.030000,3.594000
2777.000000,2.000000,0.339722,0.030000,3.593833
2778.000000,2.000000,0.339444,0.030000,3.593667
2779.000000,2.000000,0.339167,0.030000,3.593500
2780.000000,2.000000,0.338889,0.030000,3.593333
2781.000000,2.000000,0.338611,0.030000,3.593167
2782.000000,2.000000,0.338333,0.030000,3.593000
2783.000000,2.000000,0.338056,0.030000,3.592833
2784.000000,2.000000,0.337778,0.030000,3.592667
2785.000000,2.000000,0.337500,0.030000,3.592500
2786.000000,2.000000,0.337222,0.030000,3.592333
2787.000000,2.000000,0.336944,0.030000,3.592167
2788.000000,2.000000,0.336667,0.030000,3.592000
2789.000000,2.000000,0.336389,0.030000,3.591833
2790.000000,2.000000,0.336111,0.030000,3.591667
2791.000000,2.000000,0.335833,0.030000,3.591500
2792.000000,2.000000,0.335556,0.030000,3.591333
2793.000000,2.000000,0.335278,0.030000,3.591167
2794.000000,2.000000,0.335000,0.030000,3.591000
2795.000000,2.000000,0.334722,0.030000,3.590833
2796.000000,2.000000,0.334444,0.030000,3.590667
2797.000000,2.000000,0.334167,0.030000,3.590500
2798.000000,2.000000,0.333889,0.030000,3.590333
2799.000000,2.000000,0.333611,0.030000,3.590167
2800.000000,2.000000,0.333333,0.030000,3.590000
2801.000000,2.000000,0.333056,0.030000,3.589833
2802.000000,2.000000,0.332778,0.030000,3.589667
2803.000000,2.000000,0.332500,0.030000,3.589500
2804.000000,2.000000,0.332222,0.030000,3.589333
2805.000000,2.000000,0.331944,0.030000,3.589167
2806.000000,2.000000,0.331667,0.030000,3.589000
2807.000000,2.000000,0.331389,0.030000,3.588833
2808.000000,2.000000,0.331111,0.030000,3.588667
2809.000000,2.000000,0.330833,0.030000,3.588500
2810.000000,2.000000,0.330556,0.030000,3.588333
2811.000000,2.000000,0.330278,0.030000,3.588167
2812.000000,2.000000,0.330000,0.030000,3.588000
2813.000000,2.000000,0.329722,0.030000,3.587833
2814.000000,2.000000,0.329444,0.030000,3.587667
2815.000000,2.000000,0.329167,0.030000,3.587500
2816.000000,2.000000,0.328889,0.030000,3.587333
2817.000000,2.000000,0.328611,0.030000,3.587167
2818.000000,2.000000,0.328333,0.030000,3.587000
2819.000000,2.000000,0.328056,0.030000,3.586833
2820.000000,2.000000,0.327778,0.030000,3.586667
2821.000000,2.000000,0.327500,0.030000,3.586500
2822.000000,2.000000,0.327222,0.030000,3.586333
2823.000000,2.000000,0.326944,0.030000,3.586167
2824.000000,2.000000,0.326667,0.030000,3.586000
2825.000000,2.000000,0.326389,0.030000,3.585833
2826.000000,2.000000,0.326111,0.030000,3.585667
2827.000000,2.000000,0.325833,0.030000,3.585500
2828.000000,2.000000,0.325556,0.030000,3.585333
2829.000000,2.000000,0.325278,0.030000,3.585167
2830.000000,2.000000,0.325000,0.030000,3.585000
2831.000000,2.000000,0.324722,0.030000,3.584833
2832.000000,2.000000,0.324444,0.030000,3.584667
2833.000000,2.000000,0.324167,0.030000,3.584500
2834.000000,2.000000,0.323889,0.030000,3.584333
2835.000000,2.000000,0.323611,0.030000,3.584167
2836.000000,2.000000,0.323333,0.030000,3.584000
2837.000000,2.000000,0.323056,0.030000,3.583833
2838.000000,2.000000,0.322778,0.030000,3.583667
2839.000000,2.000000,0.322500,0.030000,3.583500
2840.000000,2.000000,0.322222,0.030000,3.583333
2841.000000,2.000000,0.321944,0.030000,3.583167
2842.000000,2.000000,0.321667,0.030000,3.583000
2843.000000,2.000000,0.321389,0.030000,3.582833
2844.000000,2.000000,0.321111,0.030000,3.582667
2845.000000,2.000000,0.320833,0.030000,3.582500
2846.000000,2.000000,0.320556,0.030000,3.582333
2847.000000,2.000000,0.320278,0.030000,3.582167
2848.000000,2.000000,0.320000,0.030000,3.582000
2849.000000,2.000000,0.319722,0.030000,3.581833
2850.000000,2.000000,0.319444,0.030000,3.581667
2851.000000,2.000000,0.319167,0.030000,3.581500
2852.000000,2.000000,0.318889,0.030000,3.581333
2853.000000,2.000000,0.318611,0.030000,3.581167
2854.000000,2.000000,0.318333,0.030000,3.581000
2855.000000,2.000000,0.318056,0.030000,3.580833
2856.000000,2.000000,0.317778,0.030000,3.580667
2857.000000,2.000000,0.317500,0.030000,3.580500
2858.000000,2.000000,0.317222,0.030000,3.580333
2859.000000,2.000000,0.316944,0.030000,3.580167
2860.000000,2.000000,0.316667,0.030000,3.580000
2861.000000,2.000000,0.316389,0.030000,3.579833
2862.000000,2.000000,0.316111,0.030000,3.579667
2863.000000,2.000000,0.315833,0.030000,3.579500
2864.000000,2.000000,0.315556,0.030000,3.579333
2865.000000,2.000000,0.315278,0.030000,3.579167
2866.000000,2.000000,0.315000,0.030000,3.579000
2867.000000,2.000000,0.314722,0.030000,3.578833
2868.000000,2.000000,0.314444,0.030000,3.578667
2869.000000,2.000000,0.314167,0.030000,3.578500
2870.000000,2.000000,0.313889,0.030000,3.578333
2871.000000,2.000000,0.313611,0.030000,3.578167
2872.000000,2.000000,0.313333,0.030000,3.578000
2873.000000,2.000000,0.313056,0.030000,3.577833
2874.000000,2.000000,0.312778,0.030000,3.577667
2875.000000,2.000000,0.312500,0.030000,3.577500
2876.000000,2.000000,0.312222,0.030000,3.577333
2877.000000,2.000000,0.311944,0.030000,3.577167
2878.000000,2.000000,0.311667,0.030000,3.577000
2879.000000,2.000000,0.311389,0.030000,3.576833
2880.000000,2.000000,0.311111,0.030000,3.576667
2881.000000,2.000000,0.310833,0.030000,3.576500
2882.000000,2.000000,0.310556,0.030000,3.576333
2883.000000,2.000000,0.310278,0.030000,3.576167
2884.000000,2.000000,0.310000,0.030000,3.576000
2885.000000,2.000000,0.309722,0.030000,3.575833
2886.000000,2.000000,0.309444,0.030000,3.575667
2887.000000,2.000000,0.309167,0.030000,3.575500
2888.000000,2.000000,0.308889,0.030000,3.575333
2889.000000,2.000000,0.308611,0.030000,3.575167
2890.000000,2.000000,0.308333,0.030000,3.575000
2891.000000,2.000000,0.308056,0.030000,3.574833
2892.000000,2.000000,0.307778,0.030000,3.574667
2893.000000,2.000000,0.307500,0.030000,3.574500
2894.000000,2.000000,0.307222,0.030000,3.574333
2895.000000,2.000000,0.306944,0.030000,3.574167
2896.000000,2.000000,0.306667,0.030000,3.574000
2897.000000,2.000000,0.306389,0.030000,3.573833
2898.000000,2.000000,0.306111,0.030000,3.573667
2899.000000,2.000000,0.305833,0.030000,3.573500
2900.000000,0.000000,0.305556,0.030000,3.593333
2901.000000,0.000000,0.305556,0.029016,3.594317
2902.000000,0.000000,0.305556,0.028065,3.595268
2903.000000,0.000000,0.305556,0.027145,3.596188
2904.000000,0.000000,0.305556,0.026255,3.597078
2905.000000,0.000000,0.305556,0.025394,3.597939
2906.000000,0.000000,0.305556,0.024562,3.598771
2907.000000,0.000000,0.305556,0.023757,3.599577
2908.000000,0.000000,0.305556,0.022978,3.600355
2909.000000,0.000000,0.305556,0.022225,3.601109
2910.000000,0.000000,0.305556,0.021496,3.601837
2911.000000,0.000000,0.305556,0.020791,3.602542
2912.000000,0.000000,0.305556,0.020110,3.603224
2913.000000,0.000000,0.305556,0.019450,3.603883
2914.000000,0.000000,0.305556,0.018813,3.604521
2915.000000,0.000000,0.305556,0.018196,3.605137
2916.000000,0.000000,0.305556,0.017599,3.605734
2917.000000,0.000000,0.305556,0.017022,3.606311
2918.000000,0.000000,0.305556,0.016464,3.606869
2919.000000,0.000000,0.305556,0.015925,3.607409
2920.000000,0.000000,0.305556,0.015403,3.607931
2921.000000,0.000000,0.305556,0.014898,3.608436
2922.000000,0.000000,0.305556,0.014409,3.608924
2923.000000,0.000000,0.305556,0.013937,3.609397
2924.000000,0.000000,0.305556,0.013480,3.609853
2925.000000,0.000000,0.305556,0.013038,3.610295
2926.000000,0.000000,0.305556,0.012611,3.610723
2927.000000,0.000000,0.305556,0.012197,3.611136
2928.000000,0.000000,0.305556,0.011797,3.611536
2929.000000,0.000000,0.305556,0.011410,3.611923
2930.000000,0.000000,0.305556,0.011036,3.612297
2931.000000,0.000000,0.305556,0.010675,3.612659
2932.000000,0.000000,0.305556,0.010325,3.613009
2933.000000,0.000000,0.305556,0.009986,3.613347
2934.000000,0.000000,0.305556,0.009659,3.613675
2935.000000,0.000000,0.305556,0.009342,3.613991
2936.000000,0.000000,0.305556,0.009036,3.614298
2937.000000,0.000000,0.305556,0.008740,3.614594
2938.000000,0.000000,0.305556,0.008453,3.614880
2939.000000,0.000000,0.305556,0.008176,3.615157
2940.000000,0.000000,0.305556,0.007908,3.615425
2941.000000,0.000000,0.305556,0.007649,3.615685
2942.000000,0.000000,0.305556,0.007398,3.615935
2943.000000,0.000000,0.305556,0.007155,3.616178
2944.000000,0.000000,0.305556,0.006921,3.616413
2945.000000,0.000000,0.305556,0.006694,3.616639
2946.000000,0.000000,0.305556,0.006474,3.616859
2947.000000,0.000000,0.305556,0.006262,3.617071
2948.000000,0.000000,0.305556,0.006057,3.617276
2949.000000,0.000000,0.305556,0.005858,3.617475
2950.000000,0.000000,0.305556,0.005666,3.617667
2951.000000,0.000000,0.305556,0.005481,3.617853
2952.000000,0.000000,0.305556,0.005301,3.618033
2953.000000,0.000000,0.305556,0.005127,3.618206
2954.000000,0.000000,0.305556,0.004959,3.618374
2955.000000,0.000000,0.305556,0.004796,3.618537
2956.000000,0.000000,0.305556,0.004639,3.618694
2957.000000,0.000000,0.305556,0.004487,3.618846
2958.000000,0.000000,0.305556,0.004340,3.618993
2959.000000,0.000000,0.305556,0.004198,3.619136
2960.000000,0.000000,0.305556,0.004060,3.619273
2961.000000,0.000000,0.305556,0.003927,3.619406
2962.000000,0.000000,0.305556,0.003798,3.619535
2963.000000,0.000000,0.305556,0.003674,3.619660
2964.000000,0.000000,0.305556,0.003553,3.619780
2965.000000,0.000000,0.305556,0.003437,3.619897
2966.000000,0.000000,0.305556,0.003324,3.620009
2967.000000,0.000000,0.305556,0.003215,3.620118
2968.000000,0.000000,0.305556,0.003110,3.620224
2969.000000,0.000000,0.305556,0.003008,3.620326
2970.000000,0.000000,0.305556,0.002909,3.620424
2971.000000,0.000000,0.305556,0.002814,3.620520
2972.000000,0.000000,0.305556,0.002722,3.620612
2973.000000,0.000000,0.305556,0.002632,3.620701
2974.000000,0.000000,0.305556,0.002546,3.620787
2975.000000,0.000000,0.305556,0.002463,3.620871
2976.000000,0.000000,0.305556,0.002382,3.620952
2977.000000,0.000000,0.305556,0.002304,3.621030
2978.000000,0.000000,0.305556,0.002228,3.621105
2979.000000,0.000000,0.305556,0.002155,3.621178
2980.000000,0.000000,0.305556,0.002085,3.621249
2981.000000,0.000000,0.305556,0.002016,3.621317
2982.000000,0.000000,0.305556,0.001950,3.621383
2983.000000,0.000000,0.305556,0.001886,3.621447
2984.000000,0.000000,0.305556,0.001824,3.621509
2985.000000,0.000000,0.305556,0.001764,3.621569
2986.000000,0.000000,0.305556,0.001707,3.621627
2987.000000,0.000000,0.305556,0.001651,3.621683
2988.000000,0.000000,0.305556,0.001597,3.621737
2989.000000,0.000000,0.305556,0.001544,3.621789
2990.000000,0.000000,0.305556,0.001494,3.621840
2991.000000,0.000000,0.305556,0.001445,3.621889
2992.000000,0.000000,0.305556,0.001397,3.621936
2993.000000,0.000000,0.305556,0.001351,3.621982
2994.000000,0.000000,0.305556,0.001307,3.622026
2995.000000,0.000000,0.305556,0.001264,3.622069
2996.000000,0.000000,0.305556,0.001223,3.622110
2997.000000,0.000000,0.305556,0.001183,3.622151
2998.000000,0.000000,0.305556,0.001144,3.622189
2999.000000,0.000000,0.305556,0.001106,3.622227
3000.000000,2.000000,0.305556,0.001070,3.602263
3001.000000,2.000000,0.305278,0.002019,3.601148
3002.000000,2.000000,0.305000,0.002936,3.600064
3003.000000,2.000000,0.304722,0.003823,3.599010
3004.000000,2.000000,0.304444,0.004681,3.597985
3005.000000,2.000000,0.304167,0.005511,3.596989
3006.000000,2.000000,0.303889,0.006314,3.596019
3007.000000,2.000000,0.303611,0.007091,3.595076
3008.000000,2.000000,0.303333,0.007842,3.594158
3009.000000,2.000000,0.303056,0.008568,3.593265
3010.000000,2.000000,0.302778,0.009271,3.592396
3011.000000,2.000000,0.302500,0.009950,3.591550
3012.000000,2.000000,0.302222,0.010608,3.590726
3013.000000,2.000000,0.301944,0.011244,3.589923
3014.000000,2.000000,0.301667,0.011858,3.589142
3015.000000,2.000000,0.301389,0.012453,3.588380
3016.000000,2.000000,0.301111,0.013028,3.587638
3017.000000,2.000000,0.300833,0.013585,3.586915
3018.000000,2.000000,0.300556,0.014123,3.586210
3019.000000,2.000000,0.300278,0.014644,3.585523
3020.000000,2.000000,0.300000,0.015147,3.584853
3021.000000,2.000000,0.299722,0.015634,3.584172
3022.000000,2.000000,0.299444,0.016105,3.583506
3023.000000,2.000000,0.299167,0.016560,3.582856
3024.000000,2.000000,0.298889,0.017001,3.582221
3025.000000,2.000000,0.298611,0.017427,3.581601
3026.000000,2.000000,0.298333,0.017839,3.580994
3027.000000,2.000000,0.298056,0.018238,3.580401
3028.000000,2.000000,0.297778,0.018624,3.579821
3029.000000,2.000000,0.297500,0.018997,3.579253
3030.000000,2.000000,0.297222,0.019357,3.578698
3031.000000,2.000000,0.296944,0.019706,3.578155
3032.000000,2.000000,0.296667,0.020044,3.577623
3033.000000,2.000000,0.296389,0.020370,3.577102
3034.000000,2.000000,0.296111,0.020686,3.576592
3035.000000,2.000000,0.295833,0.020991,3.576092
3036.000000,2.000000,0.295556,0.021287,3.575602
3037.000000,2.000000,0.295278,0.021572,3.575122
3038.000000,2.000000,0.295000,0.021848,3.574652
3039.000000,2.000000,0.294722,0.022116,3.574190
3040.000000,2.000000,0.294444,0.022374,3.573737
3041.000000,2.000000,0.294167,0.022624,3.573292
3042.000000,2.000000,0.293889,0.022866,3.572856
3043.000000,2.000000,0.293611,0.023100,3.572428
3044.000000,2.000000,0.293333,0.023326,3.572007
3045.000000,2.000000,0.293056,0.023545,3.571594
3046.000000,2.000000,0.292778,0.023757,3.571188
3047.000000,2.000000,0.292500,0.023961,3.570789
3048.000000,2.000000,0.292222,0.024159,3.570396
3049.000000,2.000000,0.291944,0.024351,3.570010
3050.000000,2.000000,0.291667,0.024536,3.569631
3051.000000,2.000000,0.291389,0.024715,3.569257
3052.000000,2.000000,0.291111,0.024888,3.568890
3053.000000,2.000000,0.290833,0.025056,3.568527
3054.000000,2.000000,0.290556,0.025218,3.568171
3055.000000,2.000000,0.290278,0.025375,3.567820
3056.000000,2.000000,0.290000,0.025526,3.567474
3057.000000,2.000000,0.289722,0.025673,3.567133
3058.000000,2.000000,0.289444,0.025815,3.566796
3059.000000,2.000000,0.289167,0.025952,3.566465
3060.000000,2.000000,0.288889,0.026085,3.566137
3061.000000,2.000000,0.288611,0.026213,3.565815
3062.000000,2.000000,0.288333,0.026337,3.565496
3063.000000,2.000000,0.288056,0.026457,3.565182
3064.000000,2.000000,0.287778,0.026574,3.564871
3065.000000,2.000000,0.287500,0.026686,3.564564
3066.000000,2.000000,0.287222,0.026794,3.564261
3067.000000,2.000000,0.286944,0.026900,3.563962
3068.000000,2.000000,0.286667,0.027001,3.563665
3069.000000,2.000000,0.286389,0.027100,3.563373
3070.000000,2.000000,0.286111,0.027195,3.563083
3071.000000,2.000000,0.285833,0.027287,3.562797
3072.000000,2.000000,0.285556,0.027376,3.562513
3073.000000,2.000000,0.285278,0.027462,3.562233
3074.000000,2.000000,0.285000,0.027545,3.561955
3075.000000,2.000000,0.284722,0.027625,3.561680
3076.000000,2.000000,0.284444,0.027703,3.561408
3077.000000,2.000000,0.284167,0.027778,3.561138
3078.000000,2.000000,0.283889,0.027851,3.560871
3079.000000,2.000000,0.283611,0.027922,3.560606
3080.000000,2.000000,0.283333,0.027990,3.560343
3081.000000,2.000000,0.283056,0.028056,3.560083
3082.000000,2.000000,0.282778,0.028119,3.559825
3083.000000,2.000000,0.282500,0.028181,3.559569
3084.000000,2.000000,0.282222,0.028241,3.559315
3085.000000,2.000000,0.281944,0.028298,3.559063
3086.000000,2.000000,0.281667,0.028354,3.558812
3087.000000,2.000000,0.281389,0.028408,3.558564
3088.000000,2.000000,0.281111,0.028460,3.558317
3089.000000,2.000000,0.280833,0.028511,3.558072
3090.000000,2.000000,0.280556,0.028560,3.557829
3091.000000,2.000000,0.280278,0.028607,3.557588
3092.000000,2.000000,0.280000,0.028653,3.557347
3093.000000,2.000000,0.279722,0.028697,3.557109
3094.000000,2.000000,0.279444,0.028739,3.556872
3095.000000,2.000000,0.279167,0.028781,3.556636
3096.000000,2.000000,0.278889,0.028821,3.556401
3097.000000,2.000000,0.278611,0.028859,3.556168
3098.000000,2.000000,0.278333,0.028897,3.555937
3099.000000,2.000000,0.278056,0.028933,3.555706
3100.000000,2.000000,0.277778,0.028968,3.555476
3101.000000,2.000000,0.277500,0.029002,3.555248
3102.000000,2.000000,0.277222,0.029035,3.555021
3103.000000,2.000000,0.276944,0.029066,3.554795
3104.000000,2.000000,0.276667,0.029097,3.554570
3105.000000,2.000000,0.276389,0.029126,3.554346
3106.000000,2.000000,0.276111,0.029155,3.554123
3107.000000,2.000000,0.275833,0.029183,3.553901
3108.000000,2.000000,0.275556,0.029210,3.553679
3109.000000,2.000000,0.275278,0.029235,3.553459
3110.000000,2.000000,0.275000,0.029261,3.553239
3111.000000,2.000000,0.274722,0.029285,3.553021
3112.000000,2.000000,0.274444,0.029308,3.552803
3113.000000,2.000000,0.274167,0.029331,3.552586
3114.000000,2.000000,0.273889,0.029353,3.552369
3115.000000,2.000000,0.273611,0.029374,3.552154
3116.000000,2.000000,0.273333,0.029395,3.551939
3117.000000,2.000000,0.273056,0.029414,3.551724
3118.000000,2.000000,0.272778,0.029434,3.551511
3119.000000,2.000000,0.272500,0.029452,3.551298
3120.000000,2.000000,0.272222,0.029470,3.551085
3121.000000,2.000000,0.271944,0.029488,3.550874
3122.000000,2.000000,0.271667,0.029504,3.550662
3123.000000,2.000000,0.271389,0.029521,3.550452
3124.000000,2.000000,0.271111,0.029536,3.550242
3125.000000,2.000000,0.270833,0.029551,3.550032
3126.000000,2.000000,0.270556,0.029566,3.549823
3127.000000,2.000000,0.270278,0.029580,3.549614
3128.000000,2.000000,0.270000,0.029594,3.549406
3129.000000,2.000000,0.269722,0.029607,3.549198
3130.000000,2.000000,0.269444,0.029620,3.548991
3131.000000,2.000000,0.269167,0.029633,3.548784
3132.000000,2.000000,0.268889,0.029645,3.548577
3133.000000,2.000000,0.268611,0.029656,3.548371
3134.000000,2.000000,0.268333,0.029668,3.548166
3135.000000,2.000000,0.268056,0.029679,3.547960
3136.000000,2.000000,0.267778,0.029689,3.547755
3137.000000,2.000000,0.267500,0.029699,3.547551
3138.000000,2.000000,0.267222,0.029709,3.547346
3139.000000,2.000000,0.266944,0.029719,3.547142
3140.000000,2.000000,0.266667,0.029728,3.546939
3141.000000,2.000000,0.266389,0.029737,3.546735
3142.000000,2.000000,0.266111,0.029746,3.546532
3143.000000,2.000000,0.265833,0.029754,3.546329
3144.000000,2.000000,0.265556,0.029762,3.546127
3145.000000,2.000000,0.265278,0.029770,3.545925
3146.000000,2.000000,0.265000,0.029777,3.545723
3147.000000,2.000000,0.264722,0.029785,3.545521
3148.000000,2.000000,0.264444,0.029792,3.545319
3149.000000,2.000000,0.264167,0.029798,3.545118
3150.000000,2.000000,0.263889,0.029805,3.544917
3151.000000,2.000000,0.263611,0.029811,3.544716
3152.000000,2.000000,0.263333,0.029818,3.544516
3153.000000,2.000000,0.263056,0.029824,3.544315
3154.000000,2.000000,0.262778,0.029829,3.544115
3155.000000,2.000000,0.262500,0.029835,3.543915
3156.000000,2.000000,0.262222,0.029840,3.543715
3157.000000,2.000000,0.261944,0.029846,3.543515
3158.000000,2.000000,0.261667,0.029851,3.543316
3159.000000,2.000000,0.261389,0.029856,3.543117
3160.000000,2.000000,0.261111,0.029860,3.542917
3161.000000,2.000000,0.260833,0.029865,3.542718
3162.000000,2.000000,0.260556,0.029869,3.542520
3163.000000,2.000000,0.260278,0.029874,3.542321
3164.000000,2.000000,0.260000,0.029878,3.542122
3165.000000,2.000000,0.259722,0.029882,3.541924
3166.000000,2.000000,0.259444,0.029886,3.541725
3167.000000,2.000000,0.259167,0.029889,3.541527
3168.000000,2.000000,0.258889,0.029893,3.541329
3169.000000,2.000000,0.258611,0.029897,3.541131
3170.000000,2.000000,0.258333,0.029900,3.540933
3171.000000,2.000000,0.258056,0.029903,3.540736
3172.000000,2.000000,0.257778,0.029906,3.540538
3173.000000,2.000000,0.257500,0.029909,3.540341
3174.000000,2.000000,0.257222,0.029912,3.540143
3175.000000,2.000000,0.256944,0.029915,3.539946
3176.000000,2.000000,0.256667,0.029918,3.539749
3177.000000,2.000000,0.256389,0.029921,3.539551
3178.000000,2.000000,0.256111,0.029923,3.539354
3179.000000,2.000000,0.255833,0.029926,3.539157
3180.000000,2.000000,0.255556,0.029928,3.538961
3181.000000,2.000000,0.255278,0.029931,3.538764
3182.000000,2.000000,0.255000,0.029933,3.538567
3183.000000,2.000000,0.254722,0.029935,3.538370
3184.000000,2.000000,0.254444,0.029937,3.538174
3185.000000,2.000000,0.254167,0.029939,3.537977
3186.000000,2.000000,0.253889,0.029941,3.537781
3187.000000,2.000000,0.253611,0.029943,3.537585
3188.000000,2.000000,0.253333,0.029945,3.537388
3189.000000,2.000000,0.253056,0.029947,3.537192
3190.000000,2.000000,0.252778,0.029949,3.536996
3191.000000,2.000000,0.252500,0.029950,3.536800
3192.000000,2.000000,0.252222,0.029952,3.536604
3193.000000,2.000000,0.251944,0.029954,3.536408
3194.000000,2.000000,0.251667,0.029955,3.536212
3195.000000,2.000000,0.251389,0.029957,3.536016
3196.000000,2.000000,0.251111,0.029958,3.535820
3197.000000,2.000000,0.250833,0.029959,3.535624
3198.000000,2.000000,0.250556,0.029961,3.535428
3199.000000,2.000000,0.250278,0.029962,3.535233
3200.000000,2.000000,0.250000,0.029963,3.535037
3201.000000,2.000000,0.249722,0.029964,3.534841
3202.000000,2.000000,0.249444,0.029966,3.534646
3203.000000,2.000000,0.249167,0.029967,3.534450
3204.000000,2.000000,0.248889,0.029968,3.534254
3205.000000,2.000000,0.248611,0.029969,3.534059
3206.000000,2.000000,0.248333,0.029970,3.533863
3207.000000,2.000000,0.248056,0.029971,3.533668
3208.000000,2.000000,0.247778,0.029972,3.533473
3209.000000,2.000000,0.247500,0.029973,3.533277
3210.000000,2.000000,0.247222,0.029974,3.533082
3211.000000,2.000000,0.246944,0.029974,3.532887
3212.000000,2.000000,0.246667,0.029975,3.532691
3213.000000,2.000000,0.246389,0.029976,3.532496
3214.000000,2.000000,0.246111,0.029977,3.532301
3215.000000,2.000000,0.245833,0.029978,3.532106
3216.000000,2.000000,0.245556,0.029978,3.531910
3217.000000,2.000000,0.245278,0.029979,3.531715
3218.000000,2.000000,0.245000,0.029980,3.531520
3219.000000,2.000000,0.244722,0.029980,3.531325
3220.000000,2.000000,0.244444,0.029981,3.531130
3221.000000,2.000000,0.244167,0.029982,3.530935
3222.000000,2.000000,0.243889,0.029982,3.530740
3223.000000,2.000000,0.243611,0.029983,3.530545
3224.000000,2.000000,0.243333,0.029983,3.530350
3225.000000,2.000000,0.243056,0.029984,3.530155
3226.000000,2.000000,0.242778,0.029985,3.529960
3227.000000,2.000000,0.242500,0.029985,3.529765
3228.000000,2.000000,0.242222,0.029986,3.529570
3229.000000,2.000000,0.241944,0.029986,3.529375
3230.000000,2.000000,0.241667,0.029986,3.529180
3231.000000,2.000000,0.241389,0.029987,3.528985
3232.000000,2.000000,0.241111,0.029987,3.528790
3233.000000,2.000000,0.240833,0.029988,3.528596
3234.000000,2.000000,0.240556,0.029988,3.528401
3235.000000,2.000000,0.240278,0.029989,3.528206
3236.000000,2.000000,0.240000,0.029989,3.528011
3237.000000,2.000000,0.239722,0.029989,3.527816
3238.000000,2.000000,0.239444,0.029990,3.527621
3239.000000,2.000000,0.239167,0.029990,3.527427
3240.000000,2.000000,0.238889,0.029990,3.527232
3241.000000,2.000000,0.238611,0.029991,3.527037
3242.000000,2.000000,0.238333,0.029991,3.526842
3243.000000,2.000000,0.238056,0.029991,3.526648
3244.000000,2.000000,0.237778,0.029992,3.526453
3245.000000,2.000000,0.237500,0.029992,3.526258
3246.000000,2.000000,0.237222,0.029992,3.526064
3247.000000,2.000000,0.236944,0.029992,3.525869
3248.000000,2.000000,0.236667,0.029993,3.525674
3249.000000,2.000000,0.236389,0.029993,3.525479
3250.000000,2.000000,0.236111,0.029993,3.525285
3251.000000,2.000000,0.235833,0.029993,3.525090
3252.000000,2.000000,0.235556,0.029993,3.524895
3253.000000,2.000000,0.235278,0.029994,3.524701
3254.000000,2.000000,0.235000,0.029994,3.524506
3255.000000,2.000000,0.234722,0.029994,3.524311
3256.000000,2.000000,0.234444,0.029994,3.524117
3257.000000,2.000000,0.234167,0.029994,3.523922
3258.000000,2.000000,0.233889,0.029995,3.523728
3259.000000,2.000000,0.233611,0.029995,3.523533
3260.000000,2.000000,0.233333,0.029995,3.523338
3261.000000,2.000000,0.233056,0.029995,3.523144
3262.000000,2.000000,0.232778,0.029995,3.522949
3263.000000,2.000000,0.232500,0.029995,3.522755
3264.000000,2.000000,0.232222,0.029996,3.522560
3265.000000,2.000000,0.231944,0.029996,3.522365
3266.000000,2.000000,0.231667,0.029996,3.522171
3267.000000,2.000000,0.231389,0.029996,3.521976
3268.000000,2.000000,0.231111,0.029996,3.521782
3269.000000,2.000000,0.230833,0.029996,3.521587
3270.000000,2.000000,0.230556,0.029996,3.521392
3271.000000,2.000000,0.230278,0.029997,3.521198
3272.000000,2.000000,0.230000,0.029997,3.521003
3273.000000,2.000000,0.229722,0.029997,3.520809
3274.000000,2.000000,0.229444,0.029997,3.520614
3275.000000,2.000000,0.229167,0.029997,3.520420
3276.000000,2.000000,0.228889,0.029997,3.520225
3277.000000,2.000000,0.228611,0.029997,3.520031
3278.000000,2.000000,0.228333,0.029997,3.519836
3279.000000,2.000000,0.228056,0.029997,3.519642
3280.000000,2.000000,0.227778,0.029997,3.519447
3281.000000,2.000000,0.227500,0.029998,3.519252
3282.000000,2.000000,0.227222,0.029998,3.519058
3283.000000,2.000000,0.226944,0.029998,3.518863
3284.000000,2.000000,0.226667,0.029998,3.518669
3285.000000,2.000000,0.226389,0.029998,3.518474
3286.000000,2.000000,0.226111,0.029998,3.518280
3287.000000,2.000000,0.225833,0.029998,3.518085
3288.000000,2.000000,0.225556,0.029998,3.517891
3289.000000,2.000000,0.225278,0.029998,3.517696
3290.000000,2.000000,0.225000,0.029998,3.517502
3291.000000,2.000000,0.224722,0.029998,3.517307
3292.000000,2.000000,0.224444,0.029998,3.517113
3293.000000,2.000000,0.224167,0.029998,3.516918
3294.000000,2.000000,0.223889,0.029998,3.516724
3295.000000,2.000000,0.223611,0.029998,3.516529
3296.000000,2.000000,0.223333,0.029998,3.516335
3297.000000,2.000000,0.223056,0.029999,3.516140
3298.000000,2.000000,0.222778,0.029999,3.515946
3299.000000,2.000000,0.222500,0.029999,3.515751
3300.000000,2.000000,0.222222,0.029999,3.515557
3301.000000,2.000000,0.221944,0.029999,3.515362
3302.000000,2.000000,0.221667,0.029999,3.515168
3303.000000,2.000000,0.221389,0.029999,3.514973
3304.000000,2.000000,0.221111,0.029999,3.514779
3305.000000,2.000000,0.220833,0.029999,3.514584
3306.000000,2.000000,0.220556,0.029999,3.514390
3307.000000,2.000000,0.220278,0.029999,3.514195
3308.000000,2.000000,0.220000,0.029999,3.514001
3309.000000,2.000000,0.219722,0.029999,3.513807
3310.000000,2.000000,0.219444,0.029999,3.513612
3311.000000,2.000000,0.219167,0.029999,3.513418
3312.000000,2.000000,0.218889,0.029999,3.513223
3313.000000,2.000000,0.218611,0.029999,3.513029
3314.000000,2.000000,0.218333,0.029999,3.512834
3315.000000,2.000000,0.218056,0.029999,3.512640
3316.000000,2.000000,0.217778,0.029999,3.512445
3317.000000,2.000000,0.217500,0.029999,3.512251
3318.000000,2.000000,0.217222,0.029999,3.512056
3319.000000,2.000000,0.216944,0.029999,3.511862
3320.000000,2.000000,0.216667,0.029999,3.511667
3321.000000,2.000000,0.216389,0.029999,3.511473
3322.000000,2.000000,0.216111,0.029999,3.511278
3323.000000,2.000000,0.215833,0.029999,3.511084
3324.000000,2.000000,0.215556,0.029999,3.510889
3325.000000,2.000000,0.215278,0.029999,3.510695
3326.000000,2.000000,0.215000,0.029999,3.510501
3327.000000,2.000000,0.214722,0.029999,3.510306
3328.000000,2.000000,0.214444,0.029999,3.510112
3329.000000,2.000000,0.214167,0.030000,3.509917
3330.000000,2.000000,0.213889,0.030000,3.509723
3331.000000,2.000000,0.213611,0.030000,3.509528
3332.000000,2.000000,0.213333,0.030000,3.509334
3333.000000,2.000000,0.213056,0.030000,3.509139
3334.000000,2.000000,0.212778,0.030000,3.508945
3335.000000,2.000000,0.212500,0.030000,3.508750
3336.000000,2.000000,0.212222,0.030000,3.508556
3337.000000,2.000000,0.211944,0.030000,3.508361
3338.000000,2.000000,0.211667,0.030000,3.508167
3339.000000,2.000000,0.211389,0.030000,3.507973
3340.000000,2.000000,0.211111,0.030000,3.507778
3341.000000,2.000000,0.210833,0.030000,3.507584
3342.000000,2.000000,0.210556,0.030000,3.507389
3343.000000,2.000000,0.210278,0.030000,3.507195
3344.000000,2.000000,0.210000,0.030000,3.507000
3345.000000,2.000000,0.209722,0.030000,3.506806
3346.000000,2.000000,0.209444,0.030000,3.506611
3347.000000,2.000000,0.209167,0.030000,3.506417
3348.000000,2.000000,0.208889,0.030000,3.506222
3349.000000,2.000000,0.208611,0.030000,3.506028
3350.000000,2.000000,0.208333,0.030000,3.505834
3351.000000,2.000000,0.208056,0.030000,3.505639
3352.000000,2.000000,0.207778,0.030000,3.505445
3353.000000,2.000000,0.207500,0.030000,3.505250
3354.000000,2.000000,0.207222,0.030000,3.505056
3355.000000,2.000000,0.206944,0.030000,3.504861
3356.000000,2.000000,0.206667,0.030000,3.504667
3357.000000,2.000000,0.206389,0.030000,3.504472
3358.000000,2.000000,0.206111,0.030000,3.504278
3359.000000,2.000000,0.205833,0.030000,3.504084
3360.000000,2.000000,0.205556,0.030000,3.503889
3361.000000,2.000000,0.205278,0.030000,3.503695
3362.000000,2.000000,0.205000,0.030000,3.503500
3363.000000,2.000000,0.204722,0.030000,3.503306
3364.000000,2.000000,0.204444,0.030000,3.503111
3365.000000,2.000000,0.204167,0.030000,3.502917
3366.000000,2.000000,0.203889,0.030000,3.502722
3367.000000,2.000000,0.203611,0.030000,3.502528
3368.000000,2.000000,0.203333,0.030000,3.502333
3369.000000,2.000000,0.203056,0.030000,3.502139
3370.000000,2.000000,0.202778,0.030000,3.501945
3371.000000,2.000000,0.202500,0.030000,3.501750
3372.000000,2.000000,0.202222,0.030000,3.501556
3373.000000,2.000000,0.201944,0.030000,3.501361
3374.000000,2.000000,0.201667,0.030000,3.501167
3375.000000,2.000000,0.201389,0.030000,3.500972
3376.000000,2.000000,0.201111,0.030000,3.500778
3377.000000,2.000000,0.200833,0.030000,3.500583
3378.000000,2.000000,0.200556,0.030000,3.500389
3379.000000,2.000000,0.200278,0.030000,3.500195
3380.000000,2.000000,0.200000,0.030000,3.500000
3381.000000,2.000000,0.199722,0.030000,3.499445
3382.000000,2.000000,0.199444,0.030000,3.498889
3383.000000,2.000000,0.199167,0.030000,3.498333
3384.000000,2.000000,0.198889,0.030000,3.497778
3385.000000,2.000000,0.198611,0.030000,3.497222
3386.000000,2.000000,0.198333,0.030000,3.496667
3387.000000,2.000000,0.198056,0.030000,3.496111
3388.000000,2.000000,0.197778,0.030000,3.495556
3389.000000,2.000000,0.197500,0.030000,3.495000
3390.000000,2.000000,0.197222,0.030000,3.494445
3391.000000,2.000000,0.196944,0.030000,3.493889
3392.000000,2.000000,0.196667,0.030000,3.493333
3393.000000,2.000000,0.196389,0.030000,3.492778
3394.000000,2.000000,0.196111,0.030000,3.492222
3395.000000,2.000000,0.195833,0.030000,3.491667
3396.000000,2.000000,0.195556,0.030000,3.491111
3397.000000,2.000000,0.195278,0.030000,3.490556
3398.000000,2.000000,0.195000,0.030000,3.490000
3399.000000,2.000000,0.194722,0.030000,3.489444
3400.000000,2.000000,0.194444,0.030000,3.488889
3401.000000,2.000000,0.194167,0.030000,3.488333
3402.000000,2.000000,0.193889,0.030000,3.487778
3403.000000,2.000000,0.193611,0.030000,3.487222
3404.000000,2.000000,0.193333,0.030000,3.486667
3405.000000,2.000000,0.193056,0.030000,3.486111
3406.000000,2.000000,0.192778,0.030000,3.485556
3407.000000,2.000000,0.192500,0.030000,3.485000
3408.000000,2.000000,0.192222,0.030000,3.484444
3409.000000,2.000000,0.191944,0.030000,3.483889
3410.000000,2.000000,0.191667,0.030000,3.483333
3411.000000,2.000000,0.191389,0.030000,3.482778
3412.000000,2.000000,0.191111,0.030000,3.482222
3413.000000,2.000000,0.190833,0.030000,3.481667
3414.000000,2.000000,0.190556,0.030000,3.481111
3415.000000,2.000000,0.190278,0.030000,3.480556
3416.000000,2.000000,0.190000,0.030000,3.480000
3417.000000,2.000000,0.189722,0.030000,3.479444
3418.000000,2.000000,0.189444,0.030000,3.478889
3419.000000,2.000000,0.189167,0.030000,3.478333
3420.000000,2.000000,0.188889,0.030000,3.477778
3421.000000,2.000000,0.188611,0.030000,3.477222
3422.000000,2.000000,0.188333,0.030000,3.476667
3423.000000,2.000000,0.188056,0.030000,3.476111
3424.000000,2.000000,0.187778,0.030000,3.475556
3425.000000,2.000000,0.187500,0.030000,3.475000
3426.000000,2.000000,0.187222,0.030000,3.474444
3427.000000,2.000000,0.186944,0.030000,3.473889
3428.000000,2.000000,0.186667,0.030000,3.473333
3429.000000,2.000000,0.186389,0.030000,3.472778
3430.000000,2.000000,0.186111,0.030000,3.472222
3431.000000,2.000000,0.185833,0.030000,3.471667
3432.000000,2.000000,0.185556,0.030000,3.471111
3433.000000,2.000000,0.185278,0.030000,3.470556
3434.000000,2.000000,0.185000,0.030000,3.470000
3435.000000,2.000000,0.184722,0.030000,3.469444
3436.000000,2.000000,0.184444,0.030000,3.468889
3437.000000,2.000000,0.184167,0.030000,3.468333
3438.000000,2.000000,0.183889,0.030000,3.467778
3439.000000,2.000000,0.183611,0.030000,3.467222
3440.000000,2.000000,0.183333,0.030000,3.466667
3441.000000,2.000000,0.183056,0.030000,3.466111
3442.000000,2.000000,0.182778,0.030000,3.465556
3443.000000,2.000000,0.182500,0.030000,3.465000
3444.000000,2.000000,0.182222,0.030000,3.464444
3445.000000,2.000000,0.181944,0.030000,3.463889
3446.000000,2.000000,0.181667,0.030000,3.463333
3447.000000,2.000000,0.181389,0.030000,3.462778
3448.000000,2.000000,0.181111,0.030000,3.462222
3449.000000,2.000000,0.180833,0.030000,3.461667
3450.000000,2.000000,0.180556,0.030000,3.461111
3451.000000,2.000000,0.180278,0.030000,3.460556
3452.000000,2.000000,0.180000,0.030000,3.460000
3453.000000,2.000000,0.179722,0.030000,3.459444
3454.000000,2.000000,0.179444,0.030000,3.458889
3455.000000,2.000000,0.179167,0.030000,3.458333
3456.000000,2.000000,0.178889,0.030000,3.457778
3457.000000,2.000000,0.178611,0.030000,3.457222
3458.000000,2.000000,0.178333,0.030000,3.456667
3459.000000,2.000000,0.178056,0.030000,3.456111
3460.000000,2.000000,0.177778,0.030000,3.455556
3461.000000,2.000000,0.177500,0.030000,3.455000
3462.000000,2.000000,0.177222,0.030000,3.454444
3463.000000,2.000000,0.176944,0.030000,3.453889
3464.000000,2.000000,0.176667,0.030000,3.453333
3465.000000,2.000000,0.176389,0.030000,3.452778
3466.000000,2.000000,0.176111,0.030000,3.452222
3467.000000,2.000000,0.175833,0.030000,3.451667
3468.000000,2.000000,0.175556,0.030000,3.451111
3469.000000,2.000000,0.175278,0.030000,3.450556
3470.000000,2.000000,0.175000,0.030000,3.450000
3471.000000,2.000000,0.174722,0.030000,3.449444
3472.000000,2.000000,0.174444,0.030000,3.448889
3473.000000,2.000000,0.174167,0.030000,3.448333
3474.000000,2.000000,0.173889,0.030000,3.447778
3475.000000,2.000000,0.173611,0.030000,3.447222
3476.000000,2.000000,0.173333,0.030000,3.446667
3477.000000,2.000000,0.173056,0.030000,3.446111
3478.000000,2.000000,0.172778,0.030000,3.445556
3479.000000,2.000000,0.172500,0.030000,3.445000
3480.000000,2.000000,0.172222,0.030000,3.444444
3481.000000,2.000000,0.171944,0.030000,3.443889
3482.000000,2.000000,0.171667,0.030000,3.443333
3483.000000,2.000000,0.171389,0.030000,3.442778
3484.000000,2.000000,0.171111,0.030000,3.442222
3485.000000,2.000000,0.170833,0.030000,3.441667
3486.000000,2.000000,0.170556,0.030000,3.441111
3487.000000,2.000000,0.170278,0.030000,3.440556
3488.000000,2.000000,0.170000,0.030000,3.440000
3489.000000,2.000000,0.169722,0.030000,3.439444
3490.000000,2.000000,0.169444,0.030000,3.438889
3491.000000,2.000000,0.169167,0.030000,3.438333
3492.000000,2.000000,0.168889,0.030000,3.437778
3493.000000,2.000000,0.168611,0.030000,3.437222
3494.000000,2.000000,0.168333,0.030000,3.436667
3495.000000,2.000000,0.168056,0.030000,3.436111
3496.000000,2.000000,0.167778,0.030000,3.435556
3497.000000,2.000000,0.167500,0.030000,3.435000
3498.000000,2.000000,0.167222,0.030000,3.434444
3499.000000,2.000000,0.166944,0.030000,3.433889
3500.000000,0.000000,0.166667,0.030000,3.453333
3501.000000,0.000000,0.166667,0.029016,3.454317
3502.000000,0.000000,0.166667,0.028065,3.455268
3503.000000,0.000000,0.166667,0.027145,3.456188
3504.000000,0.000000,0.166667,0.026255,3.457078
3505.000000,0.000000,0.166667,0.025394,3.457939
3506.000000,0.000000,0.166667,0.024562,3.458771
3507.000000,0.000000,0.166667,0.023757,3.459577
3508.000000,0.000000,0.166667,0.022978,3.460355
3509.000000,0.000000,0.166667,0.022225,3.461109
3510.000000,0.000000,0.166667,0.021496,3.461837
3511.000000,0.000000,0.166667,0.020791,3.462542
3512.000000,0.000000,0.166667,0.020110,3.463224
3513.000000,0.000000,0.166667,0.019450,3.463883
3514.000000,0.000000,0.166667,0.018813,3.464521
3515.000000,0.000000,0.166667,0.018196,3.465137
3516.000000,0.000000,0.166667,0.017599,3.465734
3517.000000,0.000000,0.166667,0.017022,3.466311
3518.000000,0.000000,0.166667,0.016464,3.466869
3519.000000,0.000000,0.166667,0.015925,3.467409
3520.000000,0.000000,0.166667,0.015403,3.467931
3521.000000,0.000000,0.166667,0.014898,3.468436
3522.000000,0.000000,0.166667,0.014409,3.468924
3523.000000,0.000000,0.166667,0.013937,3.469397
3524.000000,0.000000,0.166667,0.013480,3.469853
3525.000000,0.000000,0.166667,0.013038,3.470295
3526.000000,0.000000,0.166667,0.012611,3.470723
3527.000000,0.000000,0.166667,0.012197,3.471136
3528.000000,0.000000,0.166667,0.011797,3.471536
3529.000000,0.000000,0.166667,0.011410,3.471923
3530.000000,0.000000,0.166667,0.011036,3.472297
3531.000000,0.000000,0.166667,0.010675,3.472659
3532.000000,0.000000,0.166667,0.010325,3.473009
3533.000000,0.000000,0.166667,0.009986,3.473347
3534.000000,0.000000,0.166667,0.009659,3.473675
3535.000000,0.000000,0.166667,0.009342,3.473991
3536.000000,0.000000,0.166667,0.009036,3.474298
3537.000000,0.000000,0.166667,0.008740,3.474594
3538.000000,0.000000,0.166667,0.008453,3.474880
3539.000000,0.000000,0.166667,0.008176,3.475157
3540.000000,0.000000,0.166667,0.007908,3.475425
3541.000000,0.000000,0.166667,0.007649,3.475685
3542.000000,0.000000,0.166667,0.007398,3.475935
3543.000000,0.000000,0.166667,0.007155,3.476178
3544.000000,0.000000,0.166667,0.006921,3.476413
3545.000000,0.000000,0.166667,0.006694,3.476639
3546.000000,0.000000,0.166667,0.006474,3.476859
3547.000000,0.000000,0.166667,0.006262,3.477071
3548.000000,0.000000,0.166667,0.006057,3.477276
3549.000000,0.000000,0.166667,0.005858,3.477475
3550.000000,0.000000,0.166667,0.005666,3.477667
3551.000000,0.000000,0.166667,0.005481,3.477853
3552.000000,0.000000,0.166667,0.005301,3.478033
3553.000000,0.000000,0.166667,0.005127,3.478206
3554.000000,0.000000,0.166667,0.004959,3.478374
3555.000000,0.000000,0.166667,0.004796,3.478537
3556.000000,0.000000,0.166667,0.004639,3.478694
3557.000000,0.000000,0.166667,0.004487,3.478846
3558.000000,0.000000,0.166667,0.004340,3.478993
3559.000000,0.000000,0.166667,0.004198,3.479136
3560.000000,0.000000,0.166667,0.004060,3.479273
3561.000000,0.000000,0.166667,0.003927,3.479406
3562.000000,0.000000,0.166667,0.003798,3.479535
3563.000000,0.000000,0.166667,0.003674,3.479660
3564.000000,0.000000,0.166667,0.003553,3.479780
3565.000000,0.000000,0.166667,0.003437,3.479897
3566.000000,0.000000,0.166667,0.003324,3.480009
3567.000000,0.000000,0.166667,0.003215,3.480118
3568.000000,0.000000,0.166667,0.003110,3.480224
3569.000000,0.000000,0.166667,0.003008,3.480326
3570.000000,0.000000,0.166667,0.002909,3.480424
3571.000000,0.000000,0.166667,0.002814,3.480520
3572.000000,0.000000,0.166667,0.002722,3.480612
3573.000000,0.000000,0.166667,0.002632,3.480701
3574.000000,0.000000,0.166667,0.002546,3.480787
3575.000000,0.000000,0.166667,0.002463,3.480871
3576.000000,0.000000,0.166667,0.002382,3.480952
3577.000000,0.000000,0.166667,0.002304,3.481030
3578.000000,0.000000,0.166667,0.002228,3.481105
3579.000000,0.000000,0.166667,0.002155,3.481178
3580.000000,0.000000,0.166667,0.002085,3.481249
3581.000000,0.000000,0.166667,0.002016,3.481317
3582.000000,0.000000,0.166667,0.001950,3.481383
3583.000000,0.000000,0.166667,0.001886,3.481447
3584.000000,0.000000,0.166667,0.001824,3.481509
3585.000000,0.000000,0.166667,0.001764,3.481569
3586.000000,0.000000,0.166667,0.001707,3.481627
3587.000000,0.000000,0.166667,0.001651,3.481683
3588.000000,0.000000,0.166667,0.001597,3.481737
3589.000000,0.000000,0.166667,0.001544,3.481789
3590.000000,0.000000,0.166667,0.001494,3.481840
3591.000000,0.000000,0.166667,0.001445,3.481889
3592.000000,0.000000,0.166667,0.001397,3.481936
3593.000000,0.000000,0.166667,0.001351,3.481982
3594.000000,0.000000,0.166667,0.001307,3.482026
3595.000000,0.000000,0.166667,0.001264,3.482069
3596.000000,0.000000,0.166667,0.001223,3.482110
3597.000000,0.000000,0.166667,0.001183,3.482151
3598.000000,0.000000,0.166667,0.001144,3.482189
3599.000000,0.000000,0.166667,0.001106,3.482227
